text,merek,jenis_produk,kandungan,manfaat,topik,topik_label
bioaqua sheet mask hydrating essence face brightening moisturizing anti - aging wajah,bioaqua,"sheet mask, essence face",,"brightening moisturizing, hydrating, anti - aging wajah",2,Anti-Aging dan Sunscreen
elformula intensive peeling solution serum exfoliating wajah mencerahkan dark spot angkat sel kulit mati aha bha pha,elformula,intensive peeling solution serum,aha bha pha,exfoliating wajah mencerahkan dark spot angkat sel kulit mati,4,Brightening dan Perawatan Kulit Cerah
rorec hchana mask sheet,rorec hchana,mask sheet,,,0,Skincare Dasar dan Hidrasi
mask bubuk lea gloria size,lea gloria,mask bubuk,,size,3,Perawatan Kulit dan Pelembap
patch pimple jerawat sticker menghilangkan angkat speedy solution anti trouble,,patch pimple jerawat sticker,,menghilangkan angkat speedy solution anti trouble,3,Perawatan Kulit dan Pelembap
npure toner cica jerawat kulit berminyak travel size acid hydrating mencerahkan wajah kotoran,npure,toner,"acid, cica","hydrating mencerahkan wajah kotoran, jerawat kulit berminyak travel size",4,Brightening dan Perawatan Kulit Cerah
facetology non comedogenic sunscreen triple care spf 40 pa,facetology,sunscreen,,"non comedogenic, triple care spf 40 pa",2,Anti-Aging dan Sunscreen
camille,camille,,,,1,Perawatan Wajah dan Jerawat
bioaqua sheet mask wajah white anti - aging repair moisturizing facial,bioaqua,sheet mask,,wajah white anti - aging repair moisturizing facial,4,Brightening dan Perawatan Kulit Cerah
the originote cicamide facial cleanser face wash sabun cuci wajah mencerahkan melembabkan ceramide niacinamide,the originote,facial cleanser face wash sabun cuci wajah,"cicamide, ceramide niacinamide",mencerahkan melembabkan,1,Perawatan Wajah dan Jerawat
the originote hyalucera moisturizer gel pelembab wajah memperbaiki skin barrier primer menghidrasi kulit hyaluronic acid ceramide,the originote,moisturizer gel pelembab wajah,"hyalucera, hyaluronic acid ceramide",memperbaiki skin barrier primer menghidrasi kulit,2,Anti-Aging dan Sunscreen
glowsophy watermelon brightening moisturizer,glowsophy,moisturizer,watermelon,brightening,0,Skincare Dasar dan Hidrasi
sadoer mask pelembab menghidrasi mengecilkan pori,sadoer,"pelembab, mask",,menghidrasi mengecilkan pori,3,Perawatan Kulit dan Pelembap
the originote niaceramide sunscreen mist spf 50 pa spray melindungi wajah dari sinar matahari mencerahkan niacinamide ceramide,the originote,"sunscreen mist, spray","pa, niacinamide ceramide, niaceramide","melindungi wajah dari sinar matahari mencerahkan, spf 50",2,Anti-Aging dan Sunscreen
poupeepou mask scrub lulur badan,poupeepou,"scrub lulur badan, mask",,,4,Brightening dan Perawatan Kulit Cerah
the originote mugwort b3 clay stick mask wajah jerawat menenangkan membuat kencang halus niacinamide,the originote,clay stick mask wajah,"niacinamide, mugwort b3",jerawat menenangkan membuat kencang halus,2,Anti-Aging dan Sunscreen
glad2glow centella soothing moisturizer gel cica pelembab wajah oil control hydrating jerawat cream day night memperbaiki skin barrier primer menghidrasi kulit,glad2glow,"moisturizer gel, night, pelembab wajah, jerawat cream","cica, centella soothing","oil control hydrating, day, memperbaiki skin barrier primer menghidrasi kulit",3,Perawatan Kulit dan Pelembap
wardah uv shield aqua fresh essence active protection serum spf 50 pa sunscreen sun screen,wardah,"sunscreen sun screen, essence, serum",,"spf 50 pa, active protection, uv shield aqua fresh",1,Perawatan Wajah dan Jerawat
green mask stick meidian wajah stik tea cleansing,meidian,"wajah stik, green mask stick",tea,cleansing,3,Perawatan Kulit dan Pelembap
glad2glow blueberry moisturizer cream ceramide skin barrier repair pelembab wajah white facial day night malam,glad2glow,"pelembab wajah white, moisturizer cream","ceramide, blueberry","facial day night malam, skin barrier repair",1,Perawatan Wajah dan Jerawat
natur90 peel off mask goat milk charcoal naturgo jerawat wajah,"naturgo, natur90",peel off mask,"charcoal, goat milk",jerawat wajah,3,Perawatan Kulit dan Pelembap
scora salicylic acid low ph cleanser sabun cuci wajah oily jerawat prone skin,scora,cleanser sabun cuci wajah,salicylic acid,"oily jerawat prone skin, low ph",2,Anti-Aging dan Sunscreen
the originote bha charcoal clay mask wajah exfoliating angkat sel kulit mati menghilangkan minyak berlebih,the originote,clay mask wajah,bha charcoal,exfoliating angkat sel kulit mati menghilangkan minyak berlebih,4,Brightening dan Perawatan Kulit Cerah
the originote ceramella sunscreen spf50 pa serum untuk skin barrier protect melindungi dari sinar matahari ceramide vitamin c,the originote,"sunscreen, serum","ceramella, ceramide vitamin c","spf50 pa, untuk skin barrier protect melindungi dari sinar matahari",1,Perawatan Wajah dan Jerawat
skintific ceramide barrier moisturizer gel cream white wajah calming brightening dark spot pelembab facial day night niacinamide centella marine collagen hyaluronic acid,skintific,"pelembab facial, moisturizer gel cream white wajah","ceramide, niacinamide centella marine collagen hyaluronic acid","barrier, day night, calming brightening dark spot",3,Perawatan Kulit dan Pelembap
bioaqua sheet mask brightening moisturizing hydrating essence anti - aging wajah glowing,bioaqua,"essence, sheet mask",,"anti - aging wajah glowing, brightening moisturizing, hydrating",3,Perawatan Kulit dan Pelembap
little pop face mist camille,"camille, little pop",face mist,,,4,Brightening dan Perawatan Kulit Cerah
glad2glow pelembab wajah pomegranate niacinamide brightening moisturizer white cream serum pencerah blueberry ceramide skin barrier repair clay mask,glad2glow,"moisturizer white cream serum, pelembab wajah, clay mask","niacinamide, pomegranate, blueberry ceramide","brightening, pencerah, skin barrier repair",3,Perawatan Kulit dan Pelembap
whitelab brightening facial wash sabun cleanser wajah pencerah niacinamide hyaluronic collagen,whitelab,facial wash sabun cleanser wajah,niacinamide hyaluronic collagen,"brightening, pencerah",0,Skincare Dasar dan Hidrasi
jerawat patch penghilang kempes asam salisilat pengobatan menghilangkan wajah untuk perawatan kulit,,jerawat patch,asam salisilat,"pengobatan menghilangkan wajah untuk perawatan kulit, penghilang kempes",1,Perawatan Wajah dan Jerawat
scora niacinamide hydramoist gel pelembab wajah yang mencerahkan kulit memperbaiki skin barrier perfecting make up,scora,gel pelembab wajah,niacinamide,"hydramoist, yang mencerahkan kulit memperbaiki skin barrier perfecting make up",4,Brightening dan Perawatan Kulit Cerah
sadoer sheet mask,sadoer,sheet mask,,,3,Perawatan Kulit dan Pelembap
glad2glow clay mask wajah face cleansing stick salicylic acid anti pores jerawat penghilangkomedo centella facial wash mugwort menenangkan membuat kencang halus,glad2glow,"facial wash, clay mask wajah face cleansing stick","mugwort, salicylic acid, centella","anti pores jerawat penghilangkomedo, menenangkan membuat kencang halus",1,Perawatan Wajah dan Jerawat
facetology non comedogenic sunscreen triple care spf 40 pa,facetology,sunscreen,,"non comedogenic, triple care spf 40 pa",1,Perawatan Wajah dan Jerawat
the originote brightening moisturizer pelembab wajah untuk mencerahkan meratakan warna kulit niacinamide,the originote,moisturizer pelembab wajah,niacinamide,"brightening, untuk mencerahkan meratakan warna kulit",3,Perawatan Kulit dan Pelembap
azarine hydrasoothe sunscreen gel spf45 pa kulit berminyak jerawat,azarine,sunscreen gel,,"spf45 pa kulit berminyak jerawat, hydrasoothe",4,Brightening dan Perawatan Kulit Cerah
npure cica jerawat toner kulit berminyak mencerahkan acid beruntusan hydrating wajah hitam,npure,toner,"acid, cica","kulit berminyak mencerahkan, beruntusan hydrating wajah hitam, jerawat",3,Perawatan Kulit dan Pelembap
azarine hydrasoothe sunscreen gel spf spf50 pa spf45 hydramax sunmoist toneup mist,azarine,"sunmoist toneup mist, sunscreen gel",,"spf spf50 pa spf45 hydramax, hydrasoothe",2,Anti-Aging dan Sunscreen
bioaqua mask wajah face glowing rice milk oat red bean com protein soybean white firming delicate skin brightening moisturizing,bioaqua,mask wajah,rice milk oat red bean com protein soybean,"face glowing, white firming delicate skin brightening moisturizing",1,Perawatan Wajah dan Jerawat
implora shield sunscreen spf 40 pa sun screen tabir surya sunblock,implora,"sun screen tabir surya sunblock, sunscreen",,"shield, spf 40 pa",1,Perawatan Wajah dan Jerawat
viva milk cleanser susu face tonic penyegar toner air mawar,viva,"milk cleanser, toner, face tonic","susu, air mawar",penyegar,1,Perawatan Wajah dan Jerawat
azarine calm my jerawat sunscreen moisturizer spf35 pa gel untuk kulit berminyak sensitif,azarine,"sunscreen moisturizer, gel",,"untuk kulit berminyak sensitif, spf35 pa, calm my jerawat",4,Brightening dan Perawatan Kulit Cerah
jerawat pimple patch penghilang siang malam asam salisilat perawatan kulit skin repair,,jerawat pimple patch,asam salisilat,"siang malam, perawatan kulit skin repair, penghilang",4,Brightening dan Perawatan Kulit Cerah
bioaqua essence sheet mask,bioaqua,essence sheet mask,,,4,Brightening dan Perawatan Kulit Cerah
azarine hydrasoothe sunscreen gel spf spf45 pa spf50,azarine,sunscreen gel,,"spf spf45 pa spf50, hydrasoothe",4,Brightening dan Perawatan Kulit Cerah
jca20 spatula mask silikon facial kuas,jca20,"spatula mask, facial kuas",silikon,,1,Perawatan Wajah dan Jerawat
viva milk cleanser face tonic air mawar susu toner penyegar,viva,"milk cleanser face tonic, toner",air mawar susu,penyegar,0,Skincare Dasar dan Hidrasi
viva milk cleanser face tonic air mawar,viva,milk cleanser face tonic,air mawar,,0,Skincare Dasar dan Hidrasi
the originote cica soothing moisturizer menenangkan kulit kemerahan mengunci hidrasi centella asiatica,the originote,moisturizer,"cica, centella asiatica","soothing, menenangkan kulit kemerahan mengunci hidrasi",2,Anti-Aging dan Sunscreen
the originote hyalucera moisturizer gel hyaluron ceramide chlorelina pelembap wajah,the originote,"moisturizer gel, pelembap wajah","hyalucera, hyaluron ceramide chlorelina",,2,Anti-Aging dan Sunscreen
facetology non comedogenic sunscreen triple care spf 40 pa,facetology,sunscreen,,"non comedogenic, triple care spf 40 pa",3,Perawatan Kulit dan Pelembap
bioaqua sheet mask plant flowers eye facial brightening glowing moisturizing hydrating essence anti jerawat honey vitamin c pelembab kulit,bioaqua,"pelembab, essence, sheet mask","honey vitamin c, plant flowers","anti jerawat, eye facial brightening glowing moisturizing, hydrating, kulit",2,Anti-Aging dan Sunscreen
skintific niacinamide brightening moisturizer gel cream white wajah calming dark spot pelembab facial day night arbutin acid,skintific,"pelembab facial, moisturizer gel cream","niacinamide, arbutin acid","brightening, day night, white wajah calming dark spot",2,Anti-Aging dan Sunscreen
yessica tea tree strawberry anti pores jerawat clay stick mask,yessica,clay stick mask,tea tree strawberry,anti pores jerawat,1,Perawatan Wajah dan Jerawat
azarine calm my jerawat sunscreen moisturizer spf35 pa gel untuk kulit berminyak sensitif,azarine,"sunscreen moisturizer, gel",,"untuk kulit berminyak sensitif, spf35 pa, calm my jerawat",4,Brightening dan Perawatan Kulit Cerah
rorec hchana mask sheet,rorec hchana,mask sheet,,,2,Anti-Aging dan Sunscreen
meidian green tea stick mask cleanser pori komedo penghilang,meidian,stick mask cleanser,green tea,pori komedo penghilang,0,Skincare Dasar dan Hidrasi
somethinc calm down skinpair cream moisturizer centella asiatica skin barrier kulit sensitif iritasi,somethinc,cream moisturizer,centella asiatica,"calm down skinpair, skin barrier kulit sensitif iritasi",4,Brightening dan Perawatan Kulit Cerah
jerawat patch stiker hydrocolloid pimple,,"pimple, jerawat patch stiker",hydrocolloid,,3,Perawatan Kulit dan Pelembap
bioaqua moisturizer cream white wajah penghilang flek hitam fade dark spot mencerahkan day night pelembab kering kusam moisturizing brightening,bioaqua,"pelembab, cream white wajah, moisturizer",,"kering kusam moisturizing brightening, penghilang flek hitam fade dark spot mencerahkan day night",1,Perawatan Wajah dan Jerawat
skin aqua uv white milk spf 50 pa putih,skin aqua,white milk,,"uv, spf 50 pa putih",2,Anti-Aging dan Sunscreen
jerawat pimple patch stiker perawatan kulit penghilang acnes,,jerawat pimple patch stiker,,perawatan kulit penghilang acnes,1,Perawatan Wajah dan Jerawat
poupeepou mask komedo gelatin,poupeepou,mask komedo,gelatin,,1,Perawatan Wajah dan Jerawat
fleuri mask wajah lea gloria,"lea gloria, fleuri",mask wajah,,,0,Skincare Dasar dan Hidrasi
gmeelan orange exfoliating gel peeling face gluta white cream day,gmeelan orange,"exfoliating gel peeling face, cream",gluta,"day, white",0,Skincare Dasar dan Hidrasi
meidian green tea mask cleansing clay stick wajah cleanser komedo,meidian,"clay stick wajah cleanser, mask",green tea,"cleansing, komedo",1,Perawatan Wajah dan Jerawat
the originote retinol b3 serum anti - aging menyamarkan garis halus meratakan warna kulit merawat jerawat vitamin niacinamide,the originote,serum,"niacinamide, retinol b3, vitamin",anti - aging menyamarkan garis halus meratakan warna kulit merawat jerawat,3,Perawatan Kulit dan Pelembap
bioaqua sheet mask hydrating essence brightening face,bioaqua,"essence, sheet mask",,"hydrating, brightening face",1,Perawatan Wajah dan Jerawat
youbuy white and freckle removing cream serum brighten skin essence,youbuy,"cream serum, essence",,"white and freckle removing, brighten skin",1,Perawatan Wajah dan Jerawat
cream white putih,,cream,,white putih,4,Brightening dan Perawatan Kulit Cerah
some mi mask,some mi,mask,,,4,Brightening dan Perawatan Kulit Cerah
scora niacinamide hydramoist gel pelembab wajah yang mencerahkan kulit memperbaiki skin barrier perfecting make up,scora,gel pelembab wajah,niacinamide,"hydramoist, yang mencerahkan kulit memperbaiki skin barrier perfecting make up",1,Perawatan Wajah dan Jerawat
elformula intensive peeling solution,elformula,solution,,intensive peeling,1,Perawatan Wajah dan Jerawat
elformula intensive cerahydro barrier repair moisturizer gel pelembab wajah untuk melembabkan kulit mencerahkan hyaluronic acid extract ceramide,elformula,moisturizer gel pelembab wajah,"hyaluronic acid, extract ceramide","untuk melembabkan kulit mencerahkan, intensive cerahydro barrier repair",0,Skincare Dasar dan Hidrasi
skin1004 centella ampoule,skin1004,ampoule,centella,,2,Anti-Aging dan Sunscreen
the originote ceratinol moisturizer retinol cream gel serum pelembab wajah menyamarkan garis halus mengencangkan ceramide,the originote,"cream gel serum pelembab wajah, moisturizer","ceramide, retinol, ceratinol",menyamarkan garis halus mengencangkan,2,Anti-Aging dan Sunscreen
whitelab intense brightening serum niacinamide pencerah wajah intensif oxy229 hyaluronic,whitelab,serum,"niacinamide, oxy229 hyaluronic","pencerah wajah intensif, intense brightening",2,Anti-Aging dan Sunscreen
azarine aqua essence sun shield serum spf 50 pa hydrasoothe sunscreen gel spf45 bodyguard body saver moisturizer,azarine,"essence sun shield serum, moisturizer, sunscreen gel",aqua,"spf45 bodyguard, body saver, spf 50 pa hydrasoothe",4,Brightening dan Perawatan Kulit Cerah
wardah uv shield jerawat calming sunscreen moisturizer spf 35 pa,wardah,sunscreen moisturizer,,"spf 35 pa, uv shield jerawat calming",3,Perawatan Kulit dan Pelembap
the originote ceraluronic essence toner melembabkan wajah menjaga skin barrier ceramide hyaluronic acid,the originote,essence toner,"ceramide hyaluronic acid, ceraluronic",melembabkan wajah menjaga skin barrier,1,Perawatan Wajah dan Jerawat
madame gie protect sunscreen spf 30 pa calendula sunblock,madame gie,"sunblock, sunscreen",calendula,"protect, spf 30 pa",0,Skincare Dasar dan Hidrasi
bioaqua ceramide skin barrier repair moisturizer cream pelembab wajah white day night gel siang malam mousturizer moizturizer,bioaqua,"mousturizer moizturizer, moisturizer cream pelembab wajah, gel",ceramide,"siang malam, skin barrier repair, white day night",4,Brightening dan Perawatan Kulit Cerah
sunny day cream sunscreen camille,camille,cream sunscreen,,sunny day,4,Brightening dan Perawatan Kulit Cerah
the originote gluta bright serum brightening untuk mencerahkan meratakan warna kulit wajah niacinamide,the originote,"bright, serum","niacinamide, gluta",brightening untuk mencerahkan meratakan warna kulit wajah,0,Skincare Dasar dan Hidrasi
sabun papaya,papaya,sabun,,,0,Skincare Dasar dan Hidrasi
you hy amino anti jerawat facial wash kulit berminyak,you hy,facial wash,amino,"anti jerawat, kulit berminyak",3,Perawatan Kulit dan Pelembap
the originote day night hyalu serum retinol,the originote,serum,"retinol, hyalu","day, night",1,Perawatan Wajah dan Jerawat
viva glowing white serum anti - aging peeling jerawat,viva,serum,,"glowing white, anti - aging peeling jerawat",1,Perawatan Wajah dan Jerawat
skinever peeling gel niacinamide white pengelupasan pembersihan mendalam mencerahkan wajah,skinever,peeling gel,niacinamide,white pengelupasan pembersihan mendalam mencerahkan wajah,1,Perawatan Wajah dan Jerawat
ms glow night cream,ms glow,cream,,night,3,Perawatan Kulit dan Pelembap
skin aqua uv white milk spf 50 pa putih,skin aqua,white milk,,"uv, spf 50 pa putih",4,Brightening dan Perawatan Kulit Cerah
wardah uv shield essential sunscreen gel spf 35 pa tekstur ringan tidak lengket melembabkan semua jenis kulit mencegah penuaan dini,wardah,sunscreen gel,,"uv shield essential, spf 35 pa, tekstur ringan tidak lengket melembabkan semua jenis kulit mencegah penuaan dini",1,Perawatan Wajah dan Jerawat
azarine cicamide barrier calm my jerawat sunscreen moisturizer,azarine,sunscreen moisturizer,cicamide,barrier calm my jerawat,0,Skincare Dasar dan Hidrasi
azarine cicamide barrier sunscreen moisturizer spf35 pa gel untuk skin protection kulit kering jerawat sensitif,azarine,"sunscreen moisturizer, gel",cicamide,"untuk skin protection kulit kering jerawat sensitif, spf35 pa, barrier",0,Skincare Dasar dan Hidrasi
alivee jerawat pimple patch stiker komedo untuk perawatan,alivee,pimple patch stiker,,"jerawat, komedo untuk perawatan",0,Skincare Dasar dan Hidrasi
ms glow facial wash,ms glow,facial wash,,,0,Skincare Dasar dan Hidrasi
stiker jerawat hydrocolloid pimple patch,,"stiker jerawat, pimple patch",hydrocolloid,,3,Perawatan Kulit dan Pelembap
ariul mask sheet,ariul,mask sheet,,,0,Skincare Dasar dan Hidrasi
night cream ms glow malam jerawat ultimate white,ms glow,cream,,"jerawat ultimate white, night, malam",3,Perawatan Kulit dan Pelembap
jerawat patch penghilang kempes stiker,,"stiker, jerawat patch",,penghilang kempes,3,Perawatan Kulit dan Pelembap
ms glow night cream white ultimate jerawat serum facial wash sabun men poreaway siang fight toner glowing darkspot acnespot,ms glow,"night cream, toner, sabun men, serum facial wash",,"white ultimate jerawat, poreaway siang fight, glowing darkspot acnespot",3,Perawatan Kulit dan Pelembap
the originote cica b5 soothing essence toner wajah menenangkan kulit kemerahan menyegarkan centella asiatica,the originote,essence toner wajah,"cica b5, centella asiatica","menenangkan kulit kemerahan menyegarkan, soothing",3,Perawatan Kulit dan Pelembap
cordycep cream cordy,"cordycep, cordy",cream,,,1,Perawatan Wajah dan Jerawat
hanasui white serum,hanasui,serum,,white,4,Brightening dan Perawatan Kulit Cerah
you acneplus spot care obat totol jerawat centella,you,acneplus spot care obat totol jerawat,centella,,0,Skincare Dasar dan Hidrasi
cetaphil gentle skin cleanser niacinamide glycerin panthenol sabun wajah untuk segala jenis kulit,cetaphil gentle skin,"cleanser, sabun wajah",niacinamide glycerin panthenol,untuk segala jenis kulit,0,Skincare Dasar dan Hidrasi
salep glowing zayora untuk kulit susah putih,zayora,salep,,"glowing, untuk kulit susah putih",0,Skincare Dasar dan Hidrasi
skintific clay mask stick mugwort jerawat alaska volcano exfoliating pore detox komedo sleeping gel,skintific,"clay mask stick, alaska volcano, sleeping gel",mugwort,"jerawat, exfoliating pore detox komedo",3,Perawatan Kulit dan Pelembap
green tea mask stik cleansing wajah cleanser komedo,,"mask stik, wajah cleanser",green tea,"cleansing, komedo",4,Brightening dan Perawatan Kulit Cerah
bioaqua sheet mask flowers,bioaqua,sheet mask,flowers,,3,Perawatan Kulit dan Pelembap
salep flek,,salep flek,,,3,Perawatan Kulit dan Pelembap
skintific panthenol gel cleanser facial wash acnes face sabun cuci wajah acner glowing barrier anti - aging exfoliating brightening white blackhead removal calming peeling dark spot cleansing amino acid ceramide,skintific,gel cleanser facial wash acnes face sabun cuci wajah,"panthenol, amino acid ceramide",acner glowing barrier anti - aging exfoliating brightening white blackhead removal calming peeling dark spot cleansing,3,Perawatan Kulit dan Pelembap
choice cleora exfoliating gel aha bha pha untuk wanita pria niacinamide angkat sel kulit mati smooth brightening peeling face scrub pencerah,choice cleora,"peeling face, exfoliating gel","niacinamide, aha bha pha","untuk wanita pria, angkat sel kulit mati smooth brightening, scrub pencerah",3,Perawatan Kulit dan Pelembap
bioaqua sheet mask flowers,bioaqua,sheet mask,flowers,,0,Skincare Dasar dan Hidrasi
glycore cream menyamarkan kulit gelap flek hitam,glycore,cream,,menyamarkan kulit gelap flek hitam,1,Perawatan Wajah dan Jerawat
bioaqua sheet mask plant flowers eye facial brightening glowing moisturizing hydrating essence anti jerawat honey vitamin c pelembab kulit,bioaqua,"essence, sheet mask","honey vitamin c, plant flowers","anti jerawat, eye facial brightening glowing moisturizing, hydrating, pelembab kulit",2,Anti-Aging dan Sunscreen
poupeepou mask wajah,poupeepou,mask wajah,,,3,Perawatan Kulit dan Pelembap
alivee jerawat patch sticker penutuh pelindung,alivee,"sticker, jerawat patch",,penutuh pelindung,4,Brightening dan Perawatan Kulit Cerah
whitelab brightening toner pencerah wajah anti kusam niacinamide hyaluronic collagen,whitelab,toner,niacinamide hyaluronic collagen,"pencerah wajah anti kusam, brightening",3,Perawatan Kulit dan Pelembap
acnaway jerawat cream spot treatment obat totol anti penghilang bekas sulfur salicylic acid totarol,acnaway,"obat totol, jerawat cream spot",sulfur salicylic acid totarol,"treatment, anti penghilang bekas",0,Skincare Dasar dan Hidrasi
acnaway mugwort water gel moisturizer centella panthenol only jerawat skin,acnaway,water gel moisturizer,"mugwort, centella panthenol",only jerawat skin,4,Brightening dan Perawatan Kulit Cerah
skintific ceramide skin barrier moisturize gel moisturizer cream white wajah day night pelembab,skintific,"pelembab, moisturize gel moisturizer cream",ceramide,"skin barrier, white wajah day night",1,Perawatan Wajah dan Jerawat
implora serum wajah hydrating jerawat brightening peeling midnight,implora,serum wajah,,hydrating jerawat brightening peeling midnight,3,Perawatan Kulit dan Pelembap
innisfree sheet mask,innisfree,sheet mask,,,3,Perawatan Kulit dan Pelembap
ms glow day cream,ms glow,cream,,day,0,Skincare Dasar dan Hidrasi
the originote dark spot serum,the originote,serum,,dark spot,3,Perawatan Kulit dan Pelembap
skintific lactic acid skin renewal exfoliating serum peeling wajah mencerahkan dark spot tumpas komedo anti - aging anti acnedan angkat sel kulit mati aha succinic grapefruit,skintific,exfoliating serum peeling wajah,"grapefruit, aha succinic, lactic acid","mencerahkan dark spot tumpas komedo anti - aging anti acnedan angkat sel kulit mati, skin renewal",4,Brightening dan Perawatan Kulit Cerah
jerawat patch penghilang acnes spot care plester stiker,,"stiker, plester, jerawat patch",,penghilang acnes spot care,1,Perawatan Wajah dan Jerawat
skintific mugwort clay stick cleansing mask anti pores jerawat facial wajah wash green alaska volcano,skintific,"clay stick cleansing mask, facial wajah wash, green alaska volcano",mugwort,anti pores jerawat,3,Perawatan Kulit dan Pelembap
yessica clay stick mask tea tree strawberry kulit berminyak jerawat membersihkan pori melembutkan menghaluskan tekstur mencegah mengatasi praktis mudah aplikasikan mengurangi sebum diwajah,yessica,clay stick mask,tea tree strawberry,"kulit berminyak jerawat membersihkan pori melembutkan menghaluskan tekstur mencegah mengatasi, praktis mudah aplikasikan mengurangi sebum diwajah",3,Perawatan Kulit dan Pelembap
gelatin komedo mask,,komedo mask,gelatin,,0,Skincare Dasar dan Hidrasi
salep bl cream obat jerawat gatal eksim jamur,bl,"cream obat jerawat, salep",,gatal eksim jamur,2,Anti-Aging dan Sunscreen
sadoer sheet mask perawatan wajah,sadoer,sheet mask,,perawatan wajah,1,Perawatan Wajah dan Jerawat
facetology triple care sunscreen spf 40 pa gel cleanser,facetology,"sunscreen, gel cleanser",,"spf 40 pa, triple care",0,Skincare Dasar dan Hidrasi
mask wajah green stick greentea penghilang komedo,,"stick, mask wajah","greentea, green",penghilang komedo,4,Brightening dan Perawatan Kulit Cerah
aqua uv moisturizer milk spf 50 tone up essence gel 30 25 white spf50,aqua,"tone up essence gel, moisturizer",milk,"25 white spf50, uv, 30, spf 50",1,Perawatan Wajah dan Jerawat
glad2glow mugwort salicylic acid jerawat clay stick mask stik cleanser komedo penghilang bekas,glad2glow,jerawat clay stick mask stik cleanser,mugwort salicylic acid,"penghilang bekas, komedo",2,Anti-Aging dan Sunscreen
jerawat pimple patch sticker salicylic acid penghilang kempes asam salisilat pengobatan menghilangkan wajah untuk perawatan kulit,,jerawat pimple patch sticker,"salicylic acid, asam salisilat","pengobatan menghilangkan wajah untuk perawatan kulit, penghilang kempes",4,Brightening dan Perawatan Kulit Cerah
bioaqua niacinamide brightening jerawat serum hydrating essence wajah menyamarkan flek hitam,bioaqua,"essence, jerawat serum",niacinamide,"brightening, hydrating, wajah menyamarkan flek hitam",1,Perawatan Wajah dan Jerawat
scora niacinamide hydramoist gel pelembab wajah yang mencerahkan kulit memperbaiki skin barrier perfecting make up,scora,gel pelembab wajah,niacinamide,"hydramoist, yang mencerahkan kulit memperbaiki skin barrier perfecting make up",0,Skincare Dasar dan Hidrasi
the originote jerawat serum anti inflamasi untuk merawat mencegah pertumbuhan salicylic acid,the originote,serum,salicylic acid,"jerawat, anti inflamasi untuk merawat mencegah pertumbuhan",0,Skincare Dasar dan Hidrasi
gmeelan orange exfoliating white gel meng angkat sel kulit mati,gmeelan orange,exfoliating white gel,,meng angkat sel kulit mati,1,Perawatan Wajah dan Jerawat
bioaqua sheet mask sachet tissue wajah,bioaqua,sheet mask sachet tissue wajah,,,0,Skincare Dasar dan Hidrasi
skin1004 madagascar centella tea trica spot patch,skin1004,spot patch,madagascar centella tea trica,,4,Brightening dan Perawatan Kulit Cerah
stickers jerawat patch,,"patch, stickers",,jerawat,3,Perawatan Kulit dan Pelembap
skintific ceramide serum sunscreen spf50 pa sun repair invisible sunblock glowing barrier anti - aging brightening white mencerahkan wajah,skintific,"serum sunscreen, sunblock",ceramide,"glowing barrier anti - aging brightening white mencerahkan wajah, spf50 pa sun repair invisible",4,Brightening dan Perawatan Kulit Cerah
pigeon teens series facial foam sabun cuci wajah moisturizer sleeping mask serum sunscreen,pigeon teens series,"facial foam sabun cuci wajah moisturizer, sleeping mask serum sunscreen",,,0,Skincare Dasar dan Hidrasi
elsheskin radiant advance serum brightening anti kusam mencerahkan maksimal pudarkan noda hitam bekas jerawat tranexamic acid niacinamide symwhite kojic alpha arbutin,,elsheskin radiant advance serum,"tranexamic acid, kojic alpha arbutin, niacinamide symwhite",brightening anti kusam mencerahkan maksimal pudarkan noda hitam bekas jerawat,0,Skincare Dasar dan Hidrasi
skin aqua sunscreen moisturizer milk gel white mild tone up uv,skin aqua,"tone up, gel, moisturizer, sunscreen",milk,"white mild, uv",2,Anti-Aging dan Sunscreen
glowsophy cica panthenol soothing moisturizer,glowsophy,moisturizer,cica panthenol,soothing,3,Perawatan Kulit dan Pelembap
scora panthenol low ph cleanser sabun cuci wajah sensitive skin,scora,cleanser sabun cuci wajah,panthenol,"low ph, sensitive skin",3,Perawatan Kulit dan Pelembap
wardah uv shield airy smooth sunscreen serum spf 50 pa ringan,wardah,sunscreen serum,,"uv shield airy smooth, spf 50 pa, ringan",4,Brightening dan Perawatan Kulit Cerah
azarine hydrasoothe sunscreen gel spf 45 pa,azarine,sunscreen gel,,"hydrasoothe, spf 45 pa",2,Anti-Aging dan Sunscreen
the originote mugwort b3 clay stick mask wajah membantu exfoliating menghilangkan minyak berlebih jerawat niacinamide,the originote,clay stick mask wajah,"niacinamide, mugwort b3",membantu exfoliating menghilangkan minyak berlebih jerawat,3,Perawatan Kulit dan Pelembap
bioaqua sheet mask brightening moisturizing hydrating essence anti - aging wajah,bioaqua,"essence, sheet mask",,"brightening moisturizing, hydrating, anti - aging wajah",2,Anti-Aging dan Sunscreen
you triple uv sunscreen spf50 pa tabir surya oil control untuk kulit berminyak uva uvb blue light oily skin selling,you,"tabir surya, sunscreen",,"triple uv, spf50 pa, oil control untuk kulit berminyak uva uvb blue light oily skin selling",0,Skincare Dasar dan Hidrasi
ghaniyyah cream erna,"ghaniyyah, erna",cream,,,4,Brightening dan Perawatan Kulit Cerah
viva face serum peeling glowing white anti - aging,viva,face serum,,peeling glowing white anti - aging,4,Brightening dan Perawatan Kulit Cerah
jerawat pimple patch stiker penghilang,,jerawat pimple patch stiker,,penghilang,1,Perawatan Wajah dan Jerawat
skintific acid anti jerawat gel moisturizer melembabkan menghilangkan bekas kulit beruntusan exfoliating perawatan wajah calming pelembab white facial day cream night,skintific,"gel moisturizer, pelembab",acid,"white facial day cream night, melembabkan menghilangkan bekas kulit beruntusan exfoliating perawatan wajah calming, anti jerawat",1,Perawatan Wajah dan Jerawat
skintific ceramide low ph cleanser facial wash face sabun cuci wajah acner glowing barrier anti - aging exfoliating brightening white blackhead removal calming peeling dark spot amino acid hyaluronic,skintific,cleanser facial wash face sabun cuci wajah,"ceramide, amino acid hyaluronic","acner glowing barrier anti - aging exfoliating brightening white blackhead removal calming peeling dark spot, low ph",3,Perawatan Kulit dan Pelembap
viva white cream,viva,cream,,white,1,Perawatan Wajah dan Jerawat
bioaqua sheet mask,bioaqua,sheet mask,,,1,Perawatan Wajah dan Jerawat
dorskin matcha glow sleeping mask jerawat brightening pelembap cream pagi malam gel,dorskin,"gel, pelembap cream, sleeping mask",matcha,"jerawat brightening, pagi malam, glow",3,Perawatan Kulit dan Pelembap
seca skin renewal exfoliating peeling gel,seca,exfoliating peeling gel,,skin renewal,1,Perawatan Wajah dan Jerawat
bioaqua sheet mask brightening moisturizing hydrating essence anti - aging,bioaqua,"essence, sheet mask",,"brightening moisturizing, hydrating, anti - aging",3,Perawatan Kulit dan Pelembap
white serum pencerah wajah,,serum,,"pencerah wajah, white",4,Brightening dan Perawatan Kulit Cerah
somethinc biospicule renewal serum,somethinc,biospicule renewal serum,,,4,Brightening dan Perawatan Kulit Cerah
wardah bright creamy foam smooth glow oil control,wardah,bright creamy foam,,smooth glow oil control,2,Anti-Aging dan Sunscreen
hchana natural skin mask sheet rorec,"rorec, hchana",mask sheet,,natural skin,0,Skincare Dasar dan Hidrasi
bioaqua sheet mask,bioaqua,sheet mask,,,3,Perawatan Kulit dan Pelembap
natur90 peel off mask goat milk charcoal naturgo jerawat wajah,"naturgo, natur90",peel off mask,"charcoal, goat milk",jerawat wajah,0,Skincare Dasar dan Hidrasi
bioaqua scrub wajah peeling gel niacinamide brightening smooth facial exfoliating face,bioaqua,scrub wajah peeling gel,niacinamide,brightening smooth facial exfoliating face,3,Perawatan Kulit dan Pelembap
the originote jelly booster serum moisturizer mencerahkan meratakan warna kulit glutathione,the originote,jelly booster serum moisturizer,glutathione,mencerahkan meratakan warna kulit,1,Perawatan Wajah dan Jerawat
implora face serum hydrating jerawat brightening peeling midnight white milkyampoule sunscreen sun shield tabir surya spf,implora,"face serum, tabir surya, sunscreen",milkyampoule,"spf, hydrating jerawat brightening peeling midnight white, sun shield",4,Brightening dan Perawatan Kulit Cerah
grace and glow brightening sun lotion body serum spf 30 pa sunscreen sunblock badan anti uv arbutin bearberry,grace and glow,"sun lotion body serum, sunscreen sunblock",arbutin bearberry,"brightening, badan anti uv, spf 30 pa",0,Skincare Dasar dan Hidrasi
focallure spot patch jerawat treatment day night,focallure,spot patch jerawat,,treatment day night,2,Anti-Aging dan Sunscreen
jerawat patch penghilang acnes spot menghilangkan angkat speedy solution anti trouble,,jerawat patch,,"penghilang acnes spot, menghilangkan angkat speedy solution anti trouble",0,Skincare Dasar dan Hidrasi
jerawat patch transparan plester pagi malam ultra thin spot,,"ultra thin spot, jerawat patch transparan plester",,pagi malam,2,Anti-Aging dan Sunscreen
finally found you soy bright moisturizer primer makeup gel pelembab cream siang malam,finally found you soy,moisturizer primer makeup gel pelembab cream,,"bright, siang malam",2,Anti-Aging dan Sunscreen
azarine hydrasoothe sunscreen gel spf45 pa sun screen tabir surya cream hydramax suncreen serum spf tone,azarine,"tone, sun screen tabir surya cream, sunscreen gel, suncreen serum",,"hydramax, spf, hydrasoothe, spf45 pa",2,Anti-Aging dan Sunscreen
implora serum wajah,implora,serum wajah,,,2,Anti-Aging dan Sunscreen
exfoliating pad npure jerawat clear cica acid extract glycolic pha wajah bruntusan,npure,exfoliating pad,"acid extract glycolic pha, cica","wajah bruntusan, jerawat clear",4,Brightening dan Perawatan Kulit Cerah
everpure sul jerawat spot drying lotion obat totol mengeringkan sulfur bha,everpure sul,lotion obat totol,sulfur bha,"jerawat spot drying, mengeringkan",2,Anti-Aging dan Sunscreen
you daily defense sunscreen serum spf30 tabir surya uva uvb blue light lightweight dry skin,you,"sunscreen serum, tabir surya",,"dry skin, uva uvb blue light lightweight, daily defense, spf30",2,Anti-Aging dan Sunscreen
azarine cicamide barrier sunscreen moisturizer spf35 pa,azarine,sunscreen moisturizer,cicamide,"spf35 pa, barrier",3,Perawatan Kulit dan Pelembap
bioaqua sheet mask fruits veggies buah sayur facial brightening moisturizing anti - aging wajah glowing glow,bioaqua,sheet mask,"fruits veggies, buah sayur","anti - aging wajah glowing glow, facial brightening moisturizing",0,Skincare Dasar dan Hidrasi
keymask,keymask,,,,3,Perawatan Kulit dan Pelembap
jerawat patch hydrocolloids pimple repair skin penyerap serap minyak wajah oil control,,"penyerap, jerawat patch",hydrocolloids,"serap minyak wajah oil control, pimple repair skin",1,Perawatan Wajah dan Jerawat
collagen day night,,,collagen,day night,1,Perawatan Wajah dan Jerawat
louisse choice ginseng herbal mask moisturizing nourishing anti - aging anti wrinkle seed oil centella,louisse choice,herbal mask,"seed oil centella, ginseng",moisturizing nourishing anti - aging anti wrinkle,2,Anti-Aging dan Sunscreen
eiem beauty moisturizer,eiem beauty,moisturizer,,,3,Perawatan Kulit dan Pelembap
2 garnier men acno fight anti jerawat scrub foam,2 garnier men,"scrub, foam",,acno fight anti jerawat,2,Anti-Aging dan Sunscreen
skin1004 madagascar centella tone brightening capsule ampoule,skin1004,capsule ampoule,madagascar centella,tone brightening,0,Skincare Dasar dan Hidrasi
the originote cleanser cicamide facial hyalurose micellar water,the originote,"micellar water, cleanser","cicamide, hyalurose",facial,4,Brightening dan Perawatan Kulit Cerah
green mask stick stik tea penghilang komedo,green,mask stick stik,tea,penghilang komedo,2,Anti-Aging dan Sunscreen
somethinc sunscreen spf 40 pa,somethinc,sunscreen,,spf 40 pa,1,Perawatan Wajah dan Jerawat
serum vitamin e,,serum,vitamin e,,3,Perawatan Kulit dan Pelembap
toner avoskin miraculous refining aha bha pha exfoliating kulit,avoskin miraculous,toner,aha bha pha,"refining, exfoliating kulit",4,Brightening dan Perawatan Kulit Cerah
100 glad2glow pomegranate niacinamide brightening moisturizer mencerahkan pelembab wajah white glowing cream day night malam pencerah,100 glad2glow,"pelembab wajah, cream, moisturizer","niacinamide, pomegranate","brightening, white glowing, day night malam pencerah, mencerahkan",1,Perawatan Wajah dan Jerawat
skin aqua uv white milk spf50 pa,skin aqua,,milk,"spf50 pa, uv white",4,Brightening dan Perawatan Kulit Cerah
skin1004 centella ampoule,skin1004,ampoule,centella,,3,Perawatan Kulit dan Pelembap
skintific aqua light daily sunscreen spf 35 pa sunblock sun glowing barrier anti - aging brightening white mencerahkan wajah melindungi kulit dari sinar uva uvb,skintific,"sun, sunblock, sunscreen",aqua,"spf 35 pa, glowing barrier anti - aging brightening white mencerahkan wajah melindungi kulit dari sinar uva uvb, light daily",0,Skincare Dasar dan Hidrasi
fair lovely glow cream,fair lovely,cream,,glow,0,Skincare Dasar dan Hidrasi
wardah uv shield sunscreen gel spf 35,wardah,sunscreen gel,,"uv shield, spf 35",1,Perawatan Wajah dan Jerawat
garnier bright complete vitamin c booster serum cepat cerahkan noda hitam samarkan bekas jerawat,garnier,booster serum,vitamin c,"cepat cerahkan noda hitam samarkan bekas jerawat, bright complete",4,Brightening dan Perawatan Kulit Cerah
somethinc niacinamide moisturizer serum kulit mencerahkan maksimal pemula,somethinc,"moisturizer, serum",niacinamide,kulit mencerahkan maksimal pemula,1,Perawatan Wajah dan Jerawat
forebie fight jerawat moisturizer serum,forebie,moisturizer serum,,fight jerawat,3,Perawatan Kulit dan Pelembap
toner badan kelupas melati,,toner badan,melati,kelupas,2,Anti-Aging dan Sunscreen
viva air mawar face tonic milk cleanser toner penyegar susu,viva,"face tonic, cleanser toner","milk, susu, air mawar",penyegar,1,Perawatan Wajah dan Jerawat
skin1004 madagascar centella hyalu cica serum spf50 pa,skin1004,serum,madagascar centella hyalu cica,spf50 pa,1,Perawatan Wajah dan Jerawat
skintific niacinamide brightening moisturizer glowing gel alpha arbutin cream white wajah,skintific,"cream, gel, moisturizer","niacinamide, alpha arbutin","brightening, glowing, white wajah",0,Skincare Dasar dan Hidrasi
sunblock wajah badan spf 50 pa sunscreen,,"sunblock wajah badan, sunscreen",,spf 50 pa,4,Brightening dan Perawatan Kulit Cerah
skintific ceramide barrier moisturizer gel cream white wajah calming brightening dark spot pelembab facial day night niacinamide centella marine collagen,skintific,"pelembab facial, moisturizer gel cream white wajah","ceramide, niacinamide centella marine collagen","barrier, day night, calming brightening dark spot",3,Perawatan Kulit dan Pelembap
nature aloe vera 92 soothing gel,nature,gel,aloe vera,92 soothing,1,Perawatan Wajah dan Jerawat
beauty charge facial cleancer,beauty charge,facial cleancer,,,3,Perawatan Kulit dan Pelembap
npure sunscreen cica the sun matte spf 50 pa jerawat hypoallergenic acid beruntusan hydrating mencerahkan wajah,npure,sunscreen,"acid, cica","the sun matte spf 50 pa jerawat hypoallergenic, beruntusan hydrating mencerahkan wajah",2,Anti-Aging dan Sunscreen
oily skin scarlett white ultra light daily sunscreen spf 50 pa water based meresap 20an detik ringan ceramide hyaluronic acid no whitecast,scarlett,sunscreen,ceramide hyaluronic acid,"oily skin, spf 50 pa water based meresap 20an detik ringan, white ultra light daily, no whitecast",0,Skincare Dasar dan Hidrasi
glad2glow mugwort clay mask wajah face cleansing green salicylic acid anti pores jerawat komedo centella facial wash off,glad2glow,"clay mask wajah face cleansing green, facial wash off","mugwort, salicylic acid, centella",anti pores jerawat komedo,1,Perawatan Wajah dan Jerawat
skin aqua uv white milk spf 50,skin aqua,,milk,"uv white, spf 50",1,Perawatan Wajah dan Jerawat
eileen moisturize rose jelly mask,eileen,"jelly mask, moisturize",rose,,3,Perawatan Kulit dan Pelembap
toner pelicin ekstrak lemon strong wangi,,toner pelicin,ekstrak lemon,strong wangi,2,Anti-Aging dan Sunscreen
somethinc low ph gentle jelly cleanser sabun cuci wajah semua jenis kulit,somethinc,gentle jelly cleanser sabun cuci wajah,,"low ph, semua jenis kulit",3,Perawatan Kulit dan Pelembap
mask wajah puqianna ekstrak buah tumbuhan kualitas face,puqianna,mask wajah,ekstrak buah tumbuhan,kualitas face,1,Perawatan Wajah dan Jerawat
azarine barrier moisturizer pelembab wajah cream gel mencerahkan kulit kusam jerawat sensitif,azarine,"moisturizer, pelembab wajah cream gel",,"barrier, mencerahkan kulit kusam jerawat sensitif",4,Brightening dan Perawatan Kulit Cerah
hchana rorec sheet mask facial perawatan,hchana rorec,sheet mask,,facial perawatan,0,Skincare Dasar dan Hidrasi
cosrx low ph morning cleanser sabun wajah untuk semua jenis kulit,cosrx,cleanser sabun wajah,,"morning, low ph, untuk semua jenis kulit",3,Perawatan Kulit dan Pelembap
facetology triple care jerawat calm micellar water cleanser wajah salicylic acid untuk kulit berminyak,facetology,micellar water cleanser wajah,salicylic acid,"triple care jerawat calm, untuk kulit berminyak",3,Perawatan Kulit dan Pelembap
the originote peeling solution serum exfoliating wajah untuk angkat sel kulit mati memperbaiki tekstur aha bha pha,the originote,peeling solution serum,aha bha pha,exfoliating wajah untuk angkat sel kulit mati memperbaiki tekstur,3,Perawatan Kulit dan Pelembap
glad2glow 3d acid clay stick mask wajah komedo cleanser penghilang wash off,glad2glow,"wash off, clay stick mask wajah komedo cleanser penghilang",3d acid,,4,Brightening dan Perawatan Kulit Cerah
hanasui collagen sunscreen spf50 pa,hanasui,sunscreen,collagen,spf50 pa,0,Skincare Dasar dan Hidrasi
cream htmh 0 flek jerawat white,htmh 0,cream,,flek jerawat white,3,Perawatan Kulit dan Pelembap
skintific panthenol jerawat calming water gel exfoliating perawatan wajah untuk melembabkan white brightening dark spot pelembab facial moisturizer day cream night niacinamide centella ceramide,skintific,"water gel exfoliating, cream, pelembab facial moisturizer","panthenol, niacinamide centella ceramide","night, jerawat calming, day, perawatan wajah untuk melembabkan white brightening dark spot",1,Perawatan Wajah dan Jerawat
cream htmh flek tebal melasma,htmh,cream,,flek tebal melasma,1,Perawatan Wajah dan Jerawat
npure cleanser gel softly gentle skin wajah hypoallergenic sensitive approved semua jenis kulit ph balance travel size,npure,cleanser gel,"hypoallergenic, ph","sensitive approved, softly gentle skin wajah, semua jenis kulit, balance travel size",0,Skincare Dasar dan Hidrasi
emina bright stuff face wash sabun wajah mencerahkan glowing anti kusam,emina,stuff face wash sabun wajah,,"bright, mencerahkan glowing anti kusam",3,Perawatan Kulit dan Pelembap
bioaqua mask komedo bamboo charcoal blackhead remover peel off wajah hidung cleanser,bioaqua,"mask komedo bamboo, peel off wajah hidung cleanser",charcoal,blackhead remover,3,Perawatan Kulit dan Pelembap
brightening glow up serum white booster glowing ceramide retinol soy cell dna salmon,brightening,glow up serum,ceramide retinol soy cell dna salmon,white booster glowing,2,Anti-Aging dan Sunscreen
toner pelicin lemon niacinamide glowing,,toner,"niacinamide, lemon","glowing, pelicin",2,Anti-Aging dan Sunscreen
byzoe glow jelly booster glowing,byzoe,jelly booster,,"glowing, glow",3,Perawatan Kulit dan Pelembap
jerawat patch pimple sticker menghilangkan angkat speedy solution anti trouble,,jerawat patch pimple sticker,,menghilangkan angkat speedy solution anti trouble,3,Perawatan Kulit dan Pelembap
ms glow facial wash brightening sabun cuci wajah,ms glow,"facial wash, sabun cuci wajah",,brightening,4,Brightening dan Perawatan Kulit Cerah
the originote hyalucera moisturizer hyaluronic acid ceramide chlorelina,the originote,moisturizer,"hyalucera, hyaluronic acid ceramide chlorelina",,2,Anti-Aging dan Sunscreen
aurora louisse choice dna salmon glutathione ocean jelly face cream facial moisturizer effective white remove melanin anti - aging,aurora louisse choice,ocean jelly face cream facial moisturizer,dna salmon glutathione,effective white remove melanin anti - aging,2,Anti-Aging dan Sunscreen
wardah sunscreen gel spf 35 aqua fresh essence active protection serum uv light,wardah,"essence, sunscreen gel, serum",fresh,"spf 35 aqua, active protection, uv light",0,Skincare Dasar dan Hidrasi
facetology spf triple care sunscreen 40 pa,facetology,sunscreen,,"spf, 40 pa, triple care",0,Skincare Dasar dan Hidrasi
cream temulawak,,cream,temulawak,,2,Anti-Aging dan Sunscreen
garnier yoghurt sleeping mask light complete sakura white serum cream,garnier,"sleeping mask, serum cream","yoghurt, sakura","light complete, white",1,Perawatan Wajah dan Jerawat
whitelab uv shield tank sunscreen gel spf 50 pa sunblock pelindung sinar matahari niacinamide raykami hyaluronic ringan tidak lengket,whitelab,"sunblock, sunscreen gel",niacinamide raykami hyaluronic,"uv shield tank, ringan tidak lengket, spf 50 pa, pelindung sinar matahari",3,Perawatan Kulit dan Pelembap
toner dojako mengecilkan pori,dojako,toner,,mengecilkan pori,0,Skincare Dasar dan Hidrasi
skintific dark spot serum niacinamide mencerahkan tumpas komedo anti - aging anti jerawat exfoliating angkat sel kulit mati white wajah tranexamic acid,skintific,serum,"niacinamide, tranexamic acid","mencerahkan tumpas komedo anti - aging anti jerawat exfoliating angkat sel kulit mati white wajah, dark spot",4,Brightening dan Perawatan Kulit Cerah
jerawat patch untuk kempes,,jerawat patch,,untuk kempes,4,Brightening dan Perawatan Kulit Cerah
salsa hans jebb gel skin cleanser perontok daki greentea lemon,salsa,hans jebb gel skin cleanser,greentea lemon,perontok daki,3,Perawatan Kulit dan Pelembap
glowsicha brightening day cream,glowsicha,cream,,brightening day,3,Perawatan Kulit dan Pelembap
moon night cream camille,camille,cream,,moon night,4,Brightening dan Perawatan Kulit Cerah
viva white soothing aloe gel waterdrop sleeping mask moisturizer,viva,waterdrop sleeping mask moisturizer,aloe gel,white soothing,4,Brightening dan Perawatan Kulit Cerah
azarine hydramax c sunscreen serum spf50 pa kulit kering sensitif,azarine,sunscreen serum,c,"hydramax, spf50 pa, kulit kering sensitif",3,Perawatan Kulit dan Pelembap
skin1004 madagascar centella tone brightening boosting toner,skin1004,"tone, toner",madagascar centella,brightening boosting,3,Perawatan Kulit dan Pelembap
lumiwhite sunscreen essence spf 50 pa,lumiwhite,sunscreen essence,,spf 50 pa,3,Perawatan Kulit dan Pelembap
glad2glow blueberry ceramide moisturizer skin barrier pelembab wajah facial cream day night malam,glad2glow,"pelembab wajah facial cream, moisturizer","ceramide, blueberry","skin barrier, day night malam",4,Brightening dan Perawatan Kulit Cerah
glamazing multipurpose soothing skinditioner,glamazing,,,multipurpose soothing skinditioner,2,Anti-Aging dan Sunscreen
kahf skin energizing and brightening face wash,kahf,face wash,,skin energizing and brightening,2,Anti-Aging dan Sunscreen
l oreal paris uv defender serum protector sunscreen spf 50 pa untuk mencegah kulit tampak tua 5 tahun melembapkan,l oreal paris,defender serum protector sunscreen,,"uv, untuk mencegah kulit tampak tua 5 tahun melembapkan, spf 50 pa",1,Perawatan Wajah dan Jerawat
focalskin porefying cleanser facial wash sabun cuci wajah membersihkan komedo moisturizing aha pha bha penghilang kulit jerawat calming oil control semua jenis,focalskin,cleanser facial wash sabun cuci wajah,aha pha bha,"membersihkan komedo, moisturizing, penghilang kulit jerawat calming oil control semua jenis, porefying",4,Brightening dan Perawatan Kulit Cerah
npure jerawat clear pad cica licorice light up brightening,npure,jerawat clear pad,"licorice, cica",light up brightening,1,Perawatan Wajah dan Jerawat
cream collagen malam,,cream,collagen,malam,2,Anti-Aging dan Sunscreen
jerawat patch penghilang siang malam,,jerawat patch,,"siang malam, penghilang",0,Skincare Dasar dan Hidrasi
star jerawat pimple patch repair skin douyin salicylic acid treatment stickers skincare,douyin,"treatment stickers skincare, star jerawat pimple patch",salicylic acid,repair skin,2,Anti-Aging dan Sunscreen
npure peeling gel licorice advance exfoliating brightening glowing penghilang daki mencerahkan,npure,peeling gel,licorice,advance exfoliating brightening glowing penghilang daki mencerahkan,1,Perawatan Wajah dan Jerawat
skintific niacinamide brightening moisturizer gel cream white wajah calming dark spot pelembab facial day night,skintific,"pelembab facial, moisturizer gel cream",niacinamide,"brightening, day night, white wajah calming dark spot",1,Perawatan Wajah dan Jerawat
wardah amino aha pha clarifying foaming cleanser sabun cuci wajah acid,wardah,foaming cleanser sabun cuci wajah,"acid, amino aha pha",clarifying,2,Anti-Aging dan Sunscreen
glad2glow pomegranate niacinamide power bright white serum wajah alpha arbutin mencerahkan facial brightening,glad2glow,"facial, serum wajah","niacinamide, pomegranate, alpha arbutin","brightening, power bright white, mencerahkan",0,Skincare Dasar dan Hidrasi
skintific dark spot moisturizer gel penyamar noda hitam meratakan warna kulit cream white wajah calming pelembab facial day night niacinamide glutathione tranexamic acid,skintific,"moisturizer gel, pelembab facial, cream",niacinamide glutathione tranexamic acid,"day night, penyamar noda hitam meratakan warna kulit, white wajah calming, dark spot",4,Brightening dan Perawatan Kulit Cerah
cr k142 tissue bulat mini travel sekali pakai mask wajah kompres towel portable tisu bentuk permen travelling compressed paper sheet,cr k142,"tissue bulat mini, compressed paper sheet, mask wajah kompres towel portable tisu",,"bentuk permen travelling, travel sekali pakai",1,Perawatan Wajah dan Jerawat
,,,,,4,Brightening dan Perawatan Kulit Cerah
in vivo amaterasun uv sunscreen serum spf 50 pa,in vivo amaterasun,sunscreen serum,,"uv, spf 50 pa",1,Perawatan Wajah dan Jerawat
bioaqua sheet mask,bioaqua,sheet mask,,,4,Brightening dan Perawatan Kulit Cerah
scarlett white ceramide moisturizer pelembab wajah untuk mencerahkan melembabkan memperbaiki skin barrier menghidrasi kulit sensitif approved tidak buat make up geser,scarlett,moisturizer pelembab wajah,ceramide,"untuk mencerahkan melembabkan memperbaiki skin barrier menghidrasi kulit sensitif approved tidak buat make up geser, white",0,Skincare Dasar dan Hidrasi
whitelab brightening booster serum niacinamide mencerahkan maksimal untuk kulit sensitif berminyak oxy229 hyaluronic,whitelab,booster serum,"niacinamide, oxy229 hyaluronic","brightening, mencerahkan maksimal untuk kulit sensitif berminyak",3,Perawatan Kulit dan Pelembap
glowsicha cream wajah siang malam brightening day night jelly booster,glowsicha,"jelly booster, cream wajah",,siang malam brightening day night,0,Skincare Dasar dan Hidrasi
story brightening face serum untuk wajah mencerahkan bersih glowing,story,face serum,,"untuk wajah mencerahkan bersih glowing, brightening",3,Perawatan Kulit dan Pelembap
polynia pomegranate revitalizing face mask anti - aging mengencangkan wajah anti kerutan garis halus penuaan dini,polynia,face mask,pomegranate,"revitalizing, anti - aging mengencangkan wajah anti kerutan garis halus penuaan dini",3,Perawatan Kulit dan Pelembap
garnier bright complete vitamin c simple cream pagi malam mencerahkan day night,garnier,cream,vitamin c,"pagi malam mencerahkan day night, simple, bright complete",0,Skincare Dasar dan Hidrasi
eiem beauty natural hybrid sunscreen spf 50 lolos uji invivo,eiem beauty,sunscreen,,"spf 50 lolos uji invivo, natural hybrid",2,Anti-Aging dan Sunscreen
skin aqua tone up uv essence moisturizer milk spf 50 pa sunscreen sun block mist light sunplay protection lotion,skin aqua,"block, lotion, essence moisturizer, mist, sunscreen, tone up",milk,"uv, sun, spf 50 pa, light sunplay protection",2,Anti-Aging dan Sunscreen
you amino facial wash anti jerawat hydrating brightening oil control sabun cuci wajah,you,"facial wash, sabun cuci wajah",amino,anti jerawat hydrating brightening oil control,1,Perawatan Wajah dan Jerawat
mask organik skindivore organic face,skindivore,mask organik,,organic face,0,Skincare Dasar dan Hidrasi
cosrx snail mucin essence esense wajah untuk anti penuaan,cosrx,"esense wajah, essence",snail mucin,untuk anti penuaan,2,Anti-Aging dan Sunscreen
azarine hydramax c sunscreen serum spf50 pa kulit kering tidak lengket no whitecast,azarine,sunscreen serum,c,"hydramax, spf50 pa kulit kering tidak lengket no whitecast",4,Brightening dan Perawatan Kulit Cerah
claridem philiphine,claridem,,,philiphine,4,Brightening dan Perawatan Kulit Cerah
wardah uv shield essential sunscreen gel spf 35 pa tekstur ringan tidak lengket melembabkan semua jenis kulit mencegah penuaan dini,wardah,sunscreen gel,,"uv shield essential, spf 35 pa, tekstur ringan tidak lengket melembabkan semua jenis kulit mencegah penuaan dini",1,Perawatan Wajah dan Jerawat
garnier sakura cream,garnier,cream,sakura,,4,Brightening dan Perawatan Kulit Cerah
meidian green tea mask cleansing clay stick wajah cleanser komedo jerawat minyak berlebih,meidian,"clay stick wajah cleanser, mask",green tea,"komedo jerawat minyak berlebih, cleansing",0,Skincare Dasar dan Hidrasi
sadoer mask wajah sheet plant,sadoer,mask wajah sheet,plant,,4,Brightening dan Perawatan Kulit Cerah
skintific mugwort jerawat clay stick mask facial,skintific,"clay stick mask, facial",mugwort,jerawat,2,Anti-Aging dan Sunscreen
bioaqua sheet mask hydrating essence brightening moisturizing anti - aging wajah,bioaqua,"essence, sheet mask",,"brightening moisturizing anti - aging wajah, hydrating",2,Anti-Aging dan Sunscreen
facetology triplecare sunscreen spf 40 pa,facetology,sunscreen,,"triplecare, spf 40 pa",4,Brightening dan Perawatan Kulit Cerah
d alba white spray serum,d alba,spray serum,,white,2,Anti-Aging dan Sunscreen
nyyo skinbarrier booster cooling gel,nyyo,gel,,skinbarrier booster cooling,3,Perawatan Kulit dan Pelembap
fyc yessica tea tree strawberry anti pores jerawat clay stick mask,fyc yessica,clay stick mask,tea tree strawberry,anti pores jerawat,4,Brightening dan Perawatan Kulit Cerah
hanasui ceramide probiotics moisturizer gel,hanasui,moisturizer gel,ceramide probiotics,,1,Perawatan Wajah dan Jerawat
pratista calming spray,pratista,spray,,calming,3,Perawatan Kulit dan Pelembap
the originote ceramella sunscreen spf50 pa serum untuk skin barrier protect melindungi dari sinar matahari wajah,the originote,"sunscreen, serum",ceramella,"spf50 pa, untuk skin barrier protect melindungi dari sinar matahari wajah",4,Brightening dan Perawatan Kulit Cerah
kahf oil and jerawat care face wash,kahf,face wash,,oil and jerawat care,3,Perawatan Kulit dan Pelembap
lameila svmy sunscreen sunblock cream pelindung sinar matahari,lameila svmy,sunscreen sunblock cream,,pelindung sinar matahari,1,Perawatan Wajah dan Jerawat
rorec hchana sheet mask,rorec hchana,sheet mask,,,2,Anti-Aging dan Sunscreen
azarine toner untuk kulit kusam anti - aging berminyak jerawat,azarine,toner,,"untuk kulit kusam, anti - aging berminyak jerawat",0,Skincare Dasar dan Hidrasi
skin aqua sunscreen spf 50 uv moisturizing gel white milk,skin aqua,"gel, sunscreen",milk,"uv moisturizing, spf 50, white",3,Perawatan Kulit dan Pelembap
night cream white ht mh wajib konsultasi untuk umum,ht mh,cream,,"night, wajib konsultasi untuk umum, white",2,Anti-Aging dan Sunscreen
wardah lightening serum ampoule advanced niacinamide menyamarkan bekas jerawat,wardah,serum ampoule,niacinamide,"advanced, lightening, menyamarkan bekas jerawat",4,Brightening dan Perawatan Kulit Cerah
bnb the originote hyalucera moisturizer gel pelembab wajah,bnb the originote,moisturizer gel pelembab wajah,hyalucera,,3,Perawatan Kulit dan Pelembap
glow lovely ultimate uv duo cream vitamin c spf 35 pa,glow lovely,duo cream,vitamin c,"spf 35 pa, ultimate uv",3,Perawatan Kulit dan Pelembap
skin1004 centella watergel sheet ampoule mask,skin1004,watergel sheet ampoule mask,centella,,4,Brightening dan Perawatan Kulit Cerah
viva milk cleanser susu face tonic penyegar toner air mawar,viva,"milk cleanser, toner, face tonic","susu, air mawar",penyegar,4,Brightening dan Perawatan Kulit Cerah
skintific salicylic acid anti jerawat serum mencerahkan peeling dark spot tumpas komedo anti - aging white brightening exfoliating angkat sel kulit mati acsd pionin centella niacinamide ceramide,skintific,serum,"salicylic acid, acsd pionin centella niacinamide ceramide","mencerahkan peeling dark spot tumpas komedo anti - aging white brightening exfoliating angkat sel kulit mati, anti jerawat",4,Brightening dan Perawatan Kulit Cerah
scarlett white brightening facial wash sabun cuci wajah clean and clear untuk mencerahkan melembabkan memudarkan noda hitam kulit tanpa bikin ketarik glutathione vitamin e aloe vera ph 5,scarlett,facial wash sabun cuci wajah,glutathione vitamin e aloe vera ph 5,"clean and clear untuk mencerahkan melembabkan memudarkan noda hitam kulit tanpa bikin ketarik, white brightening",2,Anti-Aging dan Sunscreen
skintific panthenol gel cleanser facial wash cleaning sabun wajah anti jerawat micellar calming and soothing cleansing oil control,skintific,"sabun wajah, micellar, gel cleanser facial wash",panthenol,"calming and soothing cleansing, cleaning, anti jerawat, oil control",1,Perawatan Wajah dan Jerawat
emina sun protection spf 30 pa sunscreen skin buddy,emina,sunscreen,,"sun protection spf 30 pa, skin buddy",3,Perawatan Kulit dan Pelembap
allphv blackhead mask hidung komedo penghilang serum17ml,allphv,"blackhead mask hidung, serum17ml",,komedo penghilang,0,Skincare Dasar dan Hidrasi
true to skin matcha oat gentle cleanser sabun cuci wajah semua jenis kulit,true to skin,gentle cleanser sabun cuci wajah,matcha oat,semua jenis kulit,4,Brightening dan Perawatan Kulit Cerah
kymm skin glow day cream uv protector anti bluelight,kymm skin,cream,,"glow day, uv protector anti bluelight",0,Skincare Dasar dan Hidrasi
meidian green tea stick mask cleanser pori komedo penghilang,meidian,stick mask cleanser,green tea,pori komedo penghilang,2,Anti-Aging dan Sunscreen
sadoer charcoal head remover bamboo mask cleansing peel off komedo cleanser hidung tanpa iritasi,sadoer,"cleanser hidung, peel off, bamboo mask",charcoal,"head remover, tanpa iritasi, cleansing, komedo",0,Skincare Dasar dan Hidrasi
labore barrier revive cream pelembab kulit sensitif,labore,cream,,"barrier revive, pelembab kulit sensitif",2,Anti-Aging dan Sunscreen
glad2glow dark spot moisturizer menghilangkan bekas jerawat brightening night cream day,glad2glow,"cream, moisturizer",,"day, dark spot, menghilangkan bekas jerawat brightening night",1,Perawatan Wajah dan Jerawat
the temulawak day night cream,the,cream,temulawak,day night,1,Perawatan Wajah dan Jerawat
scarlett white serum jerawat glowtening niaciamide retinol felicia scarlet cream toner day bright night age delay power booster,scarlett,"scarlet cream toner, serum",niaciamide retinol felicia,"power booster, day bright night age delay, jerawat glowtening, white",4,Brightening dan Perawatan Kulit Cerah
stiker jerawat star hydrocolloid pimple patch,,"stiker, pimple patch",hydrocolloid,jerawat star,1,Perawatan Wajah dan Jerawat
pomeglow glow up aha booster exfoliating toner face and body kulit sensitif,pomeglow,toner face and body,aha,"booster exfoliating, glow up, kulit sensitif",3,Perawatan Kulit dan Pelembap
1 onlyou sunscreen uv defender protector spf50 pa face body white sunblock pelembab mencegah kerusakan kulit centella serum,1 onlyou,"sunblock pelembab, sunscreen, serum",centella,"mencegah kerusakan kulit, uv defender protector spf50 pa face body white",0,Skincare Dasar dan Hidrasi
bioaqua sheet mask brightening moisturizing essence face wajah kaya vitamin bunga buah,bioaqua,"essence, sheet mask","vitamin, bunga buah","face wajah kaya, brightening moisturizing",4,Brightening dan Perawatan Kulit Cerah
acnaway jerawat sun serum sunscreen spf 50 pa only skin membantu membersihkan pori mengontrol produksi sebum membunuh bakteri bha bsasm ceramide,acnaway,sun serum sunscreen,bha bsasm ceramide,"jerawat, spf 50 pa only skin membantu membersihkan pori mengontrol produksi sebum membunuh bakteri",3,Perawatan Kulit dan Pelembap
pyunkang yul calming moisturizer toner,pyunkang yul,moisturizer toner,,calming,1,Perawatan Wajah dan Jerawat
glad2glow centella salicylic acid jerawat serum wajah obat untuk merawat mencegah pertumbuhan acnes redness prevents breakout,glad2glow,serum wajah obat,"salicylic acid, centella","untuk merawat mencegah pertumbuhan, jerawat, acnes redness prevents breakout",0,Skincare Dasar dan Hidrasi
npure sunscreen cica beat the sun hypoallergenic spf 50 pa kulit kering jerawat,npure,sunscreen,cica,beat the sun hypoallergenic spf 50 pa kulit kering jerawat,2,Anti-Aging dan Sunscreen
sadoer blackhead mask remover penghilang komedo activated carbon,sadoer,blackhead mask remover,activated carbon,penghilang komedo,0,Skincare Dasar dan Hidrasi
cream flek htmh,htmh,cream flek,,,3,Perawatan Kulit dan Pelembap
azarine jerawat spot serum obat totol,azarine,spot serum obat totol,,jerawat,4,Brightening dan Perawatan Kulit Cerah
fyc yessica glowing sleeping mask goat milk lavender,fyc yessica,sleeping mask,"goat milk, lavender",glowing,2,Anti-Aging dan Sunscreen
wardah uv shield sunscreen gel active protection serum sun stick aqua fresh essence airy smooth,wardah,"essence, sunscreen gel, serum sun stick",,"aqua fresh, uv shield, active protection, airy smooth",3,Perawatan Kulit dan Pelembap
jerawat pimple patch stiker penghilang,,jerawat pimple patch stiker penghilang,,,3,Perawatan Kulit dan Pelembap
viva milk cleanser face tonic air mawar penyegar toner,viva,"milk cleanser face tonic, toner",air mawar,penyegar,1,Perawatan Wajah dan Jerawat
collagen cream,,cream,collagen,,4,Brightening dan Perawatan Kulit Cerah
skin1004 madagascar centella toning toner,skin1004,toning toner,madagascar centella,,2,Anti-Aging dan Sunscreen
the originote clarifying toner exfoliating hydrating melembabkan wajah aha bha pha,the originote,toner,aha bha pha,"exfoliating hydrating melembabkan wajah, clarifying",2,Anti-Aging dan Sunscreen
madame gie jelly mask gel wajah,madame gie,"gel wajah, jelly mask",,,2,Anti-Aging dan Sunscreen
bioaqua essence mask,bioaqua,essence mask,,,2,Anti-Aging dan Sunscreen
madame gie protect sun serum spf 30 pa sunscreen protection,madame gie,"sun serum, sunscreen",,"protect, protection, spf 30 pa",4,Brightening dan Perawatan Kulit Cerah
scarlett white serum brightening melembabkan mencerahkan kulit niacinamide,scarlett,serum,niacinamide,"melembabkan mencerahkan kulit, brightening, white",3,Perawatan Kulit dan Pelembap
green tea mask cleansing clay stick meidian cleanser komedo,meidian,"mask cleansing clay stick, cleanser komedo",green tea,,1,Perawatan Wajah dan Jerawat
skintific ceramide low ph cleanser facial wash gentle sensitive skin sabun cuci wajah oil control,skintific,"sabun cuci wajah, cleanser facial wash",ceramide,"gentle sensitive skin, low ph, oil control",1,Perawatan Wajah dan Jerawat
2 garnier men oil control anti blackheads brightening scrub facial cleanser,2 garnier men,scrub facial cleanser,,oil control anti blackheads brightening,1,Perawatan Wajah dan Jerawat
kymm skin effortless sunscreen spf 50 cocok semua jenis kulit,kymm,sunscreen,,"spf 50 cocok semua jenis kulit, skin effortless",0,Skincare Dasar dan Hidrasi
penghilang bekas luka hitam koreng kaki cacar gigitan nyamuk keloid,,,,"penghilang bekas luka hitam koreng kaki cacar gigitan nyamuk, keloid",1,Perawatan Wajah dan Jerawat
wardah uv shield jerawat calming sunscreen serum spf 50 pa,wardah,sunscreen serum,,"spf 50 pa, uv shield jerawat calming",1,Perawatan Wajah dan Jerawat
himalaya purifying mask,himalaya,mask,,purifying,1,Perawatan Wajah dan Jerawat
day white cream ms glow,ms glow,cream,,day white,0,Skincare Dasar dan Hidrasi
facetology triple care sunscreen hybrid tanpa parfum uva uvb tabir surya spf 40 wajah protection perlindungan dari paparan sinar matahari melindungi merawat kulit sunburn gosong,facetology,"tabir surya, sunscreen hybrid",,"spf 40 wajah protection perlindungan dari paparan sinar matahari melindungi merawat kulit sunburn gosong, uva uvb, triple care, tanpa parfum",3,Perawatan Kulit dan Pelembap
skintific vitamin c brightening glow serum mencerahkan dark spot tumpas komedo anti - aging anti jerawat exfoliating angkat sel kulit mati white wajah centella ferulic acid,skintific,glow serum,"ferulic acid, vitamin c, centella","brightening, mencerahkan dark spot tumpas komedo anti - aging anti jerawat exfoliating angkat sel kulit mati white wajah",4,Brightening dan Perawatan Kulit Cerah
viva peeling serum glycolic acid aha salycilic bha gluconolactone pha,viva,peeling serum,glycolic acid aha salycilic bha gluconolactone pha,,1,Perawatan Wajah dan Jerawat
lumiwhite deep cleansing face wash white,lumiwhite,deep cleansing face wash,,white,3,Perawatan Kulit dan Pelembap
meco pearl cream,meco,cream,pearl,,4,Brightening dan Perawatan Kulit Cerah
pond age miracle hexyl retinol niacinamide day cream mencerahkan kulit anti - aging,pond,"age, cream",hexyl retinol niacinamide,"day, anti - aging, mencerahkan kulit, miracle",3,Perawatan Kulit dan Pelembap
lea gloria mask,lea gloria,mask,,,1,Perawatan Wajah dan Jerawat
salep pelicin siang glowing spf 50 day cream,,"salep pelicin, cream",,siang glowing spf 50 day,1,Perawatan Wajah dan Jerawat
mask wajah organik,,mask wajah,organik,,2,Anti-Aging dan Sunscreen
acnaway ultra thin jerawat patch penghilang salicylic acid tea tree centella asiatica,acnaway,ultra thin jerawat patch,salicylic acid tea tree centella asiatica,penghilang,4,Brightening dan Perawatan Kulit Cerah
ms glow toner jerawat fight,ms glow,toner,,jerawat fight,3,Perawatan Kulit dan Pelembap
the originote moisturizer hyalucera ceratinol cica jerawat peeling astachiol ceratides bright serum eye toner sunscreen lip spot cream charcoal mask retinol mugwort clay stick,the originote,"mask, sunscreen lip spot cream, moisturizer, clay stick, peeling, bright serum eye toner","hyalucera ceratinol cica, charcoal, retinol mugwort, astachiol ceratides",jerawat,2,Anti-Aging dan Sunscreen
hanasui serum,hanasui,serum,,,0,Skincare Dasar dan Hidrasi
skintific sunscreen ceramide serum stick spf50 pa sunblock untuk skin barrier protect rusak kulit berminyak jerawat sensitif sunblok gel wajah stik,skintific,"sunblok gel wajah stik, serum stick, sunblock, sunscreen",ceramide,"spf50 pa, untuk skin barrier protect rusak kulit berminyak jerawat sensitif",0,Skincare Dasar dan Hidrasi
whitelab cera mug barrier moisturizing gel pelembap kulit wajah kering perbaiki skin siang malam hyaluronic ceramide,whitelab,cera mug barrier moisturizing gel pelembap,hyaluronic ceramide,kulit wajah kering perbaiki skin siang malam,2,Anti-Aging dan Sunscreen
npure facial wash cica anti jerawat foam sabun wajah berminyak,npure,"facial wash, foam sabun",cica,"anti jerawat, wajah berminyak",3,Perawatan Kulit dan Pelembap
cosrx low ph morning cleanser sabun wajah untuk semua jenis kulit,cosrx,cleanser sabun wajah,,"morning, low ph, untuk semua jenis kulit",0,Skincare Dasar dan Hidrasi
emina spf 30 pa sunscreen pelindung dari sinar matahari uv,emina,sunscreen,,"pelindung dari sinar matahari uv, spf 30 pa",2,Anti-Aging dan Sunscreen
acnaway mugwort gel mask anti pores wash mencerahkan wajah merawat memperbaiki skin barrier bakuchiol peptides,acnaway,gel mask,"mugwort, bakuchiol peptides","anti pores wash, mencerahkan wajah merawat memperbaiki skin barrier",3,Perawatan Kulit dan Pelembap
cosrx low ph morning gel cleanser sabun wajah untuk semua jenis kulit,cosrx,gel cleanser sabun wajah,,"morning, low ph, untuk semua jenis kulit",1,Perawatan Wajah dan Jerawat
jerawat pimple patch sticker tempel,,"jerawat pimple patch, sticker tempel",,,4,Brightening dan Perawatan Kulit Cerah
the originote ceramella sunscreen spf 50 pa,the originote,sunscreen,ceramella,spf 50 pa,0,Skincare Dasar dan Hidrasi
skintific day light sunscreen mist spf 50 pa uv tone up sun shield white glowing barrier anti - aging brightening mencerahkan wajah melindungi kulit dari sinar uva uvb pearls ceramide centella,skintific,"sunscreen mist, tone up",pearls ceramide centella,"sun shield white glowing barrier anti - aging brightening mencerahkan wajah melindungi kulit dari sinar uva uvb, day light, spf 50 pa uv",0,Skincare Dasar dan Hidrasi
bioaqua ceramide serum sunscreen spf 50 pa gel sunblock wajah sun protection waterproof uv,bioaqua,"serum sunscreen, gel sunblock wajah",ceramide,"spf 50 pa, waterproof uv, sun protection",2,Anti-Aging dan Sunscreen
whitelab brightening day cream night,whitelab,cream,,"night, brightening day",1,Perawatan Wajah dan Jerawat
whitelab jerawat care facial wash sabun cuci wajah untuk kulit kontrol minyak berlebih anti bakteri mugwort tea tree bha,whitelab,facial wash sabun cuci wajah,mugwort tea tree bha,"jerawat care, untuk kulit kontrol minyak berlebih anti bakteri",1,Perawatan Wajah dan Jerawat
viva white cream,viva,cream,,white,1,Perawatan Wajah dan Jerawat
bioaqua sheet mask wajah,bioaqua,sheet mask wajah,,,3,Perawatan Kulit dan Pelembap
skin aqua tone up uv essence moisturizer milk gel,skin aqua,"essence moisturizer, tone up, gel",milk,uv,0,Skincare Dasar dan Hidrasi
rdl papaya brightening soap sabun cuci wajah pepaya white sunscreen,rdl papaya,"soap sabun cuci wajah, sunscreen",pepaya,"brightening, white",2,Anti-Aging dan Sunscreen
glad2glow propolis hyaluronic acid toner wajah barrier essence pelembab facial,glad2glow,"toner wajah, essence pelembab facial","hyaluronic acid, propolis",barrier,4,Brightening dan Perawatan Kulit Cerah
acnes creamy wash complete white face oil control sealing jell spot care uv,acnes,"creamy wash, jell",,"spot care uv, complete white face oil control sealing",0,Skincare Dasar dan Hidrasi
poupeepou mask mugwort jerawat centella asiatica,poupeepou,mask,"mugwort, centella asiatica",jerawat,1,Perawatan Wajah dan Jerawat
mask komedo gelatin,,mask komedo,gelatin,,1,Perawatan Wajah dan Jerawat
facetology triplecare sunscreen,facetology,sunscreen,,triplecare,0,Skincare Dasar dan Hidrasi
wardah gel moisturizer,wardah,gel moisturizer,,,3,Perawatan Kulit dan Pelembap
viva sunscreen foundation uv filter,viva,sunscreen foundation,filter,uv,0,Skincare Dasar dan Hidrasi
2 garnier men acno fight anti bacteris brightening foam,2 garnier men,foam,,"anti bacteris brightening, acno fight",3,Perawatan Kulit dan Pelembap
emina bright moisturizing cream pelembab wajah mencerahkan,emina,cream,,"moisturizing, bright, pelembab wajah mencerahkan",1,Perawatan Wajah dan Jerawat
2 garnier men turbo bright duo foam perawatan pria untuk wajah kusam,2 garnier men,duo foam,,"turbo bright, perawatan pria untuk wajah kusam",3,Perawatan Kulit dan Pelembap
madame protect glow tinted sunscreen spf 50 pa multipurpose,madame,tinted sunscreen,,"protect, spf 50 pa multipurpose, glow",0,Skincare Dasar dan Hidrasi
harlette oatmilk gentle facial wash sensitive dry combination irritated skin membersihkan mencerahkan,harlette,gentle facial wash,oatmilk,sensitive dry combination irritated skin membersihkan mencerahkan,2,Anti-Aging dan Sunscreen
the originote bha charcoal clay mask wajah exfoliating angkat sel kulit mati menghilangkan minyak berlebih,the originote,clay mask wajah,bha charcoal,exfoliating angkat sel kulit mati menghilangkan minyak berlebih,4,Brightening dan Perawatan Kulit Cerah
skintific lactic acid skin renewal exfoliating serum peeling wajah mencerahkan dark spot tumpas komedo anti - aging anti jerawat angkat sel kulit mati aha succinic,skintific,exfoliating serum peeling wajah,"aha succinic, lactic acid","skin renewal, mencerahkan dark spot tumpas komedo anti - aging anti jerawat angkat sel kulit mati",1,Perawatan Wajah dan Jerawat
the originote extra brightening gluta b3 serum jelly booster moisturizer,the originote,"jelly booster moisturizer, serum",gluta b3,extra brightening,1,Perawatan Wajah dan Jerawat
erha jerawat spot gel bha sulfur obat totol,erha,"obat totol, jerawat spot gel",bha sulfur,,2,Anti-Aging dan Sunscreen
ginbi mask wajah sheet hydrating essence face brightening moisturizing anti - aging,ginbi,"mask wajah sheet, essence face",,"brightening moisturizing, hydrating, anti - aging",3,Perawatan Kulit dan Pelembap
you acneplus spot care obat totol jerawat centella,you,acneplus spot care obat totol jerawat,centella,,2,Anti-Aging dan Sunscreen
pyunkang yul essence toner,pyunkang yul,essence toner,,,1,Perawatan Wajah dan Jerawat
skin1004 madagascar centella suncream plus renewal,skin1004,suncream,madagascar centella,plus renewal,4,Brightening dan Perawatan Kulit Cerah
gmeelan cream white wajah moisturizer niacinamide gluta lazy pelembab,gmeelan,"pelembab, cream, moisturizer",niacinamide gluta lazy,white wajah,4,Brightening dan Perawatan Kulit Cerah
veze mask wajah natural sheet,veze,mask wajah,natural sheet,,1,Perawatan Wajah dan Jerawat
sabun pepaya papaya orange,,sabun,pepaya papaya orange,,0,Skincare Dasar dan Hidrasi
toner white badan aleya saffron glowing penghilang bekas luka,aleya,toner,saffron,"glowing, white badan, penghilang bekas luka",2,Anti-Aging dan Sunscreen
cream,,cream,,,4,Brightening dan Perawatan Kulit Cerah
facetology triple care sunscreen spf 40 pa,facetology,sunscreen,,"spf 40 pa, triple care",2,Anti-Aging dan Sunscreen
madame gie protect sunscreen spf 30 pa sunblock,madame gie,"sunblock, sunscreen",,"protect, spf 30 pa",0,Skincare Dasar dan Hidrasi
htmh,htmh,,,,3,Perawatan Kulit dan Pelembap
elvicto bright up moisturizer pelembap wajah pria perawatan untuk mencerahkan mengurangi noda hitam niacinamide glutathione alpha arbutin,elvicto,moisturizer pelembap,niacinamide glutathione alpha arbutin,"bright up, wajah pria perawatan untuk mencerahkan mengurangi noda hitam",4,Brightening dan Perawatan Kulit Cerah
skintific clay stick mask wajah komedo sleeping jerawat mugwort peel off pengangkat penghilang glycolic acid probiotic complex black charcoal,skintific,"peel off pengangkat, clay stick mask","mugwort, glycolic acid probiotic complex black charcoal","jerawat, sleeping, wajah komedo, penghilang",4,Brightening dan Perawatan Kulit Cerah
cosrx aha bha clarifying treatment toner exfoliating ringan untuk semua jenis kulit,cosrx,toner,aha bha,"exfoliating ringan untuk semua jenis kulit, clarifying treatment",0,Skincare Dasar dan Hidrasi
stiker jerawat hydrocolloid lets glow group,lets glow group,stiker jerawat,hydrocolloid,,1,Perawatan Wajah dan Jerawat
cream htmh 0 jerawat flek white,htmh 0,cream,,jerawat flek white,1,Perawatan Wajah dan Jerawat
skintific mugwort jerawat clay stick,skintific,clay stick,mugwort,jerawat,1,Perawatan Wajah dan Jerawat
npure brightening exfoliating pad licorice light up kapas wajah mencerahkan glowing,npure,"kapas wajah, exfoliating pad",licorice,"brightening, light up, mencerahkan glowing",0,Skincare Dasar dan Hidrasi
facetology triple care exfoliquid toner exfoliating aha bha pha lha pga,facetology,exfoliquid toner,aha bha pha lha pga,"exfoliating, triple care",0,Skincare Dasar dan Hidrasi
svmy sun block spf 50 sunblock sunscreen tahan lama lameila,"lameila, svmy","sun block, sunblock sunscreen",,"tahan lama, spf 50",4,Brightening dan Perawatan Kulit Cerah
cream malam glow flek,,cream,,malam glow flek,0,Skincare Dasar dan Hidrasi
bioaqua sheet mask hydrating essence face brightening anti jerawat,bioaqua,"sheet mask, essence face",,"hydrating, brightening anti jerawat",1,Perawatan Wajah dan Jerawat
whitelab glow booster serum vitamin antioksidan tinggi untuk kulit mencerahkan glowing ferulic acid hyaluronic,whitelab,serum,"vitamin, ferulic acid hyaluronic","glow booster, antioksidan tinggi untuk kulit mencerahkan glowing",4,Brightening dan Perawatan Kulit Cerah
sadoer sheet mask perawatan wajah,sadoer,sheet mask,,perawatan wajah,3,Perawatan Kulit dan Pelembap
rorec hchana natural mask sheet,rorec hchana,mask sheet,,natural,2,Anti-Aging dan Sunscreen
jerawat pimple patch stiker penghilang,,jerawat pimple patch stiker,,penghilang,3,Perawatan Kulit dan Pelembap
scarlett white jerawat serum wajah untuk penghilang perawatan ampuh atasi hingga bekasnya salicylic acid tanpa bikin kulit iritasi,scarlett,serum wajah,salicylic acid,"tanpa bikin kulit iritasi, white jerawat, untuk penghilang perawatan ampuh atasi hingga bekasnya",2,Anti-Aging dan Sunscreen
serum ms glow luminous jerawat whitecell dna lifting peeling,ms glow,serum,dna,"lifting peeling, luminous jerawat whitecell",4,Brightening dan Perawatan Kulit Cerah
facetology triplecare sunscreen,facetology,sunscreen,,triplecare,2,Anti-Aging dan Sunscreen
salep pelicin sunscreen serum sci beauty,sci beauty,"salep pelicin, sunscreen serum",,,2,Anti-Aging dan Sunscreen
serum avoskin your skin bae niacinamide mencerahkan kulit,avoskin your skin bae,serum,niacinamide,mencerahkan kulit,2,Anti-Aging dan Sunscreen
jerawat patch tempelan hydrocolloid,,jerawat patch tempelan,hydrocolloid,,3,Perawatan Kulit dan Pelembap
pigeon teens facial foam moisturizer face powder,pigeon teens,facial foam moisturizer face powder,,,4,Brightening dan Perawatan Kulit Cerah
komedo hidung allphv blackhead remover mask penghilang ampuh pengecil pori,allphv,"komedo hidung, remover mask",,"penghilang ampuh pengecil pori, blackhead",4,Brightening dan Perawatan Kulit Cerah
beauty of joseon sunscreen rice probiotics,beauty of joseon,sunscreen,rice probiotics,,3,Perawatan Kulit dan Pelembap
cream siang malam citra,citra,cream,,siang malam,4,Brightening dan Perawatan Kulit Cerah
viva white cream,viva,cream,,white,0,Skincare Dasar dan Hidrasi
wardah dark spot brightening serum ekstrak edelweiss mencerahkan menyamarkan flek hitam untuk semua jenis kulit,wardah,serum,ekstrak edelweiss,"mencerahkan menyamarkan flek hitam untuk semua jenis kulit, dark spot brightening",0,Skincare Dasar dan Hidrasi
gl2 cream glowing pencerah wajah,gl2,cream,,"pencerah wajah, glowing",1,Perawatan Wajah dan Jerawat
pond bright niasorcinol cream kekuatan mencerahkan,pond,cream,niasorcinol,"kekuatan mencerahkan, bright",3,Perawatan Kulit dan Pelembap
hanasui collagen sunscreen spf 30,hanasui,sunscreen,collagen,spf 30,0,Skincare Dasar dan Hidrasi
wardah brightening day cream siang ekstrak edelweiss niacinamide mencerahkan menyamarkan flek hitam untuk semua jenis kulit spf 35 pa,wardah,day cream,ekstrak edelweiss niacinamide,"siang, brightening, mencerahkan menyamarkan flek hitam untuk semua jenis kulit spf 35 pa",0,Skincare Dasar dan Hidrasi
glowsophy glow and bright serum,glowsophy,serum,,glow and bright,1,Perawatan Wajah dan Jerawat
hey delima mask clay heygurl brightening and glowing booster,"heygurl, hey",mask clay,delima,brightening and glowing booster,0,Skincare Dasar dan Hidrasi
toner white kelupas,,toner,,white kelupas,1,Perawatan Wajah dan Jerawat
hymey serum face,hymey,serum face,,,0,Skincare Dasar dan Hidrasi
star viva milk cleanser face tonic,star viva,"face tonic, cleanser",milk,,0,Skincare Dasar dan Hidrasi
cetaphil cleanser propylene glycol sabun wajah untuk,cetaphil,"cleanser, sabun wajah",propylene glycol,untuk,2,Anti-Aging dan Sunscreen
yessica tea tree strawberry anti pores jerawat clay stick mask,yessica,clay stick mask,tea tree strawberry,anti pores jerawat,0,Skincare Dasar dan Hidrasi
glad2glow centella allantoin soothing moisturizer gel repair skin barrier oil control hydrating cream pelembab wajah memperbaiki primer menghidrasi kulit,glad2glow,"moisturizer gel, cream pelembab wajah",centella allantoin,"soothing, memperbaiki primer menghidrasi kulit, repair skin barrier oil control hydrating",2,Anti-Aging dan Sunscreen
ms glow night cream malam,ms glow,cream,,"night, malam",3,Perawatan Kulit dan Pelembap
skintific aqua light daily sunscreen perlindungan uv yang efektif anti uva uvb,skintific,sunscreen,aqua,"anti uva uvb, perlindungan uv yang efektif, light daily",4,Brightening dan Perawatan Kulit Cerah
collagen brightening soap bright glow face sabun white wajah,,"sabun, soap",collagen,"brightening, bright glow face, white wajah",1,Perawatan Wajah dan Jerawat
nature republic real mask sheet,nature republic real,mask sheet,,,1,Perawatan Wajah dan Jerawat
you amino facial wash anti jerawat hydrating brightening oil control sabun cuci wajah,you,"facial wash, sabun cuci wajah",amino,anti jerawat hydrating brightening oil control,0,Skincare Dasar dan Hidrasi
pond bright niasorcinol facial foam,pond,facial foam,niasorcinol,bright,2,Anti-Aging dan Sunscreen
skin1004 madagascar centella hyalu cica serum spf50 pa,skin1004,serum,madagascar centella hyalu cica,spf50 pa,4,Brightening dan Perawatan Kulit Cerah
skin aqua sunscreen moisturizer milk gel white mild tone up uv,skin aqua,"tone up, gel, moisturizer, sunscreen",milk,"white mild, uv",0,Skincare Dasar dan Hidrasi
swana serum pore,swana,serum,,pore,0,Skincare Dasar dan Hidrasi
serum camille,camille,serum,,,3,Perawatan Kulit dan Pelembap
kaleido jerawat patch,kaleido,patch,,jerawat,1,Perawatan Wajah dan Jerawat
wardah lightening face serum toner facial micellar gentle wash,wardah,"facial micellar gentle wash, serum toner",,lightening face,4,Brightening dan Perawatan Kulit Cerah
viva jerawat lotion,viva,lotion,,jerawat,4,Brightening dan Perawatan Kulit Cerah
mewwa serum brightening glow up glowing mencerahkan melembabkan wajah,mewwa,serum,,"glowing mencerahkan melembabkan wajah, brightening glow up",0,Skincare Dasar dan Hidrasi
bioaqua sheet mask hydrating essence face brightening moisturizing anti - aging wajah collagen vitamin c squalene,bioaqua,"sheet mask, essence face",collagen vitamin c squalene,"brightening moisturizing, hydrating, anti - aging wajah",4,Brightening dan Perawatan Kulit Cerah
skin1004 madagascar centella hyalu cica sun stick,skin1004,sun stick,madagascar centella hyalu cica,,3,Perawatan Kulit dan Pelembap
glad2glow centella moisturizer gel repair skin barrier blueberry ceramide pomegranate niacinamide brightening dark spot control hydrating cream pelembab wajah,glad2glow,"moisturizer gel, cream pelembab wajah","blueberry, ceramide pomegranate niacinamide, centella","brightening, dark spot, control hydrating, repair skin barrier",2,Anti-Aging dan Sunscreen
bioaqua mask sheet vegetables fruits plant essence face naturgo jerawat hydrating brightening,"bioaqua, naturgo","essence face, mask sheet","vegetables, plant, fruits",jerawat hydrating brightening,3,Perawatan Kulit dan Pelembap
day cream ms glow white,ms glow,cream,,"day, white",0,Skincare Dasar dan Hidrasi
,,,,,3,Perawatan Kulit dan Pelembap
the originote charcoal clay mask mugwort stick,the originote,"stick, clay mask","charcoal, mugwort",,1,Perawatan Wajah dan Jerawat
facemist,,facemist,,,3,Perawatan Kulit dan Pelembap
mask wajah lea gloria,lea gloria,mask wajah,,,0,Skincare Dasar dan Hidrasi
skintific pore clay stick mask wajah komedo,skintific,clay stick mask,,"pore, wajah komedo",4,Brightening dan Perawatan Kulit Cerah
serum glowing brightening chromabright skin youth revolution,,serum,chromabright,"brightening, glowing, skin youth revolution",4,Brightening dan Perawatan Kulit Cerah
rcandy compressed mask permen kompres,rcandy,"permen kompres, compressed mask",,,1,Perawatan Wajah dan Jerawat
louisse choice caviar moisturizer dna salmon white brightening skin,louisse choice,moisturizer,"dna salmon, caviar",white brightening skin,2,Anti-Aging dan Sunscreen
azarine sunscreen hydrasoothe gel spf45 hydramax serum spf body guard moisturizer spf50,azarine,"gel, moisturizer, sunscreen, serum",,"spf50, spf, body guard, spf45 hydramax, hydrasoothe",1,Perawatan Wajah dan Jerawat
pinkroulette mask organic facemask mencerahkan menghilangkan bekas jerawat ampuh,pinkroulette,mask organic facemask,,mencerahkan menghilangkan bekas jerawat ampuh,0,Skincare Dasar dan Hidrasi
mi kaca make up mini travelling,mi,kaca make up,,mini travelling,2,Anti-Aging dan Sunscreen
maybelline long lasting waterproof lipstick lipcream transferproof,maybelline,lipstick lipcream,,"long lasting waterproof, transferproof",4,Brightening dan Perawatan Kulit Cerah
kaca make up mini travelling,,kaca make up,,mini travelling,4,Brightening dan Perawatan Kulit Cerah
one kaca make up mini travelling,one,kaca make up,,mini travelling,4,Brightening dan Perawatan Kulit Cerah
kaca make up travelling,make up,kaca,,travelling,2,Anti-Aging dan Sunscreen
bioaqua mask sheet wajah memutihkan anti jerawat hyaluronic acid hydrating essence face,bioaqua,"essence face, mask sheet",hyaluronic acid,"wajah memutihkan anti jerawat, hydrating",2,Anti-Aging dan Sunscreen
implora lip cream matte lipcream,implora,lip cream matte lipcream,,,1,Perawatan Wajah dan Jerawat
dazzle me setting spray protecting hydrating mist flawless lightening tahan 24 jam,dazzle me,"setting spray, mist",,"flawless lightening, protecting hydrating, tahan 24 jam",2,Anti-Aging dan Sunscreen
kuku palsu perawatan kecantikan kaki manicure lem,,"manicure lem, kuku palsu",,perawatan kecantikan kaki,3,Perawatan Kulit dan Pelembap
lem kuku tangan palsu,,lem kuku tangan palsu,,,2,Anti-Aging dan Sunscreen
tawas spray beorganik crystal deodorant deodoran,beorganik,"deodoran, tawas spray, crystal deodorant",,,2,Anti-Aging dan Sunscreen
hanasui mattedorable lip cream matte lipcream lipstick cair,hanasui,"lip cream matte, lipcream lipstick cair",,mattedorable,3,Perawatan Kulit dan Pelembap
kaca make up travelling,,kaca make up,,travelling,2,Anti-Aging dan Sunscreen
kudan kutek peel off kuteks muslimah untuk sholat,kudan,kutek peel off,,kuteks muslimah untuk sholat,1,Perawatan Wajah dan Jerawat
glad2glow pomegranate niacinamide brightening moisturizer pelembab wajah white glowing gel day night cream,glad2glow,"cream, gel, moisturizer pelembab wajah","niacinamide, pomegranate","brightening, white glowing, day night",3,Perawatan Kulit dan Pelembap
hanasui mattedorable lip cream tintdorable lipstick bibir blush on and cheek,hanasui,"lipstick, bibir blush on and cheek, lip cream tintdorable",,mattedorable,3,Perawatan Kulit dan Pelembap
sabun pyramid nalpamara rempah kunyit bidara alami atasi jerawat kojic pyary,"kojic pyary, pyramid nalpamara",sabun,"bidara, rempah kunyit",alami atasi jerawat,0,Skincare Dasar dan Hidrasi
implora lip cream matte lipstick lipstik,implora,lip cream matte,lipstick lipstik,,0,Skincare Dasar dan Hidrasi
sabun batang harmony fruity refreshing soap,harmony,"sabun batang, soap",fruity,refreshing,2,Anti-Aging dan Sunscreen
kaca make up mini travelling,,kaca make up,,mini travelling,1,Perawatan Wajah dan Jerawat
marina hand body lotion uv white serum,marina,"hand body lotion, serum",,uv white,4,Brightening dan Perawatan Kulit Cerah
musk lilian ashley parfum wanita,musk lilian ashley,parfum wanita,,,4,Brightening dan Perawatan Kulit Cerah
implora eye brow pencil pensil serutan sikat alis,implora,eye brow pencil pensil serutan sikat alis,,,0,Skincare Dasar dan Hidrasi
lem kuku palsu gel,,lem kuku palsu gel,,,1,Perawatan Wajah dan Jerawat
cermin saku travelling,,cermin,,saku travelling,0,Skincare Dasar dan Hidrasi
tas kosmetik pouch,,tas kosmetik pouch,,,2,Anti-Aging dan Sunscreen
implora eyebrow,implora,eyebrow,,,1,Perawatan Wajah dan Jerawat
white aha body serum moisturizing badan bleaching,,body serum,aha,"moisturizing badan bleaching, white",1,Perawatan Wajah dan Jerawat
kutek peel off muslimah dikupas untuk sholat,,kutek peel off,,muslimah dikupas untuk sholat,2,Anti-Aging dan Sunscreen
wardah lightening face serum toner facial micellar gentle wash,wardah,"facial micellar gentle wash, serum toner",,lightening face,4,Brightening dan Perawatan Kulit Cerah
selection kapas kecantikan tebal cotton bud korek kuping make up remover micellar water toner,selection,"kapas kecantikan tebal, micellar water toner, cotton bud korek kuping",,make up remover,1,Perawatan Wajah dan Jerawat
implora pensil alis soft eyebrow pencil,implora,"soft eyebrow pencil, pensil alis",,,1,Perawatan Wajah dan Jerawat
sisir kutu logam serit ketombe,,sisir kutu logam serit,,ketombe,2,Anti-Aging dan Sunscreen
garnier hair color,garnier,hair color,,,3,Perawatan Kulit dan Pelembap
alat kikir kuku untuk manicure pedicure pengkilat,,alat kikir kuku,,"pengkilat, untuk manicure pedicure",0,Skincare Dasar dan Hidrasi
gogoland kuas mask makeup brushes,gogoland,kuas mask makeup brushes,,,1,Perawatan Wajah dan Jerawat
madame gie plump balm lip gloss moisturizing long lasting,madame gie,balm lip gloss,,"plump, moisturizing long lasting",0,Skincare Dasar dan Hidrasi
the originote hyalurose micellar water cleanser wajah make up remover cleansing melembabkan hyaluronic acid,the originote,micellar water cleanser wajah,"hyaluronic acid, hyalurose",make up remover cleansing melembabkan,1,Perawatan Wajah dan Jerawat
jm parfum pria wanita tahan lama,jm,parfum,,pria wanita tahan lama,2,Anti-Aging dan Sunscreen
kaca make up mini travelling,,kaca make up,,mini travelling,2,Anti-Aging dan Sunscreen
dove sabun mandi cair deeply nourishing,dove,sabun mandi cair,,deeply nourishing,3,Perawatan Kulit dan Pelembap
geamoore parfum roll inspired perfume pewangi badan wewangian,geamoore,parfum roll inspired perfume pewangi badan,,wewangian,1,Perawatan Wajah dan Jerawat
parfum le labo scandal parfume pria wanita tahan lama,le labo scandal,"parfume, parfum",,pria wanita tahan lama,4,Brightening dan Perawatan Kulit Cerah
tissue bulat mini travel sekali mask wajah kompres tisu bentuk permen travelling compressed paper,,"paper, tissue bulat mini travel, tisu, mask wajah kompres",,"sekali, bentuk permen travelling compressed",3,Perawatan Kulit dan Pelembap
cetakan alis mini eyebrow wanita,,cetakan alis mini eyebrow wanita,,,0,Skincare Dasar dan Hidrasi
pensil alis lyra black brown eyebrow liner,lyra,"black brown eyebrow liner, pensil alis",,,1,Perawatan Wajah dan Jerawat
pinkflash liquid eyeliner high pigmented long lasting waterproof,pinkflash,liquid eyeliner,,high pigmented long lasting waterproof,4,Brightening dan Perawatan Kulit Cerah
stay matte maybelline lip cream,maybelline,lip cream,,stay matte,1,Perawatan Wajah dan Jerawat
sabun kertas cuci tangan praktis travelling paper soap travel,,"paper soap travel, sabun kertas cuci tangan",,praktis travelling,1,Perawatan Wajah dan Jerawat
svmy 1062 contour concealer lightweight soft,svmy 1062,contour concealer,,lightweight soft,1,Perawatan Wajah dan Jerawat
omg oh my glam matte kis lip cream,omg oh my glam,matte kis lip cream,,,1,Perawatan Wajah dan Jerawat
focallure eyebrow cream gel waterproof pensil alis kosmetik mata,focallure,"eyebrow cream gel, pensil alis kosmetik mata",,waterproof,0,Skincare Dasar dan Hidrasi
,,,,,2,Anti-Aging dan Sunscreen
parfum roll on dijamin awet,,parfum roll on,,dijamin awet,0,Skincare Dasar dan Hidrasi
giv white hijab sabun mandi batang saffron niacinamide,giv,hijab sabun mandi batang saffron,niacinamide,white,2,Anti-Aging dan Sunscreen
the originote hyalu c serum vitamin mencerahkan kulit wajah kusam meratakan warna menjaga skin barrier hyaluronic acid,the originote,serum,"hyaluronic acid, hyalu c, vitamin",mencerahkan kulit wajah kusam meratakan warna menjaga skin barrier,4,Brightening dan Perawatan Kulit Cerah
omg oh my glam matte kiss lip cream lipstick lipstik lipcream shade,omg oh my glam,matte kiss lip cream lipstick lipstik lipcream shade,,,0,Skincare Dasar dan Hidrasi
sabun pyary nalpamara,pyary nalpamara,sabun,,,1,Perawatan Wajah dan Jerawat
facetology triple care jerawat calm micellar water cleanser wajah salicylic acid untuk kulit berminyak,facetology,micellar water cleanser wajah,salicylic acid,"triple care jerawat calm, untuk kulit berminyak",2,Anti-Aging dan Sunscreen
deodorant spray tawas cair ampuh mencegah bau ketiak badan,,"cair, deodorant spray",tawas,ampuh mencegah bau ketiak badan,0,Skincare Dasar dan Hidrasi
omg oh my glam matte kiss lip cream,omg oh my glam,matte kiss lip cream,,,4,Brightening dan Perawatan Kulit Cerah
kuku palsu fake nail,palsu,"fake nail, kuku",,,2,Anti-Aging dan Sunscreen
gendes feminine wash foam sweet care spray,gendes feminine,"wash foam, spray",care,sweet,2,Anti-Aging dan Sunscreen
maybelline lipstik lipstick lipcream longlasting waterproof viral tahan lama,maybelline,"lipcream, lipstik lipstick",,longlasting waterproof viral tahan lama,2,Anti-Aging dan Sunscreen
gogoland lem kuku palsu gel,gogoland,lem kuku palsu gel,,,2,Anti-Aging dan Sunscreen
matte lipcream liquid lipstick waterproof long lasting,,matte lipcream liquid lipstick,,waterproof long lasting,4,Brightening dan Perawatan Kulit Cerah
zencolor lip cream matte moisturizer liquid lipstik,zencolor,lip cream matte moisturizer liquid lipstik,,,4,Brightening dan Perawatan Kulit Cerah
sabun hotel,,sabun hotel,,,2,Anti-Aging dan Sunscreen
harmony sabun batang,,harmony sabun batang,,,4,Brightening dan Perawatan Kulit Cerah
sabun mandi cair,,sabun mandi cair,,,3,Perawatan Kulit dan Pelembap
pensil alis implora eyebrow,implora,"eyebrow, pensil alis",,,3,Perawatan Kulit dan Pelembap
scarlett white eau de parfum,scarlett,eau de parfum,,white,2,Anti-Aging dan Sunscreen
lameila lip glaze velvet matte gloss lipstik cair pelembab lisptick,lameila,lip glaze velvet matte gloss lipstik cair pelembab lisptick,,,4,Brightening dan Perawatan Kulit Cerah
skintific air cushion uv spf 35 pa oil control waterproof fondation sweatproof matte finish poreless foundation flawless bb cream,skintific,"bb cream, air cushion, foundation",,"flawless, waterproof fondation sweatproof matte finish poreless, uv spf 35 pa, oil control",0,Skincare Dasar dan Hidrasi
dettol sabun mandi batang soap,dettol,sabun mandi batang soap,,,1,Perawatan Wajah dan Jerawat
skintific mugwort jerawat clay stick mask wajah komedo ampuh penghilang acner exfoliating green glowing niacinamide salicylic acid ceramide centella glycolic probiotic complex,skintific,jerawat clay stick mask wajah,"mugwort, niacinamide salicylic acid ceramide centella glycolic probiotic complex",komedo ampuh penghilang acner exfoliating green glowing,4,Brightening dan Perawatan Kulit Cerah
garnier hair color pewarna rambut,garnier,"pewarna rambut, hair color",,,2,Anti-Aging dan Sunscreen
omg oh my glam matte kiss lip cream,omg oh my glam,matte kiss lip cream,,,1,Perawatan Wajah dan Jerawat
bulumata,,bulumata,,,0,Skincare Dasar dan Hidrasi
kaca mini travel travelling,,kaca mini travel,,travelling,1,Perawatan Wajah dan Jerawat
sunisa bedak cushion bb cream foundation waterproof,sunisa,"cushion bb cream, bedak",,foundation waterproof,1,Perawatan Wajah dan Jerawat
kutek peel off muslimah dikupas untuk sholat,,kutek peel off,,muslimah dikupas untuk sholat,1,Perawatan Wajah dan Jerawat
the originote high serum cushion,the originote,high serum cushion,,,3,Perawatan Kulit dan Pelembap
kaca make up mini travelling,,kaca make up,,mini travelling,3,Perawatan Kulit dan Pelembap
mask mata collagen crystal eyemask kantong black panda anti - aging,,"eyemask kantong black panda, mask mata",collagen crystal,anti - aging,1,Perawatan Wajah dan Jerawat
implora lip cream matte,implora,lip cream matte,,,0,Skincare Dasar dan Hidrasi
kapas selection facial cotton round toner cleanser wajah,kapas selection,"toner cleanser wajah, facial cotton round",,,1,Perawatan Wajah dan Jerawat
maybelline matte,maybelline,matte,,,3,Perawatan Kulit dan Pelembap
milk recipe hair removal cream waxing perontok bulu ketiak non irritating untuk melembapkan anti iritasi chicken skin niacinamide,milk recipe,hair removal cream,niacinamide,waxing perontok bulu ketiak non irritating untuk melembapkan anti iritasi chicken skin,3,Perawatan Kulit dan Pelembap
oil control luxcrime two way cake bedak foundation padat high coverage untuk kulit halus tanpa pori bebas minyak tahan 24 jam,luxcrime,bedak,,"two way cake, oil control, foundation padat high coverage untuk kulit halus tanpa pori bebas minyak tahan 24 jam",0,Skincare Dasar dan Hidrasi
kuku palsu perawatan kecantikan kaki,,kuku palsu,,perawatan kecantikan kaki,3,Perawatan Kulit dan Pelembap
kuku palsu,kuku palsu,,,,0,Skincare Dasar dan Hidrasi
kapas selection cleanser wajah,kapas selection,cleanser wajah,,,2,Anti-Aging dan Sunscreen
facetology triple care lip protector sunscreen,facetology,sunscreen,,triple care lip protector,2,Anti-Aging dan Sunscreen
pensil alis bubuk maskara,,"pensil alis bubuk, maskara",,,0,Skincare Dasar dan Hidrasi
elformula peeling moisturizer serum barrier perawatan wajah pelembab exfoliating,elformula,"peeling moisturizer, serum",,"barrier perawatan wajah, pelembab exfoliating",4,Brightening dan Perawatan Kulit Cerah
o two mascara waterproof long lasting curling,o two,mascara,,waterproof long lasting curling,2,Anti-Aging dan Sunscreen
bb parfum le labo non wanita wangi tahan lama,le labo,bb parfum,,non wanita wangi tahan lama,0,Skincare Dasar dan Hidrasi
sisir pomade,sisir pomade,,,,2,Anti-Aging dan Sunscreen
cat kutek kuku peel off wanita muslimah sholat kupas,,cat kutek kuku peel off,,wanita muslimah sholat kupas,4,Brightening dan Perawatan Kulit Cerah
pxton spatula mask,pxton,spatula mask,,,4,Brightening dan Perawatan Kulit Cerah
miranda hair color cat rambut permanen,miranda,hair color cat rambut permanen,,,4,Brightening dan Perawatan Kulit Cerah
parfum roll on,,parfum roll on,,,1,Perawatan Wajah dan Jerawat
implora lip cream matte lipcream lipstick lipstik,implora,lip cream matte lipcream lipstick lipstik,,,0,Skincare Dasar dan Hidrasi
kaca make up mini travelling,,kaca make up,,mini travelling,2,Anti-Aging dan Sunscreen
hanasui mattedorable lip cream matte dorable lipcream lipstick cair,hanasui,lip cream matte dorable lipcream lipstick cair,,mattedorable,3,Perawatan Kulit dan Pelembap
kojie san soap kojic acid,kojie san,soap kojic,acid,,1,Perawatan Wajah dan Jerawat
parfum lelabo tahan lama wanita pria,lelabo,parfum,,tahan lama wanita pria,1,Perawatan Wajah dan Jerawat
bibit parfum murni,,bibit parfum murni,,,2,Anti-Aging dan Sunscreen
fres natural spray cologne hijab refres princess charming,fres natural,spray cologne hijab,,refres princess charming,1,Perawatan Wajah dan Jerawat
svmy 1041 liquid lipstick silky glass lip glaze waterproof long lasting,svmy 1041,liquid lipstick silky glass,,lip glaze waterproof long lasting,0,Skincare Dasar dan Hidrasi
vaseline soft glow gluta vitamin spf 20 body serum niacinamide,vaseline,body serum,"niacinamide, gluta vitamin","soft glow, spf 20",3,Perawatan Kulit dan Pelembap
pisau alis pengerok alat pencukur cukur eyebrow,,pisau alis pengerok alat pencukur cukur eyebrow,,,1,Perawatan Wajah dan Jerawat
pinkflash matte lipstik lembut tahan lama pelembab pigmentasi tinggi,pinkflash,"pelembab, matte lipstik",,"lembut tahan lama, pigmentasi tinggi",3,Perawatan Kulit dan Pelembap
louisse choice dna salmon glowing uv glow spf 50 pa sunscreen white and repairing moisturizing,louisse choice,sunscreen,dna salmon,"glowing uv, glow spf 50 pa, white and repairing moisturizing",4,Brightening dan Perawatan Kulit Cerah
wardah matte lip cream tahan lama,wardah,matte lip cream,,tahan lama,1,Perawatan Wajah dan Jerawat
implora eyebrow pencil pensil alis serut,implora,"pensil alis serut, eyebrow pencil",,,3,Perawatan Kulit dan Pelembap
azarine hydrasoothe sunscreen spf45 pa kulit berminyak jerawat,azarine,sunscreen,,"kulit berminyak jerawat, hydrasoothe, spf45 pa",0,Skincare Dasar dan Hidrasi
ms glow night cream day facial wash toner,ms glow,"cream, facial wash toner",,"day, night",0,Skincare Dasar dan Hidrasi
garnier hair color pewarna rambut,garnier,"pewarna rambut, hair color",,,2,Anti-Aging dan Sunscreen
koya kaki kinoki detox,kinoki,koya kaki,,detox,0,Skincare Dasar dan Hidrasi
,,,,,0,Skincare Dasar dan Hidrasi
implora eyebrow pencil pensil serutan sikat alis,implora,eyebrow pencil pensil serutan sikat alis,,,3,Perawatan Kulit dan Pelembap
natural deodorant tawas spray essential oil penghilang bau badan therapeutic,natural,"deodorant, spray essential oil",tawas,penghilang bau badan therapeutic,3,Perawatan Kulit dan Pelembap
skintific air cushion high coverage poreless flawless foundation long lasting spf35 pa,skintific,"air cushion, foundation",,"high coverage poreless flawless, long lasting spf35 pa",2,Anti-Aging dan Sunscreen
sunisa air cushion bb cream foundation,sunisa,air cushion bb cream foundation,,,0,Skincare Dasar dan Hidrasi
sadoer hand cream moisturizing fruit lotion skin menjadikan tangan lebih lembut halus melembabkan,sadoer,"lotion skin, hand cream",,"moisturizing fruit, menjadikan tangan lebih lembut halus melembabkan",1,Perawatan Wajah dan Jerawat
wardah glasting liquid lip ringan tidak lengket transferproof,wardah,liquid lip,,"glasting, ringan tidak lengket transferproof",1,Perawatan Wajah dan Jerawat
pembesar payudara ampuh permanen instacare tanpa efek samping,instacare,,,"tanpa efek samping, pembesar payudara ampuh permanen",4,Brightening dan Perawatan Kulit Cerah
spons bedak beauty powder foundation sponge make up cushion bb cream basah kering,beauty powder,"spons bedak, cushion bb cream basah, foundation sponge make up",,kering,3,Perawatan Kulit dan Pelembap
pembesar pengencang payudara bigsaze soap,bigsaze,soap,,pembesar pengencang payudara,0,Skincare Dasar dan Hidrasi
parfum,,parfum,,,0,Skincare Dasar dan Hidrasi
madame gie blushed makeup blush on long lasting,madame gie,blushed makeup blush on,,long lasting,1,Perawatan Wajah dan Jerawat
selection kapas kecantikan cotton buds,selection,kapas kecantikan cotton buds,,,1,Perawatan Wajah dan Jerawat
glad2glow pomegranate niacinamide brightening moisturizer mencerahkan pelembab wajah white glowing cream facial day night malam pencerah,glad2glow,"pelembab wajah, cream facial, moisturizer","niacinamide, pomegranate","brightening, white glowing, day night malam pencerah, mencerahkan",1,Perawatan Wajah dan Jerawat
lameila svmy contour concealer lightweight soft,lameila svmy,contour concealer,,lightweight soft,2,Anti-Aging dan Sunscreen
kuku palsu fashion fake simple nails art,,kuku palsu,,"simple nails art, fashion fake",0,Skincare Dasar dan Hidrasi
glazed lock lip plump next level gloss yang transferproof tahan lama 24 jam ringan tidak lengket bibir,glazed,lock lip,,plump next level gloss yang transferproof tahan lama 24 jam ringan tidak lengket bibir,1,Perawatan Wajah dan Jerawat
mascara maybelline,maybelline,mascara,,,1,Perawatan Wajah dan Jerawat
garnier pewarna rambut,garnier,pewarna rambut,,,3,Perawatan Kulit dan Pelembap
emina jerawat face wash scrub foam toner moisturizer tone up serum wajah sheet mask loose powder,emina,"face wash scrub, foam toner moisturizer tone up serum wajah sheet mask loose powder",,jerawat,0,Skincare Dasar dan Hidrasi
hanasui mattedorable lip cream,hanasui,lip cream,,mattedorable,1,Perawatan Wajah dan Jerawat
,,,,,3,Perawatan Kulit dan Pelembap
kutek peel off kuteks muslimah untuk sholat,,kutek peel off,,kuteks muslimah untuk sholat,2,Anti-Aging dan Sunscreen
ailin fresh and natural minyak wangi perfume parfum,ailin fresh and natural,"minyak wangi, perfume parfum",,,1,Perawatan Wajah dan Jerawat
pengikir kuku,,pengikir kuku,,,3,Perawatan Kulit dan Pelembap
bnb barenbliss lip tint moisturizing,bnb barenbliss,lip tint,,moisturizing,0,Skincare Dasar dan Hidrasi
wardah day cream night cleanser toner cleansing gel white,wardah,"cleanser toner cleansing gel, cream",,"day, night, white",1,Perawatan Wajah dan Jerawat
kaca make up mini travelling,,kaca make up,,mini travelling,0,Skincare Dasar dan Hidrasi
kuku palsu tahan air,,kuku palsu,,tahan air,2,Anti-Aging dan Sunscreen
parfum zf tahan lama unisex,zf,parfum,,"unisex, tahan lama",2,Anti-Aging dan Sunscreen
remimpi anti hair fall treatment shampoo oil control dandruff loss rambut rontok ketombe perawatan sampo,remimpi,"sampo, shampoo",dandruff,"anti hair fall treatment, loss rambut rontok ketombe perawatan, oil control",0,Skincare Dasar dan Hidrasi
kojic bright glow soap,kojic,soap,,bright glow,3,Perawatan Kulit dan Pelembap
omg oh my glam matte kiss lip cream,omg oh my glam,matte kiss lip cream,,,1,Perawatan Wajah dan Jerawat
purbasari lipstick color matte tahan 12jam ringan lembut bibir,purbasari,lipstick color matte,,tahan 12jam ringan lembut bibir,0,Skincare Dasar dan Hidrasi
garnier cream,garnier,cream,,,0,Skincare Dasar dan Hidrasi
sheet mask milk sadoer fruits essence,sadoer,"essence, sheet mask","fruits, milk",,3,Perawatan Kulit dan Pelembap
kaca rias makeup,,kaca rias makeup,,,2,Anti-Aging dan Sunscreen
hanasui mattedorable lip cream matte lipcream lipstick,hanasui,"lip cream matte, lipcream lipstick",,mattedorable,4,Brightening dan Perawatan Kulit Cerah
spatula mini cream,,"spatula mini, cream",,,1,Perawatan Wajah dan Jerawat
omg oh my glam matte kiss lip cream,omg oh my glam,matte kiss lip cream,,,1,Perawatan Wajah dan Jerawat
parfum,,parfum,,,3,Perawatan Kulit dan Pelembap
sabun pyary turmeric,pyary,sabun,turmeric,,2,Anti-Aging dan Sunscreen
garnier pewarna rambut,garnier,pewarna rambut,,,4,Brightening dan Perawatan Kulit Cerah
octarine parfum wanita tahan lama parfume perfume minyak wangi cewek,octarine,"parfume perfume minyak wangi cewek, parfum",,wanita tahan lama,2,Anti-Aging dan Sunscreen
facetology triple care hydra cleanse micellar water cleanser wajah sensitive skin make up tanpa bilas,facetology,micellar water cleanser wajah,,"triple care hydra cleanse, sensitive skin make up tanpa bilas",3,Perawatan Kulit dan Pelembap
kudan kutek kuku peel off wanita cewek muslimah sholat kupas wangi tahan lama,kudan,kutek kuku peel off,,"wanita cewek muslimah sholat kupas, wangi tahan lama",4,Brightening dan Perawatan Kulit Cerah
the originote hyalurose micellar water,the originote,micellar water,hyalurose,,4,Brightening dan Perawatan Kulit Cerah
kudan kutek peel off tahan lama wangi cat kuku muslimah,kudan,kutek peel off,,tahan lama wangi cat kuku muslimah,3,Perawatan Kulit dan Pelembap
eyebrow cetakan alis powder concealer,,"cetakan alis powder concealer, eyebrow",,,4,Brightening dan Perawatan Kulit Cerah
24pieces lem kuku palsu gel,24pieces,lem kuku palsu gel,,,0,Skincare Dasar dan Hidrasi
kaca make up mini travelling,,kaca make up,,mini travelling,3,Perawatan Kulit dan Pelembap
tosca deodorant spray tawas anti bau badan ketiak lengket white,tosca,deodorant spray,tawas,anti bau badan ketiak lengket white,4,Brightening dan Perawatan Kulit Cerah
eyeliner pensil waterproof young and beauty,young and beauty,eyeliner pensil,,waterproof,1,Perawatan Wajah dan Jerawat
vaseline rosy lip therapy,vaseline,rosy,,lip therapy,2,Anti-Aging dan Sunscreen
pengikir kuku,,pengikir kuku,,,4,Brightening dan Perawatan Kulit Cerah
,,,,,4,Brightening dan Perawatan Kulit Cerah
citra natural booster body serum complete glow niacinamide vitamin c hyaluronic acid,citra,booster body serum,niacinamide vitamin c hyaluronic acid,"complete glow, natural",1,Perawatan Wajah dan Jerawat
pinkflash waterproof liquid eyeliner pencil 24 jam long wear quick dry anti transfer pensil,pinkflash,"pensil, liquid eyeliner pencil",,"anti transfer, waterproof, 24 jam long wear quick dry",3,Perawatan Kulit dan Pelembap
sabun pyramid pyary nalpamara soap,pyramid pyary nalpamara,"sabun, soap",,,0,Skincare Dasar dan Hidrasi
sabun mandi cair,,sabun mandi cair,,,2,Anti-Aging dan Sunscreen
instaperfect skincover air cushion coverage transfer resistant spf 50 pa,instaperfect,cushion,,"skincover air, coverage transfer resistant spf 50 pa",0,Skincare Dasar dan Hidrasi
parfum unisex,,parfum,,unisex,4,Brightening dan Perawatan Kulit Cerah
stiker kuku lem palsu gel,,stiker kuku lem palsu gel,,,3,Perawatan Kulit dan Pelembap
makarizo hair energy conditioning shampoo,makarizo hair energy,conditioning shampoo,,,3,Perawatan Kulit dan Pelembap
lem kuku,lem kuku,,,,0,Skincare Dasar dan Hidrasi
pisau cukur jenggot kumis pria cowok,pisau cukur jenggot kumis,,,pria cowok,4,Brightening dan Perawatan Kulit Cerah
kaca make up mini travelling,,kaca make up,,mini travelling,0,Skincare Dasar dan Hidrasi
hanasui lipcream mattedorable,hanasui,lipcream,,mattedorable,0,Skincare Dasar dan Hidrasi
parfum,,parfum,,,1,Perawatan Wajah dan Jerawat
jennskin deodorant,jennskin,deodorant,,,4,Brightening dan Perawatan Kulit Cerah
lulur pomade,pomade,lulur,,,0,Skincare Dasar dan Hidrasi
o two makeup base cream soft focus primer,o two,makeup base cream,,soft focus primer,1,Perawatan Wajah dan Jerawat
miranda hair color pewarna rambut permanent,miranda,hair color pewarna rambut,,permanent,3,Perawatan Kulit dan Pelembap
oily skin scora niacinamide hydramoist gel salicylic acid low ph cleanser,skin scora,"gel, cleanser","niacinamide, salicylic acid","hydramoist, oily, low ph",4,Brightening dan Perawatan Kulit Cerah
,,,,,1,Perawatan Wajah dan Jerawat
nagaraku ungu bulumata palsu eyelash extension,nagaraku ungu,"eyelash extension, bulumata palsu",,,1,Perawatan Wajah dan Jerawat
giv white sabun mandi cair mulberry,giv,sabun mandi cair,mulberry,white,1,Perawatan Wajah dan Jerawat
hanasui mattedorable lip cream,hanasui,lip cream,,mattedorable,1,Perawatan Wajah dan Jerawat
pomade lulur,pomade,lulur,,,1,Perawatan Wajah dan Jerawat
verfons lipstick matte lipstik tahan lama waterproof,verfons,lipstick matte lipstik,,tahan lama waterproof,4,Brightening dan Perawatan Kulit Cerah
pembesar pengencang payudara sabun,,sabun,,pembesar pengencang payudara,4,Brightening dan Perawatan Kulit Cerah
mireya flawless setting spray up face mist,mireya,"setting spray, face mist",,"flawless, up",4,Brightening dan Perawatan Kulit Cerah
sea makeup lock it matte jerawat setting spray membantu menjaga riasan selama 16 jam merawat mencegah succinic acid resveratrol,sea makeup,setting spray,succinic acid resveratrol,"membantu menjaga riasan selama, lock it matte jerawat, 16 jam merawat mencegah",2,Anti-Aging dan Sunscreen
emeron hand body lotion,emeron,hand body lotion,,,0,Skincare Dasar dan Hidrasi
sasha vitamin rambut,sasha,vitamin rambut,,,3,Perawatan Kulit dan Pelembap
kaca make up mini travelling,,kaca make up,,mini travelling,0,Skincare Dasar dan Hidrasi
travel pouch organizer anti air tas serut make up serbaguna kantong waterproff,,"travel pouch organizer, tas serut make up",,"waterproff, serbaguna kantong, anti air",2,Anti-Aging dan Sunscreen
alat kikir kuku untuk manicure pedicure,,alat kikir kuku,,untuk manicure pedicure,3,Perawatan Kulit dan Pelembap
parfum kualitas awet,parfum,,,kualitas awet,3,Perawatan Kulit dan Pelembap
o two mascara waterproof long lasting curling,o two,mascara,,waterproof long lasting curling,0,Skincare Dasar dan Hidrasi
nivea deodorant roll on men brightening black white,nivea,deodorant roll on men,,brightening black white,0,Skincare Dasar dan Hidrasi
lameila 1037 maskara mascara pelentik natural waterproof,lameila 1037,"mascara pelentik, maskara",,natural waterproof,3,Perawatan Kulit dan Pelembap
the originote lip oil serum treatment bibir melembabkan mencerahkan warna ceramide vitamin c,the originote,lip oil serum,ceramide vitamin c,treatment bibir melembabkan mencerahkan warna,0,Skincare Dasar dan Hidrasi
pembesar pengencang payudara breast serum sabun bigsaze soap,bigsaze soap,breast serum sabun,,pembesar pengencang payudara,0,Skincare Dasar dan Hidrasi
fres natural spray cologne parfum mist,fres natural,spray cologne parfum mist,,,3,Perawatan Kulit dan Pelembap
enchen portable shaver alat cukur jenggot elektrik waterproof,enchen,portable shaver alat cukur jenggot elektrik,,waterproof,2,Anti-Aging dan Sunscreen
hanasui mattedorable lip cream matte,hanasui,lip cream matte,,mattedorable,2,Anti-Aging dan Sunscreen
eyeliner pensil alis anti air make up waterproof big eye tahan lama,big eye,eyeliner pensil alis,,"tahan lama, anti air make up waterproof",4,Brightening dan Perawatan Kulit Cerah
omg lipcream,omg,lipcream,,,1,Perawatan Wajah dan Jerawat
sea makeup jerawat smooth two way powder matte bedak padat salicylic acid ceramide safflower meratakan warna kulit menutup serta noda hitam ataupun bekas,sea makeup,bedak padat,salicylic acid ceramide safflower,"meratakan warna kulit menutup serta noda hitam ataupun bekas, matte, jerawat smooth two way, powder",0,Skincare Dasar dan Hidrasi
azzura loose powder bedak tabur,azzura,loose powder bedak tabur,,,0,Skincare Dasar dan Hidrasi
nuvo soap cool,nuvo,soap,,cool,4,Brightening dan Perawatan Kulit Cerah
rexa deodorant tawas cair menghilangkan bau badan ketiak,rexa,"deodorant, cair",tawas,menghilangkan bau badan ketiak,1,Perawatan Wajah dan Jerawat
dettol sabun mandi batang soap antiiseptik,dettol,sabun mandi batang soap,,antiiseptik,3,Perawatan Kulit dan Pelembap
o two eyelash black mascara waterproof long,o two,eyelash black mascara,,waterproof long,0,Skincare Dasar dan Hidrasi
sabun belerang spirulina shampoo zink,zink,"sabun, shampoo",belerang spirulina,,4,Brightening dan Perawatan Kulit Cerah
cotton buds selection cottonbuds cottonbud kapas korek kuping,selection,"cottonbuds cottonbud kapas korek kuping, cotton buds",,,0,Skincare Dasar dan Hidrasi
selection facial cotton kotak kapas,selection,facial cotton kotak kapas,,,4,Brightening dan Perawatan Kulit Cerah
somethinc checkmatte transferproof lipstick,somethinc,lipstick,,checkmatte transferproof,1,Perawatan Wajah dan Jerawat
pinkflash day night maskara lengthening tahan air lama mascara,pinkflash,"mascara, maskara",,"lengthening, tahan air lama, day night",3,Perawatan Kulit dan Pelembap
penutup bening bulu mata,,penutup bening bulu mata,,,2,Anti-Aging dan Sunscreen
hayejin serum sheet mask,hayejin,serum sheet mask,,,0,Skincare Dasar dan Hidrasi
some mi mask,some mi,mask,,,0,Skincare Dasar dan Hidrasi
pigeon teens facial foam moisturizer face powder sunscreen jerawat,pigeon teens,facial foam moisturizer face powder sunscreen,,jerawat,1,Perawatan Wajah dan Jerawat
parfum minyak wangi,,"minyak wangi, parfum",,,3,Perawatan Kulit dan Pelembap
lem kuku palsu,lem kuku palsu,,,,1,Perawatan Wajah dan Jerawat
foundation,,foundation,,,1,Perawatan Wajah dan Jerawat
lip cream matte,,lip cream matte,,,3,Perawatan Kulit dan Pelembap
pouch zip lock kosmetik,,pouch zip lock kosmetik,,,4,Brightening dan Perawatan Kulit Cerah
kudan kutek peel off kuteks muslimah untuk sholat,kudan,kutek peel off,,kuteks muslimah untuk sholat,3,Perawatan Kulit dan Pelembap
implora lip cream matte lipstick lipstik,implora,lip cream matte,lipstick lipstik,,1,Perawatan Wajah dan Jerawat
cermin pernikahan aestetik,,cermin pernikahan aestetik,,,2,Anti-Aging dan Sunscreen
garnier color,garnier,color,,,1,Perawatan Wajah dan Jerawat
scarlett white body lotion wash scrub lulur day cream night jerawat bright toner eye serum peeling gel sunscreen,scarlett,"toner eye serum, body lotion wash scrub lulur, peeling gel sunscreen",,"day cream night, jerawat bright, white",1,Perawatan Wajah dan Jerawat
skintific cushion foundation concealer bb cream bedak padat compact powder conceler ceramide hyaluronic acid,skintific,"bb cream, compact powder conceler, bedak padat, cushion foundation concealer",ceramide hyaluronic acid,,1,Perawatan Wajah dan Jerawat
cindynal lip balm rosy lips moisturizing pelembab pemerah bibir permanen alami,cindynal,"pelembab, lip balm rosy lips",,"moisturizing, pemerah bibir permanen alami",4,Brightening dan Perawatan Kulit Cerah
alat pencukur alis pisau cukur pengerok eyebrow razor,,alat pencukur alis pisau cukur pengerok eyebrow razor,,,1,Perawatan Wajah dan Jerawat
stiker lem kuku palsu,,stiker lem kuku palsu,,,0,Skincare Dasar dan Hidrasi
sponge blender make up,,sponge blender make up,,,0,Skincare Dasar dan Hidrasi
lipstik svmy lip gloss glamour matte waterproof tahan lama,svmy,"glamour matte, lip gloss, lipstik",,waterproof tahan lama,1,Perawatan Wajah dan Jerawat
travel pouch serut,,travel pouch serut,,,4,Brightening dan Perawatan Kulit Cerah
glow up serum aha lotion 1 booster,aha,"lotion, serum",,"1 booster, glow up",3,Perawatan Kulit dan Pelembap
magefy bulu mata,magefy,bulu mata,,,3,Perawatan Kulit dan Pelembap
nuvo cool,nuvo,,,cool,1,Perawatan Wajah dan Jerawat
pouch zip lock kosmetik transparan,,pouch zip lock kosmetik transparan,,,4,Brightening dan Perawatan Kulit Cerah
kuku palsu perawatan kecantikan kaki manicure,,"manicure, kuku palsu",,perawatan kecantikan kaki,1,Perawatan Wajah dan Jerawat
tas pouch kosmetik makeup anti air waterproof,,tas pouch kosmetik makeup,,anti air waterproof,0,Skincare Dasar dan Hidrasi
svmy eyeliner waterproof stain resistant lasting,svmy,eyeliner,,waterproof stain resistant lasting,1,Perawatan Wajah dan Jerawat
sabun melody sirih khusus miss v,melody,sabun,sirih,khusus miss v,4,Brightening dan Perawatan Kulit Cerah
omg oh my glam matte kiss lip cream,omg oh my glam,matte kiss lip cream,,,4,Brightening dan Perawatan Kulit Cerah
,,,,,2,Anti-Aging dan Sunscreen
madame gie charmseeker ombre make up soft matte finish,madame gie,charmseeker ombre make up,,soft matte finish,1,Perawatan Wajah dan Jerawat
pouch multifungsi organizer anti air travel serbaguna,,pouch multifungsi organizer,,anti air travel serbaguna,3,Perawatan Kulit dan Pelembap
roll on parfume minyak wangi pria wanita,roll on,"parfume, minyak wangi",,pria wanita,2,Anti-Aging dan Sunscreen
musk lilian ashley,musk lilian ashley,,,,4,Brightening dan Perawatan Kulit Cerah
star oh my glam matte kiss lip cream lipstick lipstik liquid cair lips,star oh my glam,"matte kiss lip cream, lipstick lipstik liquid cair lips",,,2,Anti-Aging dan Sunscreen
lem kuku palsu gel,,lem kuku palsu gel,,,0,Skincare Dasar dan Hidrasi
dettol soap sabun batang mandi antibacterial anti kuman,dettol,"sabun batang mandi, soap",,antibacterial anti kuman,1,Perawatan Wajah dan Jerawat
implora pensil alis eyebrow pencil,implora,pensil alis eyebrow pencil,,,2,Anti-Aging dan Sunscreen
molcas lash classic eyelash extension,molcas lash classic,eyelash extension,,,4,Brightening dan Perawatan Kulit Cerah
kutek peel off muslimah dikupas untuk sholat,,kutek peel off,,muslimah dikupas untuk sholat,0,Skincare Dasar dan Hidrasi
jelly 24 lem kuku palsu gel,jelly 24,lem kuku palsu gel,,,3,Perawatan Kulit dan Pelembap
ms glow,ms glow,,,,4,Brightening dan Perawatan Kulit Cerah
kapas wajah selection cleanser kecantikan facial,selection,"kapas wajah, cleanser",,kecantikan facial,2,Anti-Aging dan Sunscreen
tas kosmetik washbag pouch travel make up waterproof,,"tas kosmetik, washbag pouch travel make up",,waterproof,1,Perawatan Wajah dan Jerawat
nuvo sabun batang active cool,nuvo,sabun batang,,active cool,0,Skincare Dasar dan Hidrasi
omg oh my glam matte kiss lip cream lipstick lipstik lipcream glow,omg oh my glam,"lipstick lipstik lipcream, matte kiss lip cream",,glow,3,Perawatan Kulit dan Pelembap
eyeshadow myho cream shimmer single glitter,myho,"cream, eyeshadow",,shimmer single glitter,4,Brightening dan Perawatan Kulit Cerah
zinc shampoo active cool fresh anti hairfall treatment black shine clean hijab perawatan hitam rontok rambut shampo lemon urang aring ginseng,zinc,"shampoo, shampo","urang aring, lemon, ginseng",active cool fresh anti hairfall treatment black shine clean hijab perawatan hitam rontok rambut,0,Skincare Dasar dan Hidrasi
implora lip cream matte lipstick lipstik,implora,lip cream matte,lipstick lipstik,,4,Brightening dan Perawatan Kulit Cerah
dikalu eyeshadow,dikalu,eyeshadow,,,2,Anti-Aging dan Sunscreen
sea makeup micellar water cleanser wajah remover cleansing kulit sensitif jerawat salicylic acid,sea makeup,micellar water cleanser wajah,salicylic acid,remover cleansing kulit sensitif jerawat,0,Skincare Dasar dan Hidrasi
myho eyeshadow pensil plus brush matte mata berkilau,myho,eyeshadow pensil plus brush matte,,mata berkilau,4,Brightening dan Perawatan Kulit Cerah
hanasui mattedorable lipcream,hanasui,lipcream,,mattedorable,0,Skincare Dasar dan Hidrasi
,,,,,0,Skincare Dasar dan Hidrasi
parfum le labo pria wanita,le labo,parfum,,pria wanita,0,Skincare Dasar dan Hidrasi
the originote hyalucera moisturizer barrier ceramide cicamide facial cleanser jerawat serum astachiol ceratides eye jelly mask,the originote,"facial cleanser jerawat, eye jelly mask, moisturizer barrier, serum","hyalucera, astachiol ceratides, ceramide cicamide",,3,Perawatan Kulit dan Pelembap
wardah lightening series day night cream face serum wash foam mask scrub toner milk cleanser gentle micellar water facial mist pagi malam,wardah,"cream face serum wash foam mask scrub toner, cleanser gentle micellar water facial mist",milk,"lightening series day night, pagi malam",1,Perawatan Wajah dan Jerawat
kuku palsu,kuku palsu,,,,1,Perawatan Wajah dan Jerawat
omg oh my glam matte kiss lip cream,omg oh my glam,matte kiss lip cream,,,1,Perawatan Wajah dan Jerawat
pixy uv white,pixy,,,uv white,4,Brightening dan Perawatan Kulit Cerah
pxton spatula mask mini cream,pxton,spatula mask mini cream,,,4,Brightening dan Perawatan Kulit Cerah
omg oh my glam matte kiss lip cream lipstik,omg oh my glam,matte kiss lip cream lipstik,,,1,Perawatan Wajah dan Jerawat
somethinc sunscreen spf 40 pa,somethinc,sunscreen,,spf 40 pa,3,Perawatan Kulit dan Pelembap
lulur pomade salep,pomade,"lulur, salep",,,0,Skincare Dasar dan Hidrasi
kaca make up mini travelling,,kaca make up,,mini travelling,1,Perawatan Wajah dan Jerawat
cetakan alis,,cetakan alis,,,0,Skincare Dasar dan Hidrasi
garnier micellar cleansing water pink blue vitamin c rose,garnier,micellar cleansing water pink blue,vitamin c rose,,1,Perawatan Wajah dan Jerawat
kaca make up mini sovenir travelling,,kaca make up,,mini sovenir travelling,1,Perawatan Wajah dan Jerawat
somethinc uv cushion spf 35 pa matte finish tidak menyumbat pori,somethinc,cushion,,"uv, spf 35 pa matte finish tidak menyumbat pori",0,Skincare Dasar dan Hidrasi
kapas wajah selection facial,selection,"kapas wajah, facial",,,3,Perawatan Kulit dan Pelembap
r033 kuas make up,r033,kuas make up,,,1,Perawatan Wajah dan Jerawat
,,,,,1,Perawatan Wajah dan Jerawat
raecca glow up,raecca,,,glow up,0,Skincare Dasar dan Hidrasi
evangeline parfum wanita,evangeline,parfum wanita,,,2,Anti-Aging dan Sunscreen
gogoland cetakan alis mini eyebrow pencetak,gogoland,"cetakan alis mini eyebrow, pencetak",,,1,Perawatan Wajah dan Jerawat
mask mata eye collagen,mask mata eye,,collagen,,0,Skincare Dasar dan Hidrasi
parfum unisex,,parfum,,unisex,2,Anti-Aging dan Sunscreen
biotalk coffee scrub soap sabun mandi untuk bekas luka strechmark,biotalk coffee,"scrub soap, sabun mandi",,untuk bekas luka strechmark,2,Anti-Aging dan Sunscreen
jm implora hair colour,jm implora,hair colour,,,0,Skincare Dasar dan Hidrasi
lem kuku palsu,lem kuku palsu,,,,2,Anti-Aging dan Sunscreen
shampoo sabun,,"sabun, shampoo",,,1,Perawatan Wajah dan Jerawat
oreal matte liquid foundation loreal natural tahan,"oreal, loreal",matte liquid foundation,,natural tahan,1,Perawatan Wajah dan Jerawat
ibana cermin bulat travelling serbaguna hand mirror,ibana,"hand mirror, cermin bulat",,"serbaguna, travelling",1,Perawatan Wajah dan Jerawat
fres spray cologne,fres,spray cologne,,,0,Skincare Dasar dan Hidrasi
madame gie shower glow hypoallergenic sabun mandi body wash,madame gie,sabun mandi body wash,hypoallergenic,shower glow,0,Skincare Dasar dan Hidrasi
sabun medicare kesehatan anti bakteri kuman virus mandi tangan badan serbaguna,medicare,sabun,,kesehatan anti bakteri kuman virus mandi tangan badan serbaguna,4,Brightening dan Perawatan Kulit Cerah
cukur jenggot kumis bulu ketiak serbaguna,cukur jenggot kumis,,,bulu ketiak serbaguna,4,Brightening dan Perawatan Kulit Cerah
selection cotton bud korek kuping kapas reguler,selection,cotton bud korek kuping kapas reguler,,,4,Brightening dan Perawatan Kulit Cerah
zinc emeron shampo,zinc emeron,shampo,,,3,Perawatan Kulit dan Pelembap
perfume parfum unisex,,perfume parfum,,unisex,3,Perawatan Kulit dan Pelembap
natural deodorant tawas spray penghilang bau badan ketiak,natural,"deodorant, spray",tawas,penghilang bau badan ketiak,0,Skincare Dasar dan Hidrasi
octarine parfum wanita tahan lama parfume perfume minyak wangi cewek,octarine,"parfume perfume minyak wangi, parfum",,"cewek, wanita tahan lama",2,Anti-Aging dan Sunscreen
cetakan alis 12 eyebrow,,"cetakan alis 12, eyebrow",,,3,Perawatan Kulit dan Pelembap
moicare cream pencerah white ketiak selangkangan leher pantat area gelap niacinamide collagen brightening,moicare,cream,niacinamide collagen,"brightening, pencerah white ketiak selangkangan leher pantat area gelap",1,Perawatan Wajah dan Jerawat
cermin bulat kaca makeup,,"kaca makeup, cermin bulat",,,3,Perawatan Kulit dan Pelembap
bibit parfum murni,,bibit parfum murni,,,0,Skincare Dasar dan Hidrasi
madame gie mascara maskara waterproof,madame gie,"mascara, maskara",,waterproof,2,Anti-Aging dan Sunscreen
souvernir parfume,souvernir,parfume,,,3,Perawatan Kulit dan Pelembap
omg oh my glam mattelast lip cream tahan lama,omg oh my glam,mattelast lip cream,,tahan lama,3,Perawatan Kulit dan Pelembap
lem kuku palsu,lem kuku palsu,,,,1,Perawatan Wajah dan Jerawat
parfum roll on,roll on,parfum,,,3,Perawatan Kulit dan Pelembap
peel off kudan cat kutek kuku jari tangan sun uv,kudan,"cat kutek kuku jari tangan, peel off",,sun uv,1,Perawatan Wajah dan Jerawat
bigsize soap breast serum pembesar pengencang payudara,bigsize soap,breast serum,,pembesar pengencang payudara,3,Perawatan Kulit dan Pelembap
instacare bigsaze soap breast serum pembesar pengencang payudara,instacare bigsaze soap,breast serum,,pembesar pengencang payudara,4,Brightening dan Perawatan Kulit Cerah
pembesar pengencang payudara instacare bigsaze soap breast serum,instacare bigsaze soap,breast serum,,pembesar pengencang payudara,3,Perawatan Kulit dan Pelembap
instacare bigsaze soap breast serum pengencang pembesar menghaluskan payudara,instacare bigsaze soap,breast serum,,pengencang pembesar menghaluskan payudara,1,Perawatan Wajah dan Jerawat
lameila eyeshadow palette waterproof,lameila,eyeshadow palette,,waterproof,4,Brightening dan Perawatan Kulit Cerah
27an penjepit bulu mata pelentik,27an,penjepit bulu mata,,pelentik,3,Perawatan Kulit dan Pelembap
kuteks kutek muslimah peel off kudan,kudan,kuteks kutek muslimah peel off,,,1,Perawatan Wajah dan Jerawat
dobha parfum roll on minyak wangi,dobha,parfum roll on minyak wangi,,,1,Perawatan Wajah dan Jerawat
kutek kuku untuk sholat peel off kuteks muslimah,,"kutek kuku, peel off kuteks muslimah",,untuk sholat,3,Perawatan Kulit dan Pelembap
kikir kuku pengkilap,,kikir kuku pengkilap,,,0,Skincare Dasar dan Hidrasi
hanasui mattedorable lip cream,hanasui,lip cream,,mattedorable,4,Brightening dan Perawatan Kulit Cerah
facetology triple care jerawat calm micellar water sunscreen spf 40 pa,facetology,micellar water sunscreen,,"triple care jerawat calm, spf 40 pa",0,Skincare Dasar dan Hidrasi
tawas spray beorganik crystal deodorant deodoran,beorganik,"deodoran, tawas spray, crystal deodorant",,,1,Perawatan Wajah dan Jerawat
the originote hyalucera moisturizer gel pelembab wajah serum bright jerawat ceratides peeling astachiol eyelash toner sunscreen mist,the originote,"eyelash toner sunscreen mist, peeling, moisturizer gel pelembab wajah serum","hyalucera, ceratides, astachiol","jerawat, bright",2,Anti-Aging dan Sunscreen
saff co extrait de parfum,saff co,extrait de parfum,,,2,Anti-Aging dan Sunscreen
sisir serit plastik kutu rambut,,"sisir serit plastik, rambut",,kutu,2,Anti-Aging dan Sunscreen
serum pembesar pengencang payudara permanen bigsaze soap,bigsaze soap,serum,,pembesar pengencang payudara permanen,2,Anti-Aging dan Sunscreen
pembesar pengencang payudara breast serum bigsize soap,bigsize soap,breast serum,,pembesar pengencang payudara,4,Brightening dan Perawatan Kulit Cerah
scarlett white halalbpom,scarlett,,,"halalbpom, white",2,Anti-Aging dan Sunscreen
parfum,,parfum,,,1,Perawatan Wajah dan Jerawat
kahf face wash scrub sabun wajah pria,kahf,face wash scrub sabun wajah pria,,,3,Perawatan Kulit dan Pelembap
focallure watery lip tint tahan lama melembabkan,focallure watery,lip tint,,tahan lama melembabkan,1,Perawatan Wajah dan Jerawat
magic deo,magic deo,,,,1,Perawatan Wajah dan Jerawat
deodoran roll on bedak tawas penghilang bau badan,,deodoran roll on bedak,tawas,penghilang bau badan,4,Brightening dan Perawatan Kulit Cerah
saniye concealer waterproof wajah,saniye,concealer,,waterproof wajah,0,Skincare Dasar dan Hidrasi
iswhite body mask pencerah tubuh,iswhite,body mask,,pencerah tubuh,4,Brightening dan Perawatan Kulit Cerah
dazzle me powder long wear fast oil fix silky tahan air makeup setting bedak padat,dazzle me,setting bedak padat,,powder long wear fast oil fix silky tahan air makeup,1,Perawatan Wajah dan Jerawat
beauthinc gluta soap goat milk,beauthinc,soap,"goat milk, gluta",,2,Anti-Aging dan Sunscreen
omg oh my glam matte kiss lip cream,omg oh my glam,matte kiss lip cream,,,2,Anti-Aging dan Sunscreen
,,,,,3,Perawatan Kulit dan Pelembap
grosiran kuku palsu manicure,,grosiran kuku palsu,,manicure,0,Skincare Dasar dan Hidrasi
zen1 parfum le labo minyak wangi tahan lama,"le labo, zen1","minyak wangi, parfum",,tahan lama,2,Anti-Aging dan Sunscreen
bioaqua micellar water makeup remover hyaluronic acid polypeptide gentle cleansing,bioaqua,micellar water,hyaluronic acid polypeptide,"gentle cleansing, makeup remover",4,Brightening dan Perawatan Kulit Cerah
instacare bigsaze soap breast serum,instacare bigsaze soap,breast serum,,,4,Brightening dan Perawatan Kulit Cerah
instacare bigsaze soap breast serum,instacare bigsaze soap,breast serum,,,4,Brightening dan Perawatan Kulit Cerah
bigsaze soap breast serum pengencang boba si kembar,bigsaze soap,breast serum,,pengencang boba si kembar,2,Anti-Aging dan Sunscreen
kaca make up mini travelling,,kaca make up,,mini travelling,4,Brightening dan Perawatan Kulit Cerah
bioaqua sheet mask hydrating essence face brightening anti - aging wajah,bioaqua,"sheet mask, essence face",,"brightening, hydrating, anti - aging wajah",3,Perawatan Kulit dan Pelembap
penjepit pelentik bulu mata,,penjepit pelentik bulu mata,,,2,Anti-Aging dan Sunscreen
grace and glow brightening sun lotion body serum spf 30 pa sunscreen sunblock badan anti uv arbutin bearberry,grace and glow,"sun lotion body serum, sunscreen sunblock",arbutin bearberry,"brightening, badan anti uv, spf 30 pa",2,Anti-Aging dan Sunscreen
elformula intensive peeling solution serum exfoliating wajah mencerahkan dark spot angkat sel kulit mati aha bha pha,elformula,intensive peeling solution serum,aha bha pha,exfoliating wajah mencerahkan dark spot angkat sel kulit mati,0,Skincare Dasar dan Hidrasi
hanasui mattedorable lip cream matte lipcream lipstick cair,hanasui,"lip cream matte, lipcream lipstick cair",,mattedorable,4,Brightening dan Perawatan Kulit Cerah
sadoer mask facial sheet perawatan wajah,sadoer,mask facial sheet,,perawatan wajah,2,Anti-Aging dan Sunscreen
marina hand body lotion uv white serum,marina,"hand body lotion, serum",,uv white,4,Brightening dan Perawatan Kulit Cerah
implora eye brow pencil pensil serutan sikat alis,implora,eye brow pencil pensil serutan sikat alis,,,1,Perawatan Wajah dan Jerawat
glowsophy watermelon brightening moisturizer skin barrier niacinamide gel day and night,glowsophy,"gel, moisturizer","niacinamide, watermelon","day and night, skin barrier, brightening",2,Anti-Aging dan Sunscreen
white aha body serum moisturizing badan pencerah,,body serum,aha,"moisturizing badan pencerah, white",4,Brightening dan Perawatan Kulit Cerah
skintific cushion foundation concealer bb cream bedak padat compact powder conceler centella asiatica ceramide hyaluronic acid,skintific,"bb cream, compact powder conceler, bedak padat, cushion foundation concealer",centella asiatica ceramide hyaluronic acid,,2,Anti-Aging dan Sunscreen
skintific stay velvet matte cushion,skintific,velvet matte cushion,,stay,4,Brightening dan Perawatan Kulit Cerah
kojie san anti - aging soap,kojie san,soap,,anti - aging,4,Brightening dan Perawatan Kulit Cerah
face up glow serum day white booster,face up,serum,,"white booster, day, glow",2,Anti-Aging dan Sunscreen
momilen maternity care cream,momilen,cream,,maternity care,4,Brightening dan Perawatan Kulit Cerah
asthin force kapsul,asthin force,kapsul,,,3,Perawatan Kulit dan Pelembap
selection kapas,selection,kapas,,,3,Perawatan Kulit dan Pelembap
ciara avocado calming liquid wash chamomile cream untuk melembutkan kulit gatal,ciara avocado,liquid wash chamomile cream,,"untuk melembutkan kulit gatal, calming",4,Brightening dan Perawatan Kulit Cerah
dermia cream,dermia,cream,,,2,Anti-Aging dan Sunscreen
biore skin caring jerawat care facial foam,biore,facial foam,,skin caring jerawat care,4,Brightening dan Perawatan Kulit Cerah
men biore jerawat uv aqua rich,men biore,,,"uv aqua rich, jerawat",4,Brightening dan Perawatan Kulit Cerah
biore uv aqua sunscreen essence spf50 pa,biore,"essence, sunscreen",aqua,"uv, spf50 pa",1,Perawatan Wajah dan Jerawat
,,,,,4,Brightening dan Perawatan Kulit Cerah
biore skin caring bright oil clear facial foam,biore,facial foam,,skin caring bright oil clear,4,Brightening dan Perawatan Kulit Cerah
megrhythm night steam patch lavender relaksasi,megrhythm,steam patch,lavender,"night, relaksasi",1,Perawatan Wajah dan Jerawat
rdl papaya brightening soap,rdl,soap,papaya,brightening,4,Brightening dan Perawatan Kulit Cerah
moisturizing niacinamide pelembab wajah,,pelembab wajah,niacinamide,moisturizing,4,Brightening dan Perawatan Kulit Cerah
biyu gentle gel cleanser jerawat facial wash sabun cuci wajah low ph,biyu gentle,"facial wash sabun cuci wajah, gel cleanser",,"jerawat, low ph",2,Anti-Aging dan Sunscreen
ceradan moisturizer cream,ceradan,"cream, moisturizer",,,0,Skincare Dasar dan Hidrasi
ceradan gentle cleanser,ceradan gentle,cleanser,,,1,Perawatan Wajah dan Jerawat
la roche posay effaclar purifying foaming gel,la roche posay,foaming gel,,effaclar purifying,4,Brightening dan Perawatan Kulit Cerah
parasol sunblock spf 33 cream,parasol,"cream, sunblock",,spf 33,3,Perawatan Kulit dan Pelembap
mask mata anak inframerah untuk kesehatan eye care pseudomyopia freshcare,,mask mata anak,"pseudomyopia, inframerah","freshcare, eye care, untuk kesehatan",4,Brightening dan Perawatan Kulit Cerah
kanebo fulfilling emulsion,kanebo,,,fulfilling emulsion,0,Skincare Dasar dan Hidrasi
bionect cream,bionect,cream,,,1,Perawatan Wajah dan Jerawat
natasha,natasha,,,,0,Skincare Dasar dan Hidrasi
selection cotton bud,selection,cotton bud,,,2,Anti-Aging dan Sunscreen
resida,resida,,,,4,Brightening dan Perawatan Kulit Cerah
ciara stretchmark treatment,ciara,,,stretchmark treatment,3,Perawatan Kulit dan Pelembap
kojie san dreamwhite anti - aging facial toner collagen,kojie san,facial toner,collagen,dreamwhite anti - aging,2,Anti-Aging dan Sunscreen
somethinc ceramic skin saviour moisturizer gel cocok untuk jerawat kulit sensitif non comedogenic melembapkan mengurangi kemerahan pelembab tidak menyumbat pori,somethinc,"moisturizer gel, pelembab",ceramic,"cocok untuk jerawat kulit sensitif non comedogenic melembapkan mengurangi kemerahan, skin saviour, tidak menyumbat pori",4,Brightening dan Perawatan Kulit Cerah
kojie san kojic acid soap,kojie san,soap,kojic acid,,1,Perawatan Wajah dan Jerawat
lysca daily exfoliating toner clear and smooth skin mencerahkan wajah,lysca,toner,,"clear and smooth skin mencerahkan wajah, daily exfoliating",3,Perawatan Kulit dan Pelembap
spirulina suplemen kesehatan antioksidan,,suplemen kesehatan,spirulina,antioksidan,2,Anti-Aging dan Sunscreen
the originote brightening moisturizer pelembab wajah niacinamide vitamin untuk mencerahkan mengencangkan memperbaiki barrier kulit cocok kusam jerawat bikin halus glowing,the originote,moisturizer pelembab wajah,niacinamide vitamin,"brightening, untuk mencerahkan mengencangkan memperbaiki barrier kulit cocok kusam jerawat bikin halus glowing",1,Perawatan Wajah dan Jerawat
skintific niacinamide brightening moisturizer gel,skintific,moisturizer gel,niacinamide,brightening,3,Perawatan Kulit dan Pelembap
erto salmon dna night cream,erto,cream,salmon dna,night,1,Perawatan Wajah dan Jerawat
sariayu moisturizer,sariayu,moisturizer,,,0,Skincare Dasar dan Hidrasi
viva face tonic bengkuang,viva,face tonic,bengkuang,,2,Anti-Aging dan Sunscreen
natasha spicule shot serum anti - aging,natasha,spicule shot serum,,anti - aging,0,Skincare Dasar dan Hidrasi
kanebo,kanebo,,,,3,Perawatan Kulit dan Pelembap
biore uv aqua rich sunscreen watery gel spf50 pa,biore,sunscreen watery gel,aqua,"uv, spf50 pa, rich",0,Skincare Dasar dan Hidrasi
kanebo,kanebo,,,,0,Skincare Dasar dan Hidrasi
oneskin protective sunscreen spray spf 50 pa kering wajah facial,oneskin,sunscreen spray,,"protective, spf 50 pa, kering wajah facial",1,Perawatan Wajah dan Jerawat
debiuryn jerawat milk cleanser susu wajah kulit berminyak,debiuryn,cleanser,"susu, milk","wajah kulit berminyak, jerawat",2,Anti-Aging dan Sunscreen
somethinc copper peptide resveratrol serum,somethinc,serum,copper peptide resveratrol,,3,Perawatan Kulit dan Pelembap
noroid derma cream,noroid derma,cream,,,4,Brightening dan Perawatan Kulit Cerah
collagen dna plus kojic soap awet,dna plus kojic,soap,collagen,awet,3,Perawatan Kulit dan Pelembap
dna plus phyto mist beautetox salmon concentrate gel skin booster serum pelembab wajah anti - aging pria wanita pencerah berminyak jerawat kusam kering mochi treatment,dna plus phyto,"mist beautetox, concentrate gel skin booster serum pelembab wajah",salmon,"mochi treatment, anti - aging pria wanita pencerah berminyak jerawat kusam kering",4,Brightening dan Perawatan Kulit Cerah
somethinc retinol serum menyamarkan tekstur kulit garis halus anti - aging mencegah kerutan pori besar dark spot renewal brighten smoothing essence prevent premature pemula,somethinc,"essence, serum",retinol,"menyamarkan tekstur kulit garis halus anti - aging mencegah kerutan pori besar dark spot renewal brighten smoothing, prevent premature pemula",3,Perawatan Kulit dan Pelembap
kojie san skin lightening soap hydromoist,kojie san,soap,,"hydromoist, skin lightening",2,Anti-Aging dan Sunscreen
biore uv sunscreen skin protection essence spf50 pa,biore,"essence, sunscreen",,"uv, spf50 pa, skin protection",3,Perawatan Kulit dan Pelembap
kanebo,kanebo,,,,4,Brightening dan Perawatan Kulit Cerah
natasha serum anti - aging,natasha,serum,,anti - aging,0,Skincare Dasar dan Hidrasi
men biore bright oil clear sabun wajah doublescrub,men biore,sabun wajah,,"doublescrub, bright oil clear",0,Skincare Dasar dan Hidrasi
oneskin memberi perlindungan maksimal memperbaiki skin barrier sunscreen moisturizer,oneskin,sunscreen moisturizer,,memberi perlindungan maksimal memperbaiki skin barrier,1,Perawatan Wajah dan Jerawat
topicare ceramide soothing cream perawatan tubuh,topicare,cream,ceramide,"perawatan tubuh, soothing",2,Anti-Aging dan Sunscreen
labore sensitive physical sunscreen,labore,sunscreen,,"sensitive, physical",1,Perawatan Wajah dan Jerawat
debiuryn ageless glow serum lactid acid hyaluronic anti - aging,debiuryn,serum,lactid acid hyaluronic,"ageless glow, anti - aging",1,Perawatan Wajah dan Jerawat
herborist aloe vera soothing moisturizer,herborist,moisturizer,aloe vera,soothing,1,Perawatan Wajah dan Jerawat
alat pijat wajah indoganic beauty rose quartz facial roller untuk melancarkan peredaran darah mengencangkan kulit,indoganic beauty rose quartz,"facial roller, alat pijat wajah",,untuk melancarkan peredaran darah mengencangkan kulit,2,Anti-Aging dan Sunscreen
natasha stemcell booster anti - aging,natasha,stemcell booster,,anti - aging,2,Anti-Aging dan Sunscreen
somethinc starter kit calm down moisturizer low ph jelly cleanser sunscreen gel,somethinc,"moisturizer, jelly cleanser sunscreen gel",,"starter kit calm down, low ph",1,Perawatan Wajah dan Jerawat
men biore oil balance sabun wajah non scrub,men biore,sabun wajah,,"non scrub, oil balance",2,Anti-Aging dan Sunscreen
tje fuk white night cream mencerahkan kulit wajah kusam mengatasi jerawat noda bekas flek hitam membandel bintik haluskan tanda penuaan pria wanita,tje fuk,cream,,"white night, mencerahkan kulit wajah kusam mengatasi jerawat noda bekas flek hitam membandel bintik haluskan tanda penuaan pria wanita",4,Brightening dan Perawatan Kulit Cerah
kojie san serum,kojie san,serum,,,1,Perawatan Wajah dan Jerawat
kanebo sunscreen spf 50 pa,kanebo,sunscreen,,spf 50 pa,1,Perawatan Wajah dan Jerawat
cetaphil gentle skin cleanser,cetaphil,cleanser,,gentle skin,0,Skincare Dasar dan Hidrasi
wardah white secret day cream,wardah,cream,,white secret day,1,Perawatan Wajah dan Jerawat
wardah aloe hydramild multifunction gel,wardah,gel,aloe,hydramild multifunction,3,Perawatan Kulit dan Pelembap
foe 2 white day cream mencerahkan meratakan warna kulit,foe 2,cream,,"white day, mencerahkan meratakan warna kulit",0,Skincare Dasar dan Hidrasi
debiuryn face scrub peeling cream kulit normal atau kering,debiuryn,face scrub peeling cream,,kulit normal atau kering,0,Skincare Dasar dan Hidrasi
somethinc propolis hydra mist,somethinc,mist,propolis,hydra,0,Skincare Dasar dan Hidrasi
mouisturizing milk cleanser natasha,natasha,cleanser,milk,mouisturizing,3,Perawatan Kulit dan Pelembap
alpha serum dna plus salmon dark spot terminator noda regenerasi kulit wajah sehat,dna plus,alpha serum,salmon,dark spot terminator noda regenerasi kulit wajah sehat,3,Perawatan Kulit dan Pelembap
somethinc holyshield sunscreen comfort corrector serum spf 50 pa kulit jerawat tone up mineral,somethinc,"tone up, sunscreen, serum",mineral,"holyshield, spf 50 pa kulit jerawat, comfort corrector",4,Brightening dan Perawatan Kulit Cerah
natasha glowing sensitif skin barrier,natasha,,,glowing sensitif skin barrier,0,Skincare Dasar dan Hidrasi
watch me bare it bright gentle brightening whip foam,watch me bare it,whip foam,,bright gentle brightening,4,Brightening dan Perawatan Kulit Cerah
somethinc,somethinc,,,,3,Perawatan Kulit dan Pelembap
somethinc,somethinc,,,,4,Brightening dan Perawatan Kulit Cerah
biore skin caring jerawat care facial foam,biore,facial foam,,skin caring jerawat care,0,Skincare Dasar dan Hidrasi
kanebo,kanebo,,,,2,Anti-Aging dan Sunscreen
kanebo lift serum aging,kanebo,lift serum,,aging,4,Brightening dan Perawatan Kulit Cerah
polident 3 minute daily cleanser,polident,cleanser,,3 minute daily,0,Skincare Dasar dan Hidrasi
kanebo skin harmonizer,kanebo,,,skin harmonizer,3,Perawatan Kulit dan Pelembap
selection kapas,selection,kapas,,,2,Anti-Aging dan Sunscreen
kalpanax salep,kalpanax,salep,,,3,Perawatan Kulit dan Pelembap
oneskin memberi perlindungan maksimal membantu mencerahkan kulit wajah sunscreen serum,oneskin,sunscreen serum,,memberi perlindungan maksimal membantu mencerahkan kulit wajah,2,Anti-Aging dan Sunscreen
kojiesan skin lightening soap hydromoist,kojiesan,soap,,"hydromoist, skin lightening",2,Anti-Aging dan Sunscreen
kanebo essence,kanebo,essence,,,1,Perawatan Wajah dan Jerawat
cetaphil cleanser,cetaphil,cleanser,,,1,Perawatan Wajah dan Jerawat
somethinc holyshield uv watery sunscreen gel spf 50 pa untuk kulit berminnyak mudah menyerap no whitecast tidak lengket,somethinc,watery sunscreen gel,,"holyshield uv, spf 50 pa, untuk kulit berminnyak mudah menyerap no whitecast tidak lengket",4,Brightening dan Perawatan Kulit Cerah
phyto booster glowing facial mist white and brightening pencerah wajah,phyto,"pencerah wajah, facial mist",,"white and brightening, booster glowing",2,Anti-Aging dan Sunscreen
booster glowing mist,,mist,,booster glowing,2,Anti-Aging dan Sunscreen
ceradan moisturizer wash,ceradan,moisturizer wash,,,3,Perawatan Kulit dan Pelembap
lysca pore jerawat toner oily and skin,lysca,toner,,"oily and skin, pore jerawat",0,Skincare Dasar dan Hidrasi
oneskin pria perlindungan maksimal facial wash serum moisturizer sunscreen,oneskin,facial wash serum moisturizer sunscreen,,pria perlindungan maksimal,4,Brightening dan Perawatan Kulit Cerah
biore uv fresh bright soothing aloe sunscreen spf50 pa,biore,sunscreen,aloe,"spf50 pa, uv fresh bright soothing",4,Brightening dan Perawatan Kulit Cerah
biore uv fresh bright oil control matte sunscreen spf50 pa,biore,matte sunscreen,,"spf50 pa, uv fresh bright oil control",2,Anti-Aging dan Sunscreen
men biore bright energy sabun wajah doublescrub,men biore,sabun wajah,,"doublescrub, bright energy",4,Brightening dan Perawatan Kulit Cerah
debiuryn ageless skin energy serum retinol bha anti - aging,debiuryn,serum,retinol bha,"ageless skin energy, anti - aging",3,Perawatan Kulit dan Pelembap
biore uv sunscreen skin protection essence spf50 pa,biore,"essence, sunscreen",,"uv, spf50 pa, skin protection",3,Perawatan Kulit dan Pelembap
kanebo skin harmonizer,kanebo,,,skin harmonizer,0,Skincare Dasar dan Hidrasi
ciara stretchmark treatment oil natural deodorant,ciara,deodorant,,stretchmark treatment oil natural,0,Skincare Dasar dan Hidrasi
kanebo essence,kanebo,essence,,,0,Skincare Dasar dan Hidrasi
rdl papaya brightening soap sabun mandi batang,rdl papaya,soap sabun mandi batang,,brightening,4,Brightening dan Perawatan Kulit Cerah
verile blemish cream,verile,blemish cream,,,3,Perawatan Kulit dan Pelembap
kojie san men face wash lightening,kojie san,men face wash,,lightening,3,Perawatan Kulit dan Pelembap
debiuryn vitamin c bright glowing essense serum,debiuryn,essense serum,vitamin c,bright glowing,1,Perawatan Wajah dan Jerawat
kanebo cream anti - aging night,kanebo,cream,,anti - aging night,0,Skincare Dasar dan Hidrasi
heliatech sunscreen lotion spf,heliatech,sunscreen lotion,,spf,3,Perawatan Kulit dan Pelembap
somethinc perawatan mata panda eyelash serum,somethinc,eyelash serum,,perawatan mata panda,4,Brightening dan Perawatan Kulit Cerah
somethinc advanced peeling aha bha pha lha serum hangover voluminous fiber lash smudgeproof mascara,somethinc,"mascara, peeling, serum",aha bha pha lha,"advanced, hangover voluminous fiber lash smudgeproof",2,Anti-Aging dan Sunscreen
verile jerawat care facial wash,verile,facial wash,,jerawat care,4,Brightening dan Perawatan Kulit Cerah
dew it kids sunscreen mist daily lotion tabir surya spray,dew it kids,"mist daily lotion tabir surya spray, sunscreen",,,1,Perawatan Wajah dan Jerawat
noroid soothing cream,noroid,cream,,soothing,0,Skincare Dasar dan Hidrasi
herborist aloe vera soothing moisturizing gel,herborist,moisturizing gel,aloe vera,soothing,0,Skincare Dasar dan Hidrasi
garnier micellar cleansing rose water,garnier,micellar cleansing,rose water,,2,Anti-Aging dan Sunscreen
moko kit skin type,moko,,,kit skin type,3,Perawatan Kulit dan Pelembap
cetaphil skin restoring wash,cetaphil,,,skin restoring wash,0,Skincare Dasar dan Hidrasi
biore uv fresh bright sunscreen sun screen sunblock cream spf 50 pa samarkan noda hitam,biore,sunscreen sun screen sunblock cream,,"uv fresh bright, spf 50 pa samarkan noda hitam",2,Anti-Aging dan Sunscreen
men biore jerawat bacterior uv aqua rich,men biore,,,jerawat bacterior uv aqua rich,3,Perawatan Kulit dan Pelembap
kanebo,kanebo,,,,0,Skincare Dasar dan Hidrasi
prology skin clear peel,prology skin,,,clear peel,0,Skincare Dasar dan Hidrasi
kelly lemon soap,kelly,soap,lemon,,0,Skincare Dasar dan Hidrasi
wardah aloe hydramild facial wash,wardah,facial wash,aloe,hydramild,3,Perawatan Kulit dan Pelembap
jf sulfur dermamed soap,jf,soap,sulfur,dermamed,1,Perawatan Wajah dan Jerawat
acnes creamy wash,acnes creamy wash,,,,3,Perawatan Kulit dan Pelembap
kanebo,kanebo,,,,1,Perawatan Wajah dan Jerawat
somethinc basic skincare kit,somethinc,,,basic skincare kit,4,Brightening dan Perawatan Kulit Cerah
face up age defence hac lift serum anti - aging menghaluskan mengencangkan mencerahkan melembabkan kulit wajah,face up,serum,,"age defence hac lift, anti - aging menghaluskan mengencangkan mencerahkan melembabkan kulit wajah",4,Brightening dan Perawatan Kulit Cerah
dermatix bantu mempercepat penyembuhan luka secara optimal,dermatix,,,bantu mempercepat penyembuhan luka secara optimal,2,Anti-Aging dan Sunscreen
melanox cream,melanox,cream,,,1,Perawatan Wajah dan Jerawat
somethinc dark spot reducer ampoule,somethinc,ampoule,,dark spot reducer,3,Perawatan Kulit dan Pelembap
acnes point clear roll on,,acnes point clear roll on,,,3,Perawatan Kulit dan Pelembap
relife pigment solution,relife,,,pigment solution,0,Skincare Dasar dan Hidrasi
debiuryn cleanser wajah kulit jerawat berminyak,debiuryn,cleanser,,wajah kulit jerawat berminyak,3,Perawatan Kulit dan Pelembap
tje fuk essence moisturizer perawatan anti - aging wajah mengencangkan kerutan garis halus tanda penuaan mencerahkan melembutkan,tje fuk,essence moisturizer,,perawatan anti - aging wajah mengencangkan kerutan garis halus tanda penuaan mencerahkan melembutkan,3,Perawatan Kulit dan Pelembap
men biore jerawat bacterior sabun wajah doublescrub,men biore,sabun wajah,,"doublescrub, jerawat bacterior",4,Brightening dan Perawatan Kulit Cerah
kanebo clarifying powder wash,kanebo,wash,,clarifying powder,1,Perawatan Wajah dan Jerawat
topicare soothing cream,topicare,cream,,soothing,4,Brightening dan Perawatan Kulit Cerah
debiuryn phyto light active micellar water remaja anak,debiuryn phyto,micellar water,,"light active, remaja anak",3,Perawatan Kulit dan Pelembap
selection round facial cotton,selection round,facial cotton,,,1,Perawatan Wajah dan Jerawat
cheering mist uv spf50 pa,cheering,mist,,"uv, spf50 pa",2,Anti-Aging dan Sunscreen
cleanser,,cleanser,,,0,Skincare Dasar dan Hidrasi
tumitku,,tumitku,,,3,Perawatan Kulit dan Pelembap
bifesta foaming cleanser wajah busa untuk mengurangi minyak berlebih,bifesta,"foaming, cleanser wajah busa",,untuk mengurangi minyak berlebih,0,Skincare Dasar dan Hidrasi
dermaten cream,dermaten,cream,,,1,Perawatan Wajah dan Jerawat
beautetox alpha serum pencerah poreless arbutin botox like peptides melembabkan mencerahkan mengencangkan kulit glowing,beautetox,alpha serum,"arbutin, peptides","pencerah poreless, melembabkan mencerahkan mengencangkan kulit glowing, botox like",2,Anti-Aging dan Sunscreen
xepagel cream,xepagel,cream,,,1,Perawatan Wajah dan Jerawat
kanebo lotion,kanebo,lotion,,,1,Perawatan Wajah dan Jerawat
somethinc biospicule renewal serum,somethinc,biospicule renewal serum,,,0,Skincare Dasar dan Hidrasi
natasha facial wash oily,natasha,facial wash,,oily,3,Perawatan Kulit dan Pelembap
somethinc calm down skinpair moisturizer pelembap wajah untuk kulit sensitif kemerahan normal meredakan memperkuat skin barrier,somethinc,moisturizer pelembap wajah,,"untuk kulit sensitif kemerahan normal meredakan memperkuat skin barrier, calm down skinpair",2,Anti-Aging dan Sunscreen
somethinc glow aha bha pha clarifying treatment toner,somethinc,toner,aha bha pha,"clarifying treatment, glow",3,Perawatan Kulit dan Pelembap
papulex moussant cleansing gel dermatix jerawat spot care,"papulex moussant, dermatix",cleansing gel,,jerawat spot care,2,Anti-Aging dan Sunscreen
oneskin facial wash charcoal membersihkan wajah pria,oneskin,facial wash,charcoal,membersihkan wajah pria,4,Brightening dan Perawatan Kulit Cerah
glycore cream,glycore,cream,,,4,Brightening dan Perawatan Kulit Cerah
dermatix ultra gel,dermatix,ultra gel,,,3,Perawatan Kulit dan Pelembap
viva milk cleanser bengkoang,viva,cleanser,"bengkoang, milk",,4,Brightening dan Perawatan Kulit Cerah
moisturizing skin toner calendula natasha,natasha,moisturizing skin toner,calendula,,3,Perawatan Kulit dan Pelembap
hydrobiotic serum natasha,natasha,serum,hydrobiotic,,3,Perawatan Kulit dan Pelembap
phyto white booster up daily protection cream,phyto,cream,,white booster up daily protection,3,Perawatan Kulit dan Pelembap
astaxanthin kapsul,astaxanthin,kapsul,,,1,Perawatan Wajah dan Jerawat
asthin kapsul,asthin,kapsul,,,0,Skincare Dasar dan Hidrasi
dermatix wound care,dermatix,,,wound care,1,Perawatan Wajah dan Jerawat
men biore cleanser komedo,men biore,cleanser komedo,,,3,Perawatan Kulit dan Pelembap
biore uv aqua rich sunscreen essence spf50 pa,biore,"essence, sunscreen",aqua,"uv, spf50 pa, rich",3,Perawatan Kulit dan Pelembap
somethinc glow pyhtocell serum untuk kulit berkilau mencerahkan brightening anti - aging mencegah penuaan dini,somethinc,serum,,"glow pyhtocell, untuk kulit berkilau mencerahkan brightening anti - aging mencegah penuaan dini",4,Brightening dan Perawatan Kulit Cerah
lysca serum pores,lysca,serum,,pores,2,Anti-Aging dan Sunscreen
lysca lightening pencerah wajah glowing putih,lysca,pencerah wajah,,"lightening, glowing putih",1,Perawatan Wajah dan Jerawat
biore skin caring mild smooth facial foam,biore,facial foam,,skin caring mild smooth,2,Anti-Aging dan Sunscreen
fair lovely multivitamin facial foam,fair lovely,facial foam,multivitamin,,1,Perawatan Wajah dan Jerawat
somethinc calm down skinpair barrier serum penenang kulit sensitif iritasi meredakan kemerahan memperkuat skin menghaluskan tampilan peptide panthenol,somethinc,serum,peptide panthenol,"calm down skinpair barrier, penenang kulit sensitif iritasi meredakan kemerahan memperkuat skin menghaluskan tampilan",3,Perawatan Kulit dan Pelembap
face up cleansing balm cleanser wajah make remover olive oil mengecilkan pori mencerahkan kulit,face up,cleanser wajah,,"cleansing balm, make remover olive oil mengecilkan pori mencerahkan kulit",1,Perawatan Wajah dan Jerawat
cetaphil gentle skin cleanser,cetaphil,cleanser,,gentle skin,2,Anti-Aging dan Sunscreen
somethinc hyaluronic essence toner yang menghidrasi kulit melembabkan kering non comedogenic cocok untuk sensitif,somethinc,essence toner,hyaluronic,yang menghidrasi kulit melembabkan kering non comedogenic cocok untuk sensitif,1,Perawatan Wajah dan Jerawat
somethinc low ph jelly cleanser,somethinc,jelly cleanser,,low ph,4,Brightening dan Perawatan Kulit Cerah
somethinc eyelash serum mascara,somethinc,eyelash serum mascara,,,2,Anti-Aging dan Sunscreen
kojie san serum,kojie san,serum,,,0,Skincare Dasar dan Hidrasi
ichtyol cito salep,ichtyol cito,salep,,,0,Skincare Dasar dan Hidrasi
derma xp acneclear facial wash,derma xp acneclear,facial wash,,,0,Skincare Dasar dan Hidrasi
debiuryn genery cleanser wajah kulit normal kering,debiuryn,genery cleanser wajah,,kulit normal kering,2,Anti-Aging dan Sunscreen
ceradan hydra cream,ceradan,cream,,hydra,2,Anti-Aging dan Sunscreen
debiuryn bright hydrating essence toner,debiuryn,essence toner,,bright hydrating,2,Anti-Aging dan Sunscreen
men biore bright sabun wajah,men biore,sabun wajah,,bright,1,Perawatan Wajah dan Jerawat
men biore deep pore clean sabun wajah doublescrub,men biore,sabun wajah,,"doublescrub, deep pore clean",4,Brightening dan Perawatan Kulit Cerah
biore uv aqua sunscreen watery gel spf50 pa,biore,sunscreen watery gel,aqua,"uv, spf50 pa",3,Perawatan Kulit dan Pelembap
teen milk cleanser natasha,natasha,cleanser,milk,teen,3,Perawatan Kulit dan Pelembap
men biore cool oil clear bioreuv sunscreen essence,men biore,bioreuv sunscreen essence,,cool oil clear,2,Anti-Aging dan Sunscreen
biore skin caring mild smooth facial foam,biore,facial foam,,skin caring mild smooth,0,Skincare Dasar dan Hidrasi
lysca lightening,lysca,,,lightening,4,Brightening dan Perawatan Kulit Cerah
somethinc low ph gentle jelly cleanser face wash,somethinc,gentle jelly cleanser face wash,,low ph,4,Brightening dan Perawatan Kulit Cerah
wardah moisturizer gel,wardah,moisturizer gel,,,2,Anti-Aging dan Sunscreen
viva pelembab uv green tea,viva,pelembab,green tea,uv,1,Perawatan Wajah dan Jerawat
cica chicory calming moisturizer,chicory,moisturizer,cica,calming,4,Brightening dan Perawatan Kulit Cerah
jf sulfur anti jerawat cleanser,jf,cleanser,sulfur,anti jerawat,3,Perawatan Kulit dan Pelembap
somethinc hyaluronic9 moisturizer gel pelembap yang menghidrasi cocok untuk kulit sensitif non comedogenic,somethinc,"gel, moisturizer",hyaluronic9,pelembap yang menghidrasi cocok untuk kulit sensitif non comedogenic,1,Perawatan Wajah dan Jerawat
double lightening kering,,,,double lightening kering,1,Perawatan Wajah dan Jerawat
labore sensitive barrier revive cream,labore,cream,,"sensitive, barrier revive",1,Perawatan Wajah dan Jerawat
kanebo skin protector sunscreen,kanebo,sunscreen,,skin protector,4,Brightening dan Perawatan Kulit Cerah
bifesta foaming whip deep clear sabun cleanser wajah clay charcoal,bifesta,"foaming whip, clear sabun cleanser wajah",clay charcoal,deep,2,Anti-Aging dan Sunscreen
kanebo scrubbing wash,kanebo,wash,,scrubbing,0,Skincare Dasar dan Hidrasi
eucalie eye lash brow serum bulu mata alis castor peptide ingredients vitamin,eucalie,eye lash brow serum bulu mata alis,"vitamin, castor peptide",ingredients,2,Anti-Aging dan Sunscreen
men biore cool oil clear sabun wajah doublescrub,men biore,sabun wajah,,"doublescrub, cool oil clear",2,Anti-Aging dan Sunscreen
earth love life rose body wash lotion sabun wangi mandi cair melembabkan jerawat punggung kulit sensitif mencerahkan spf,earth love life,body wash lotion sabun wangi mandi cair,rose,melembabkan jerawat punggung kulit sensitif mencerahkan spf,2,Anti-Aging dan Sunscreen
oneskin membersihkan memberi perlindungan maksimal sunscreen facial wash,oneskin,sunscreen facial wash,,membersihkan memberi perlindungan maksimal,1,Perawatan Wajah dan Jerawat
natasha moisturizer sunscreen day cream,natasha,"cream, moisturizer sunscreen",,day,3,Perawatan Kulit dan Pelembap
somethinc hyaluronic9 serum memperkuat skin barrier agar tampil lebih plumpy halus segar hidrasi kulit kering menghidrasi jam,somethinc,serum,hyaluronic9,"memperkuat skin barrier agar tampil lebih plumpy halus segar hidrasi kulit kering menghidrasi, jam",0,Skincare Dasar dan Hidrasi
ciara liquid serum stretchmarks ibu hamil,ciara,liquid serum,,stretchmarks ibu hamil,1,Perawatan Wajah dan Jerawat
men biore jerawat sabun wajah,men biore,sabun wajah,,jerawat,3,Perawatan Kulit dan Pelembap
somethinc ceramic skin saviour moisturizer gel,somethinc,moisturizer gel,ceramic,skin saviour,4,Brightening dan Perawatan Kulit Cerah
indoganic beauty retinyl serum youth renewal face antiaging menyamarkan kerutan wajah,indoganic beauty,serum,retinyl,"wajah, youth renewal face antiaging menyamarkan kerutan",3,Perawatan Kulit dan Pelembap
debiuryn ageless skin energy serum retinol bha anti - aging,debiuryn,serum,retinol bha,"ageless skin energy, anti - aging",0,Skincare Dasar dan Hidrasi
beautetox intense white booster up tranexamic daily protection cream alpha arbutin serum,beautetox,"cream, serum","tranexamic, alpha arbutin","intense white booster up, daily protection",0,Skincare Dasar dan Hidrasi
kanebo,kanebo,,,,3,Perawatan Kulit dan Pelembap
kanebo serum,kanebo,serum,,,3,Perawatan Kulit dan Pelembap
topicare cleanser,topicare,cleanser,,,1,Perawatan Wajah dan Jerawat
kanebo,kanebo,,,,0,Skincare Dasar dan Hidrasi
kanebo lotion,kanebo,lotion,,,2,Anti-Aging dan Sunscreen
kojie san normal dry,kojie san,,,normal dry,1,Perawatan Wajah dan Jerawat
kojie san lightening,kojie san,,,lightening,1,Perawatan Wajah dan Jerawat
ceradan gentle cleanser,ceradan,gentle cleanser,,,0,Skincare Dasar dan Hidrasi
tje fuk white night cream active malam mencerahkan wajah kusam samarkan flek hitam noda bekas jerawat membandel perawatan skin barrier moisturizer pelembab mengencangkan kulit,tje fuk,"cream, moisturizer pelembab",,"active malam mencerahkan wajah kusam samarkan flek hitam noda bekas jerawat membandel perawatan skin barrier, mengencangkan kulit, white night",1,Perawatan Wajah dan Jerawat
verile jerawat back spray,verile,,,jerawat back spray,0,Skincare Dasar dan Hidrasi
asepso sulphur sabun batang,asepso,sabun batang,sulphur,,0,Skincare Dasar dan Hidrasi
kojie san skin lightening soap hydromoist,kojie san,soap,,"hydromoist, skin lightening",4,Brightening dan Perawatan Kulit Cerah
debiuryn sense hydra oxy moisturizer hydrating night serum,debiuryn,"moisturizer, serum",,"hydrating night, sense hydra oxy",3,Perawatan Kulit dan Pelembap
organic brightening serum tranexamic peptide postbiotic eucalie perawatan wajah untuk mencerahkan kulit kusam menyamarkan flek hitam kerutan bekas jerawat anti - aging kadungan niacinamide,organic,serum,"niacinamide, tranexamic peptide postbiotic eucalie","brightening, perawatan wajah untuk mencerahkan kulit kusam menyamarkan flek hitam kerutan bekas jerawat anti - aging kadungan",3,Perawatan Kulit dan Pelembap
men biore jerawat bright care sabun wajah,men biore,sabun wajah,,jerawat bright care,2,Anti-Aging dan Sunscreen
biore pore pack black,biore,pore pack black,,,4,Brightening dan Perawatan Kulit Cerah
oneskin kinclong membersihkan menyamarkan kerutan facial wash moisturizer pelembab scrub wajah perawatan cleansing kering,oneskin,"facial wash moisturizer, pelembab",,"kinclong membersihkan menyamarkan kerutan, scrub wajah perawatan cleansing kering",3,Perawatan Kulit dan Pelembap
viva milk cleanser bengkuang,viva,cleanser,"bengkuang, milk",,3,Perawatan Kulit dan Pelembap
natasha micro oil caviar serum mencerahkan melembabkan kulit wajah,natasha micro oil caviar,serum,,mencerahkan melembabkan kulit wajah,3,Perawatan Kulit dan Pelembap
parasol face sunblock spf cream perawatan wajah,parasol,"cream, face sunblock",,"perawatan wajah, spf",0,Skincare Dasar dan Hidrasi
somethinc hyaluronic9 serum kulit kering,somethinc,serum,hyaluronic9,kulit kering,0,Skincare Dasar dan Hidrasi
shower body lotion wash sabun mandi cair wangi melembabkan jerawat punggung kulit sensitif spf alergi mencerahkan tara basro,tara basro,shower body lotion wash sabun mandi cair,,wangi melembabkan jerawat punggung kulit sensitif spf alergi mencerahkan,4,Brightening dan Perawatan Kulit Cerah
somethinc skinpair cream,somethinc,cream,,skinpair,1,Perawatan Wajah dan Jerawat
ceradan skinbarrier cream,ceradan,cream,,skinbarrier,0,Skincare Dasar dan Hidrasi
lysca facial wash sabun wajah white,lysca,facial wash sabun wajah,,white,3,Perawatan Kulit dan Pelembap
men biore oil balance uv aqua rich,men biore,,balance,"oil, uv aqua rich",1,Perawatan Wajah dan Jerawat
tje fuk washing cream face wash scrub cleanser wajah sabun cuci,tje fuk,washing cream face wash scrub cleanser wajah sabun cuci,,,4,Brightening dan Perawatan Kulit Cerah
bifesta micellar cleansing water cleanser melembabkan kulit,bifesta,micellar cleansing water cleanser,,melembabkan kulit,2,Anti-Aging dan Sunscreen
hanasui serum vitamin c,hanasui,serum,vitamin c,,2,Anti-Aging dan Sunscreen
oneskin facial wash perawatan kulit wajah,oneskin,facial wash,,perawatan kulit wajah,0,Skincare Dasar dan Hidrasi
pond white beauty facial foam,pond,facial foam,,white beauty,0,Skincare Dasar dan Hidrasi
kanebo,kanebo,,,,0,Skincare Dasar dan Hidrasi
eucalie organic glow bright,eucalie,,,organic glow bright,2,Anti-Aging dan Sunscreen
somethinc moisturizer serum niacinamide hyaluronic retinol,somethinc,"moisturizer, serum",niacinamide hyaluronic retinol,,2,Anti-Aging dan Sunscreen
face up mist toner niacinamide hyaluronic acid mencerahkan melembabkan mengglowingkan serum booster untuk semua jenis kulit,face up,"mist toner, serum booster",niacinamide hyaluronic acid,"mencerahkan melembabkan mengglowingkan, untuk semua jenis kulit",2,Anti-Aging dan Sunscreen
selection kapas,selection,kapas,,,4,Brightening dan Perawatan Kulit Cerah
papulex moussant cleansing gel oil cream,papulex moussant,cleansing gel oil cream,,,3,Perawatan Kulit dan Pelembap
tje fuk moisturizer cream hyaluronic pelembab hidrasi,tje fuk,moisturizer cream,hyaluronic,pelembab hidrasi,2,Anti-Aging dan Sunscreen
soft u derm intensive hydro protect,soft u derm,,,intensive hydro protect,2,Anti-Aging dan Sunscreen
natasha serum,natasha,serum,,,4,Brightening dan Perawatan Kulit Cerah
acnes creamy wash,acnes creamy wash,,,,2,Anti-Aging dan Sunscreen
kojie san sunscreen spf50 pa,kojie san,sunscreen,,spf50 pa,3,Perawatan Kulit dan Pelembap
peeling retinol natasha,natasha,peeling retinol,,,1,Perawatan Wajah dan Jerawat
moko sunflower seed oil ceramide essence serum hydrating soothing skin,moko sunflower seed oil,essence serum,ceramide,hydrating soothing skin,4,Brightening dan Perawatan Kulit Cerah
kojie san kojic acid soap,kojie san,soap,kojic acid,,3,Perawatan Kulit dan Pelembap
debiuryn young skin,debiuryn,,,young skin,2,Anti-Aging dan Sunscreen
somethinc retinol,somethinc,,retinol,,2,Anti-Aging dan Sunscreen
white neng cream,neng,cream,,white,4,Brightening dan Perawatan Kulit Cerah
debiuryn white and softening night cream,debiuryn,cream,,white and softening night,2,Anti-Aging dan Sunscreen
somethinc glow pyhtocell serum,somethinc,serum,,glow pyhtocell,0,Skincare Dasar dan Hidrasi
somethinc gentle bright niacinamide alpha arbutin serum pencerah wajah untuk semua jenis kulit memperkuat skin barrier meratakan warna memudarkan noda gelap pori sensitif,somethinc,serum pencerah wajah,niacinamide alpha arbutin,"gentle bright, untuk semua jenis kulit memperkuat skin barrier meratakan warna memudarkan noda gelap pori sensitif",2,Anti-Aging dan Sunscreen
men biore oil balance sabun wajah non scrub,men biore,sabun wajah,oil balance,non scrub,0,Skincare Dasar dan Hidrasi
lysca ceramide skin barrier moisturizer,lysca,moisturizer,ceramide,skin barrier,3,Perawatan Kulit dan Pelembap
natasha serum,natasha,serum,,,0,Skincare Dasar dan Hidrasi
glikoderm clarifying facial cleanser poly hydroxy acid,glikoderm clarifying,facial cleanser,poly hydroxy acid,,1,Perawatan Wajah dan Jerawat
kanebo radiant skin refiner,kanebo,,,radiant skin refiner,0,Skincare Dasar dan Hidrasi
oneskin membersihkan mencerahkan memberi perlindungan maksimal sunscreen facial wash serum,oneskin,sunscreen facial wash serum,,membersihkan mencerahkan memberi perlindungan maksimal,1,Perawatan Wajah dan Jerawat
renew eye cream natasha,natasha,renew eye cream,,,0,Skincare Dasar dan Hidrasi
nelsons tea tree cream,nelsons,cream,tea tree,,1,Perawatan Wajah dan Jerawat
beautetox alpha serum pencerah arbutin botox like peptides melembabkan mencerahkan mengencangkan kulit,beautetox,alpha serum,"arbutin, peptides","melembabkan mencerahkan mengencangkan kulit, pencerah, botox like",0,Skincare Dasar dan Hidrasi
somethinc propolis honey sleeping mask,somethinc,sleeping mask,"honey, propolis",,3,Perawatan Kulit dan Pelembap
somethinc ceramic skin saviour moisturizer gel,somethinc,moisturizer gel,ceramic,skin saviour,3,Perawatan Kulit dan Pelembap
debiuryn facial foam micellar cleansing gel face wash,debiuryn,"facial foam, micellar cleansing gel face wash",,,4,Brightening dan Perawatan Kulit Cerah
indoganic beauty zincscreen sun shield spf 32 pa sunscreen protection tabir surya pelindung sinar uv lightweight perawatan wajah facial sunblock protector,indoganic beauty,"sunscreen, tabir surya, zincscreen, facial sunblock",,"protector, perawatan wajah, sun shield spf 32 pa, pelindung sinar uv lightweight, protection",4,Brightening dan Perawatan Kulit Cerah
somethinc calm down skinpair bubble cleanser sabun cuci wajah untuk kulit sensitif iritasi meredakan kemerahan memperkuat skin barrier facial wash semua tipe,somethinc,"facial wash, bubble cleanser sabun cuci wajah",,"untuk kulit sensitif iritasi meredakan kemerahan memperkuat skin barrier, calm down skinpair, semua tipe",0,Skincare Dasar dan Hidrasi
emla cream,emla,cream,,,3,Perawatan Kulit dan Pelembap
somethinc serum,somethinc,serum,,,4,Brightening dan Perawatan Kulit Cerah
men biore bright oil clear bioreuv sunscreen,men biore,bioreuv sunscreen,,bright oil clear,0,Skincare Dasar dan Hidrasi
lysca tranexamic white moisturizer,lysca,moisturizer,tranexamic,white,1,Perawatan Wajah dan Jerawat
sunscreen gel cream natasha,natasha,sunscreen gel cream,,,4,Brightening dan Perawatan Kulit Cerah
beautetox mencerahkan kulit kusam bekas jerawat kerutan,beautetox,,,mencerahkan kulit kusam bekas jerawat kerutan,4,Brightening dan Perawatan Kulit Cerah
camellia deep cleansing oil calendula gentle gel cleanser facial kering wajah membersihkan,camellia,gentle gel cleanser,calendula,"facial kering wajah membersihkan, deep cleansing oil",0,Skincare Dasar dan Hidrasi
papulex moussant cleansing gel dermatix jerawat,"papulex moussant, dermatix",cleansing gel,,jerawat,3,Perawatan Kulit dan Pelembap
biore uv aqua rich protect mist sunscreen spf 50 pa,biore,mist sunscreen,aqua,"uv, rich protect, spf 50 pa",2,Anti-Aging dan Sunscreen
oneskin facial wash charcoal membersihkan wajah pria,oneskin,facial wash,charcoal,membersihkan wajah pria,1,Perawatan Wajah dan Jerawat
ceradan moisturizer wash,ceradan,moisturizer wash,,,2,Anti-Aging dan Sunscreen
emina bright stuff moisturizing cream,emina,"stuff, cream",,"moisturizing, bright",0,Skincare Dasar dan Hidrasi
ketomed cream,ketomed,cream,,,0,Skincare Dasar dan Hidrasi
viva cleansing milk,viva,,milk,cleansing,4,Brightening dan Perawatan Kulit Cerah
somethinc kulit bersih terlindungi sinar uv sunscreen gel low ph jelly cleanser,somethinc,"jelly cleanser, sunscreen gel",,"low ph, kulit bersih terlindungi sinar uv",0,Skincare Dasar dan Hidrasi
labore sensitive mild cleanser,labore,mild cleanser,,sensitive,1,Perawatan Wajah dan Jerawat
somethinc acnedot treatment toner,somethinc,toner,,acnedot treatment,2,Anti-Aging dan Sunscreen
beautetox daily protection cream serum hydracalming and brightening mencerahkan kulit wajah,beautetox,cream serum,,"mencerahkan kulit wajah, daily protection, hydracalming and brightening",2,Anti-Aging dan Sunscreen
retinal glow natasha,natasha,retinal,,glow,2,Anti-Aging dan Sunscreen
somethinc calm down pha 3 soothing everyday toner untuk kulit sensitif kemerahan normal meredakan memperkuat skin barrier cocok menyamarkan bekas jerawat,somethinc,toner,pha 3,"soothing everyday, untuk kulit sensitif kemerahan normal meredakan memperkuat skin barrier cocok menyamarkan bekas jerawat, calm down",4,Brightening dan Perawatan Kulit Cerah
somethinc calm down moisturizer lactic glycolic peeling serum,somethinc,"moisturizer, serum",lactic glycolic,"peeling, calm down",3,Perawatan Kulit dan Pelembap
somethinc acnedot treatment moisturizer gel,somethinc,moisturizer gel,,acnedot treatment,3,Perawatan Kulit dan Pelembap
tje fuk washing cream cleanser wajah facial scrub pria wanita mencerahkan kusam membantu samarkan flek hitam noda darkspot bersihkan kotoran exfoliating sabun cuci melembutkan menghaluskan kulit,tje fuk,"cleanser wajah facial scrub, washing cream, sabun cuci",,"exfoliating, melembutkan menghaluskan kulit, pria wanita mencerahkan kusam membantu samarkan flek hitam noda darkspot bersihkan kotoran",4,Brightening dan Perawatan Kulit Cerah
teen balancing skin toner natasha,natasha,toner,,teen balancing skin,1,Perawatan Wajah dan Jerawat
men biore bright oil clear uv aqua rich,men biore,,,bright oil clear uv aqua rich,4,Brightening dan Perawatan Kulit Cerah
lysca hydrating toner brightening skin melembabkan wajah,lysca,toner,,"brightening skin melembabkan wajah, hydrating",1,Perawatan Wajah dan Jerawat
men biore jerawat bright care uv aqua rich,men biore,,,jerawat bright care uv aqua rich,1,Perawatan Wajah dan Jerawat
reticor cream,reticor,cream,,,2,Anti-Aging dan Sunscreen
face up hyaluronic serum anti - aging mencerahkan mengencangkan kulit wajah vitamin e alga shitake,face up,serum,"vitamin e, hyaluronic, alga shitake",anti - aging mencerahkan mengencangkan kulit wajah,2,Anti-Aging dan Sunscreen
kojie san,kojie san,,,,2,Anti-Aging dan Sunscreen
viva face tonic green tea,viva,face tonic,green tea,,0,Skincare Dasar dan Hidrasi
wardah lightening micellar gentle wash,wardah,micellar gentle wash,,lightening,2,Anti-Aging dan Sunscreen
debiuryn sense soothing hyaluronic facial wash,debiuryn,facial wash,hyaluronic,sense soothing,2,Anti-Aging dan Sunscreen
face up exfoliating gel scrub anti - aging angkat sel kulit mati mencerahkan menghaluskan wajah vitamin c niacinamide,face up,exfoliating gel scrub,vitamin c niacinamide,anti - aging angkat sel kulit mati mencerahkan menghaluskan wajah,0,Skincare Dasar dan Hidrasi
propolis untuk xanthelasma penghilang gumpalan lemak kelopak mata plak kuning dekat salep cream santelasma bintitan bintit benjolan kalazion milia bintik,,salep cream santelasma,propolis,"untuk xanthelasma penghilang gumpalan lemak kelopak mata plak kuning dekat, bintitan bintit benjolan kalazion milia bintik",4,Brightening dan Perawatan Kulit Cerah
cotton cloud sunscreen,,cotton cloud sunscreen,,,3,Perawatan Kulit dan Pelembap
earth love life relax balancing fragrance and body care solusi stress relief jerawat punggung edp forest therapy bamboo parfum unisex wangi fresh tahan lama,earth love life,"edp forest therapy bamboo parfum, relax balancing fragrance and body care",,"unisex wangi fresh tahan lama, solusi stress relief jerawat punggung",0,Skincare Dasar dan Hidrasi
derma xp acneclear biome ceramide moisturizing lotion,derma xp acneclear biome,moisturizing lotion,ceramide,,4,Brightening dan Perawatan Kulit Cerah
glikoderm anti - aging cream,glikoderm,cream,,anti - aging,1,Perawatan Wajah dan Jerawat
biore pore pack black cleanser komedo,biore,"cleanser, pore pack black",,komedo,4,Brightening dan Perawatan Kulit Cerah
earth love life spanish lavender body wash lotion sabun wangi mandi cair melembabkan jerawat punggung kulit sensitif mencerahkan spf,earth love life,body wash lotion sabun wangi mandi cair,spanish lavender,melembabkan jerawat punggung kulit sensitif mencerahkan spf,1,Perawatan Wajah dan Jerawat
biore uv fresh bright sunscreen sun screen sunblock cream spf 50 pa samarkan noda hitam,biore,sunscreen sun screen sunblock cream,,"uv fresh bright, spf 50 pa samarkan noda hitam",0,Skincare Dasar dan Hidrasi
face wash happy skin eucalie sabun cleanser wajah untuk jerawat berminyak kering sensitif membersihkan lembut tanpa mengikis minyak alami kulit,happy skin eucalie,"face wash, sabun cleanser wajah",,untuk jerawat berminyak kering sensitif membersihkan lembut tanpa mengikis minyak alami kulit,0,Skincare Dasar dan Hidrasi
peg 12 microsilico emulsifier,peg 12 microsilico,emulsifier,,,4,Brightening dan Perawatan Kulit Cerah
topicare ceramide soothing cream,topicare,cream,ceramide,soothing,3,Perawatan Kulit dan Pelembap
neutrogena visible repair eye cream retinol mencegah mengurangi kerutan,neutrogena visible,cream,retinol,"repair eye, mencegah mengurangi kerutan",3,Perawatan Kulit dan Pelembap
emina bright stuff moisturizer,emina,stuff moisturizer,,bright,0,Skincare Dasar dan Hidrasi
kahf matte sunscreen stick spf 50 pa,kahf,matte sunscreen stick,,spf 50 pa,2,Anti-Aging dan Sunscreen
senka whip collagen facial foam hyaluronic acid untuk membersihkan kotoran wajah,senka whip,facial foam,"hyaluronic acid, collagen",untuk membersihkan kotoran wajah,4,Brightening dan Perawatan Kulit Cerah
armando caruso mini cleansing sponge,armando caruso,mini cleansing sponge,,,0,Skincare Dasar dan Hidrasi
you radiance up deep moisturizing cream,you,moisturizing cream,,radiance up deep,3,Perawatan Kulit dan Pelembap
scarlett white ultra light daily sunscreen spf 50 pa,scarlett,sunscreen,,"spf 50 pa, white ultra light daily",1,Perawatan Wajah dan Jerawat
elformula intensive peeling solution,elformula,solution,,intensive peeling,4,Brightening dan Perawatan Kulit Cerah
hada labo gokujyun moisturizing lotion hyaluronic acid untuk kulit kering normal,hada labo gokujyun,moisturizing lotion,hyaluronic acid,untuk kulit kering normal,0,Skincare Dasar dan Hidrasi
skin aqua uv moisturizer gel spf50,skin aqua,moisturizer gel,,"uv, spf50",0,Skincare Dasar dan Hidrasi
herborist aloe vera gel,herborist,gel,aloe vera,,4,Brightening dan Perawatan Kulit Cerah
senka whip jerawat care kulit wajah,senka whip,,,jerawat care kulit wajah,4,Brightening dan Perawatan Kulit Cerah
labore sensitive mild cleanser,labore,mild cleanser,,sensitive,2,Anti-Aging dan Sunscreen
senka whip berry bright facial foam hyaluronic acid untuk membersihkan kotoran wajah,senka whip,facial foam,"hyaluronic acid, berry","untuk membersihkan kotoran wajah, bright",4,Brightening dan Perawatan Kulit Cerah
cerave moisturising lotion,cerave,lotion,,moisturising,0,Skincare Dasar dan Hidrasi
somethinc retinol serum untuk pemula semua jenis kulit menyamarkan kerutan halus membantu mengencangkan vegan,somethinc,serum,retinol,untuk pemula semua jenis kulit menyamarkan kerutan halus membantu mengencangkan vegan,1,Perawatan Wajah dan Jerawat
skintific ceramide serum sunscreen spf 50 pa sun repair invisible,skintific,serum sunscreen,ceramide,spf 50 pa sun repair invisible,2,Anti-Aging dan Sunscreen
azarine hydramax c sunscreen serum spf 50,azarine,sunscreen serum,c,"hydramax, spf 50",4,Brightening dan Perawatan Kulit Cerah
whitelab glow booster serum vitamin antioksidan mencerahkan kulit kusam melindungi dari sinar uv lebih efektif,whitelab,serum,vitamin,"glow booster, antioksidan mencerahkan kulit kusam melindungi dari sinar uv lebih efektif",2,Anti-Aging dan Sunscreen
nuface me sun shield tone up spf 30 pa,nuface me,tone up,,"sun shield, spf 30 pa",4,Brightening dan Perawatan Kulit Cerah
kahf skin energizing brightening face wash,kahf,face wash,,skin energizing brightening,2,Anti-Aging dan Sunscreen
senka whip vitamin c facial foam hyaluronic acid untuk membersihkan kotoran wajah,senka whip,facial foam,"hyaluronic acid, vitamin c",untuk membersihkan kotoran wajah,4,Brightening dan Perawatan Kulit Cerah
la roche posay uvmune spf50,la roche posay,,,"uvmune, spf50",0,Skincare Dasar dan Hidrasi
you care spf,you,,,care spf,2,Anti-Aging dan Sunscreen
avene water spray bagus untuk menghidrasi kulit,avene,water spray,,bagus untuk menghidrasi kulit,2,Anti-Aging dan Sunscreen
serum avoskin your skin bae alpha arbutin samarkan bekas jerawat,avoskin your skin bae,serum,alpha arbutin,samarkan bekas jerawat,0,Skincare Dasar dan Hidrasi
you sunbrella tone up uv sunscreen spf50 pa,you,"sunbrella tone up, sunscreen",,"uv, spf50 pa",2,Anti-Aging dan Sunscreen
hada labo gel pelembab intensif pencerah kulit anti penuaan dini bebas pewangi pewarna ph tidak iritasi tinggi,hada labo,gel pelembab,,intensif pencerah kulit anti penuaan dini bebas pewangi pewarna ph tidak iritasi tinggi,0,Skincare Dasar dan Hidrasi
glycore cream gel,glycore,"cream, gel",,,4,Brightening dan Perawatan Kulit Cerah
la roche posay soothing repairing balm,la roche posay,balm,,soothing repairing,4,Brightening dan Perawatan Kulit Cerah
cetaphil healthy radiance brightening night cream,cetaphil,cream,,healthy radiance brightening night,3,Perawatan Kulit dan Pelembap
senka whip low ph calming cica white,senka whip,,cica,"low ph calming, white",2,Anti-Aging dan Sunscreen
cerave oil control gel moisturizer,cerave,gel moisturizer,,oil control,3,Perawatan Kulit dan Pelembap
melano vitamin c brightening toner,melano,toner,vitamin c,brightening,1,Perawatan Wajah dan Jerawat
azarine supreme glow brightening moisturizer barrier pelembab wajah mencerahkan kulit kusam,azarine,"pelembab wajah, moisturizer",,"mencerahkan kulit kusam, supreme glow brightening, barrier",2,Anti-Aging dan Sunscreen
glad2glow pomegranate niacinamide power bright serum,glad2glow,serum,"niacinamide, pomegranate",power bright,0,Skincare Dasar dan Hidrasi
la roche posay foaming gel cleanser,la roche posay,foaming gel cleanser,,,4,Brightening dan Perawatan Kulit Cerah
nivea,nivea,,,,3,Perawatan Kulit dan Pelembap
hada labo gokujyun facial wash,hada labo gokujyun,facial wash,,,3,Perawatan Kulit dan Pelembap
nivea sun extra protect sunblock wajah vitamin spf50,nivea,sunblock wajah,vitamin,"sun extra protect, spf50",0,Skincare Dasar dan Hidrasi
labore repair topicalm cream,labore,topicalm cream,,repair,2,Anti-Aging dan Sunscreen
wardah niacinamide bright barrier repair serum,wardah,serum,niacinamide,bright barrier repair,1,Perawatan Wajah dan Jerawat
amaterasun uv spf 35 pa light dapat digunakan semua jenis kulit,amaterasun,,,"uv, spf 35 pa light dapat digunakan semua jenis kulit",4,Brightening dan Perawatan Kulit Cerah
you golden age revitalizing night cream,you,cream,,golden age revitalizing night,1,Perawatan Wajah dan Jerawat
eskulin kids sunscreen,eskulin kids,sunscreen,,,4,Brightening dan Perawatan Kulit Cerah
skintiflc radiance booster serum spray wajah bifida filtrate centella untuk kulit glowing lebih halus,skintiflc,serum spray wajah,bifida filtrate centella,"radiance booster, untuk kulit glowing lebih halus",1,Perawatan Wajah dan Jerawat
you radiance glow active night gel,you,gel,,radiance glow active night,2,Anti-Aging dan Sunscreen
morris men oil control jerawat care wash,morris men,wash,,oil control jerawat care,4,Brightening dan Perawatan Kulit Cerah
glad2glow centella allantoin soothing moisturizer gel repair skin barrier oil control hydrating cream pelembab wajah,glad2glow,"moisturizer gel, cream pelembab wajah",centella allantoin,"soothing, repair skin barrier oil control hydrating",3,Perawatan Kulit dan Pelembap
poise facial foam white,poise,facial foam,,white,1,Perawatan Wajah dan Jerawat
clean clear oil control,clean clear,,,oil control,2,Anti-Aging dan Sunscreen
cosrx essence,cosrx,essence,,,2,Anti-Aging dan Sunscreen
labore protect physical sunscreen mineral,labore,sunscreen,mineral,protect physical,4,Brightening dan Perawatan Kulit Cerah
parasol face sunscreen cream tabir surya,parasol,face sunscreen cream tabir surya,,,4,Brightening dan Perawatan Kulit Cerah
white oil paraffin liquid,oil,,paraffin liquid,white,0,Skincare Dasar dan Hidrasi
somethinc holyshield uv watery sunscreen gel spf 50 pa,somethinc,sunscreen gel,,"spf 50 pa, holyshield uv watery",1,Perawatan Wajah dan Jerawat
the originote ceramella sunscreen spf50 pa,the originote,sunscreen,ceramella,spf50 pa,1,Perawatan Wajah dan Jerawat
la roche posay hyalu anti - aging serum untuk semua jenis kulit hyaluronic acid sensitif kering kerutan garis halus,la roche posay,serum,"hyaluronic acid, hyalu","sensitif kering kerutan garis halus, untuk semua jenis kulit, anti - aging",2,Anti-Aging dan Sunscreen
hanasui collagen sunscreen spf 30,hanasui,sunscreen,collagen,spf 30,1,Perawatan Wajah dan Jerawat
acnaway mugwort gel facial wash cleanser jerawat face,acnaway,gel facial wash cleanser,mugwort,jerawat face,3,Perawatan Kulit dan Pelembap
anessa uv sunscreen milk,anessa,sunscreen,milk,uv,3,Perawatan Kulit dan Pelembap
hanasui power bright expert serum extra powerful brightening actives dari niacinamide licorice untuk meningkatkan kecerahan kulit lebih baik melembapkan,hanasui,serum,"niacinamide, licorice","power bright expert, extra powerful brightening actives dari, untuk meningkatkan kecerahan kulit lebih baik melembapkan",1,Perawatan Wajah dan Jerawat
neutrogena hydro boost niacinamide serum wajah mencerahkan menghaluskan kulit hyaluronic acid,neutrogena hydro boost,serum wajah,"niacinamide, hyaluronic acid",mencerahkan menghaluskan kulit,0,Skincare Dasar dan Hidrasi
la roche posay retinol serum,la roche posay,serum,retinol,,3,Perawatan Kulit dan Pelembap
kahf triple action oil comedo defense face wash sabun wajah,kahf,face wash sabun wajah,,triple action oil comedo defense,2,Anti-Aging dan Sunscreen
wardah amino gel cleanser vitamin c sabun cuci wajah low ph untuk kulit kusam dry kering senstive,wardah,"sabun cuci wajah, gel cleanser","vitamin c, amino",low ph untuk kulit kusam dry kering senstive,4,Brightening dan Perawatan Kulit Cerah
wardah vitamin c ferulic acid radiant charge serum,wardah,serum,vitamin c ferulic acid,radiant charge,2,Anti-Aging dan Sunscreen
amaterasun uv spf 35 pa dapat digunakan semua jenis kulit,amaterasun,,,"spf 35 pa, uv, dapat digunakan semua jenis kulit",3,Perawatan Kulit dan Pelembap
melano vitamin c brightening essence mencerahkan kulit mengurangi flek hitam pori besar,melano,essence,vitamin c,"brightening, mencerahkan kulit mengurangi flek hitam pori besar",1,Perawatan Wajah dan Jerawat
himalaya neem face wash,himalaya,face wash,neem,,3,Perawatan Kulit dan Pelembap
elformula advanced timeless essential eye cream,elformula,cream,,advanced timeless essential eye,4,Brightening dan Perawatan Kulit Cerah
derma day night,derma,,,day night,4,Brightening dan Perawatan Kulit Cerah
cerave moisturising lotion,cerave,lotion,,moisturising,3,Perawatan Kulit dan Pelembap
senka whip collagen facial foam hyaluronic acid untuk membersihkan kotoran wajah,senka whip,facial foam,"hyaluronic acid, collagen",untuk membersihkan kotoran wajah,3,Perawatan Kulit dan Pelembap
neutrogena hydro boost water gel,neutrogena,boost water gel,,hydro,0,Skincare Dasar dan Hidrasi
senka whip,senka whip,,,,0,Skincare Dasar dan Hidrasi
the originote hyalu serum,the originote,serum,hyalu,,1,Perawatan Wajah dan Jerawat
anessa moisturizer uv sunscreen spf 35 pa mild gel,anessa,"mild gel, moisturizer, sunscreen",,"spf 35 pa, uv",4,Brightening dan Perawatan Kulit Cerah
garnier men wasabi foam,garnier men,wasabi foam,,,2,Anti-Aging dan Sunscreen
senka whip fresh,senka whip,,,fresh,4,Brightening dan Perawatan Kulit Cerah
ponds white beauty facial foam,ponds,facial foam,,white beauty,2,Anti-Aging dan Sunscreen
wardah uv shield airy smooth sunscreen serum spf 50 pa,wardah,sunscreen serum,,"uv shield airy smooth, spf 50 pa",0,Skincare Dasar dan Hidrasi
wardah cica panthenol ceramide calm soothe gel moisturizer,wardah,gel moisturizer,"cica, panthenol ceramide",calm soothe,0,Skincare Dasar dan Hidrasi
senka whip rose facial foam hyaluronic acid untuk membersihkan kotoran wajah,senka whip,facial foam,"rose, hyaluronic acid",untuk membersihkan kotoran wajah,4,Brightening dan Perawatan Kulit Cerah
senka hydration hero deep moisturizer serum gel cream whip,"whip, senka",moisturizer serum gel cream,,hydration hero deep,1,Perawatan Wajah dan Jerawat
glad2glow pomegranate niacinamide brightening toner white mencerahkan meratakan warna kulit tekstur watery mudah menyerap,glad2glow,toner,pomegranate niacinamide,"white mencerahkan meratakan warna kulit tekstur watery mudah menyerap, brightening",3,Perawatan Kulit dan Pelembap
cerave smoothing cleanser salicylic acid ceramide face wash bumpy skin,cerave,"face wash, cleanser",salicylic acid ceramide,"bumpy skin, smoothing",2,Anti-Aging dan Sunscreen
glad2glow peach retinol serum,glad2glow,serum,peach retinol,,4,Brightening dan Perawatan Kulit Cerah
skintific hyaluronic acid barrier essence hydration toner,skintific,"toner, essence",hyaluronic acid,"barrier, hydration",4,Brightening dan Perawatan Kulit Cerah
l oreal paris uvd anti - aging serum glycolic bright 1 konsentrasi mencerahkan wajah kusam menyamarkan noda hitam,l oreal paris,serum,glycolic,"bright 1 konsentrasi mencerahkan wajah kusam menyamarkan noda hitam, uvd anti - aging",1,Perawatan Wajah dan Jerawat
senka moisturizer serum gel cream,senka,"moisturizer, serum gel cream",,,1,Perawatan Wajah dan Jerawat
glad2glow dark spot serum wajah untuk mencerahkan kulit menyamarkan noda hitam,glad2glow,serum wajah,,"untuk mencerahkan kulit menyamarkan noda hitam, dark spot",4,Brightening dan Perawatan Kulit Cerah
wardah tranexamic alpha arbutin niacinamide dark spot corrector gel moisturizer,wardah,gel moisturizer,"niacinamide, tranexamic alpha arbutin",dark spot corrector,0,Skincare Dasar dan Hidrasi
emina water bright glow gel mencerahkan mengurangi flek hitam menjaga kelembapan memperkuat skin barrier jerawat meredakan kemerahan kulit glowing niacinamide vitamin c moisturizer,emina,"gel, moisturizer, water",niacinamide vitamin c,"mencerahkan mengurangi flek hitam, menjaga kelembapan memperkuat skin barrier jerawat meredakan kemerahan kulit glowing, bright glow",0,Skincare Dasar dan Hidrasi
nsc novell smoothing cream,nsc,"cream, novell",,smoothing,3,Perawatan Kulit dan Pelembap
kahf oil jerawat care face wash,kahf,face wash,,oil jerawat care,1,Perawatan Wajah dan Jerawat
senka moisturizer gel cream whip,"whip, senka",moisturizer gel cream,,,4,Brightening dan Perawatan Kulit Cerah
aha lactic acid glycolic malic,aha,,lactic acid glycolic malic,,1,Perawatan Wajah dan Jerawat
serum avoskin your skin bae vitamin c kulit tampak lebih mencerahkan,avoskin your skin bae,serum,vitamin c,kulit tampak lebih mencerahkan,0,Skincare Dasar dan Hidrasi
skintific ceramide low ph cleanser facial wash sensitive skin,skintific,cleanser facial wash,ceramide,"low ph, sensitive skin",3,Perawatan Kulit dan Pelembap
himalaya exfoliating apricot face wash,himalaya,face wash,apricot,exfoliating,1,Perawatan Wajah dan Jerawat
the originote lip oil serum,the originote,lip oil serum,,,0,Skincare Dasar dan Hidrasi
l oreal paris glycolic bright exfoliant peel peeling solution menyamarkan noda bekas jerawat,l oreal paris,exfoliant peel,glycolic,"bright, peeling solution menyamarkan noda bekas jerawat",2,Anti-Aging dan Sunscreen
cetaphil cleanser,cetaphil,cleanser,,,3,Perawatan Kulit dan Pelembap
hanasui collagen sunscreen,hanasui,sunscreen,collagen,,3,Perawatan Kulit dan Pelembap
senka white facial foam hyaluronic acid untuk membersihkan kotoran wajah,senka,facial foam,hyaluronic acid,"untuk membersihkan kotoran wajah, white",1,Perawatan Wajah dan Jerawat
ponds white beauty clean,ponds,,,"white beauty, clean",2,Anti-Aging dan Sunscreen
somethinc ceramic skin saviour moisturizer gel,somethinc,moisturizer gel,ceramic,skin saviour,3,Perawatan Kulit dan Pelembap
the originote ceraluronic essence toner,the originote,essence toner,ceraluronic,,1,Perawatan Wajah dan Jerawat
cetaphil moisturizing cream,cetaphil,cream,,moisturizing,4,Brightening dan Perawatan Kulit Cerah
y o u radiance glow illuminating serum pencerah kulit vitamin c niacinamide sakura untuk mencerahkan bercahaya,y o u,serum,vitamin c niacinamide sakura,"pencerah kulit, radiance glow illuminating, untuk mencerahkan bercahaya",1,Perawatan Wajah dan Jerawat
hada labo gokujyun ultimate moisturizing light lotion,hada labo gokujyun,lotion,,ultimate moisturizing light,2,Anti-Aging dan Sunscreen
cetaphil cleanser,cetaphil,cleanser,,,0,Skincare Dasar dan Hidrasi
glad2glow centella allantoin soothing gel moisturizer,glad2glow,gel moisturizer,centella allantoin,soothing,2,Anti-Aging dan Sunscreen
senka whip berry bright facial foam hyaluronic acid untuk membersihkan kotoran wajah,senka whip,facial foam,"hyaluronic acid, berry","untuk membersihkan kotoran wajah, bright",0,Skincare Dasar dan Hidrasi
senka whip jerawat care facial foam hyaluronic acid untuk membersihkan kotoran wajah,senka whip,facial foam,hyaluronic acid,"untuk membersihkan kotoran wajah, jerawat care",3,Perawatan Kulit dan Pelembap
nivea sun protect white instant aura serum spf50,nivea,serum,,"sun protect white instant aura, spf50",3,Perawatan Kulit dan Pelembap
wardah renew you anti - aging facial wash,wardah,facial wash,,renew you anti - aging,3,Perawatan Kulit dan Pelembap
loreal uv defender matte fresh,loreal,,,uv defender matte fresh,4,Brightening dan Perawatan Kulit Cerah
senka whip facial foam hyaluronic acid untuk membersihkan kotoran wajah,senka whip,facial foam,hyaluronic acid,untuk membersihkan kotoran wajah,1,Perawatan Wajah dan Jerawat
skintific matte fit serum sunscreen spf50 pa,skintific,serum sunscreen,,"spf50 pa, matte fit",1,Perawatan Wajah dan Jerawat
cetaphil brightening night comfort cream,cetaphil,cream,,brightening night comfort,0,Skincare Dasar dan Hidrasi
viva milk cleanser bengkuang,viva,cleanser,"bengkuang, milk",,4,Brightening dan Perawatan Kulit Cerah
senka whip white facial foam hyaluronic acid untuk membersihkan kotoran wajah,senka whip,facial foam,hyaluronic acid,"untuk membersihkan kotoran wajah, white",2,Anti-Aging dan Sunscreen
arbutin beta white,,,arbutin beta,white,3,Perawatan Kulit dan Pelembap
senka white facial foam hyaluronic acid untuk membersihkan kotoran wajah,senka,facial foam,hyaluronic acid,"untuk membersihkan kotoran wajah, white",0,Skincare Dasar dan Hidrasi
topicare cleanser,topicare,cleanser,,,1,Perawatan Wajah dan Jerawat
wardah uv shield jerawat calming sunscreen moisturizer spf 35 pa,wardah,sunscreen moisturizer,,"spf 35 pa, uv shield jerawat calming",2,Anti-Aging dan Sunscreen
glad2glow blueberry ceramide skin barrier repair moisturizer,glad2glow,moisturizer,"ceramide, blueberry",skin barrier repair,4,Brightening dan Perawatan Kulit Cerah
you acneplus gentle gel cleanser sabun cuci wajah untuk kulit berminyak jerawat,you,acneplus gentle gel cleanser sabun cuci wajah,,untuk kulit berminyak jerawat,4,Brightening dan Perawatan Kulit Cerah
cosrx aha bha clarifying treatment toner,cosrx,toner,aha bha,clarifying treatment,0,Skincare Dasar dan Hidrasi
senka whip fresh white,senka whip,,,fresh white,3,Perawatan Kulit dan Pelembap
parasol gel,parasol gel,,,,0,Skincare Dasar dan Hidrasi
cerave moisturising cream,cerave,cream,,moisturising,4,Brightening dan Perawatan Kulit Cerah
loreal glycolic bright glowing daily cleanser foam,loreal,cleanser foam,glycolic,bright glowing daily,4,Brightening dan Perawatan Kulit Cerah
nacific foam cleanser,nacific,foam cleanser,,,0,Skincare Dasar dan Hidrasi
cetaphil moisturizing cream,cetaphil,cream,,moisturizing,2,Anti-Aging dan Sunscreen
labore sensitive physical sunscreen,labore,sunscreen,,"sensitive, physical",4,Brightening dan Perawatan Kulit Cerah
skintific serum niacinamide brightening,skintific,serum,niacinamide,brightening,0,Skincare Dasar dan Hidrasi
parasol face sunscreen cream,parasol,face sunscreen cream,,,1,Perawatan Wajah dan Jerawat
amaterasun uv sunscreen serum spf 50 pa,amaterasun,sunscreen serum,,"uv, spf 50 pa",0,Skincare Dasar dan Hidrasi
wardah amino calm soothe gel cleanser facial wash lembut extract,wardah,gel cleanser facial wash,amino,"lembut extract, calm soothe",1,Perawatan Wajah dan Jerawat
sikat wajah silicone cleanser facial cleaning lembut,,"cleanser, sikat wajah",silicone,facial cleaning lembut,2,Anti-Aging dan Sunscreen
senka whip facial foam hyaluronic acid untuk membersihkan kotoran wajah,senka whip,facial foam,hyaluronic acid,untuk membersihkan kotoran wajah,4,Brightening dan Perawatan Kulit Cerah
avoskin miraculous refining serum aha bha niacinamide ceramide exfoliating untuk kulit mencerahkan lembut,avoskin miraculous,refining serum,"niacinamide ceramide, bha, aha",exfoliating untuk kulit mencerahkan lembut,2,Anti-Aging dan Sunscreen
l oreal paris glycolic bright anti dark spot serum mencerahkan kulit menghilangkan noda hitam niacinamide,l oreal paris,serum,"niacinamide, glycolic","bright anti dark spot, mencerahkan kulit menghilangkan noda hitam",1,Perawatan Wajah dan Jerawat
cetaphil brightnes cleanser,cetaphil,cleanser,,brightnes,1,Perawatan Wajah dan Jerawat
melanox white cream,melanox,cream,,white,2,Anti-Aging dan Sunscreen
acnemed care gel,acnemed care,gel,,,4,Brightening dan Perawatan Kulit Cerah
garnier white foam,garnier,foam,,white,4,Brightening dan Perawatan Kulit Cerah
the originote brightening moisturizer,the originote,moisturizer,,brightening,1,Perawatan Wajah dan Jerawat
garnier light complete brightening foam,garnier,foam,,light complete brightening,3,Perawatan Kulit dan Pelembap
cosrx moisturizing lotion birch sap,cosrx,lotion,birch sap,moisturizing,2,Anti-Aging dan Sunscreen
you acneplus spot care pro serum obat totol jerawat bekas,you,acneplus spot care pro serum obat totol,,jerawat bekas,2,Anti-Aging dan Sunscreen
cetaphil healthy radiance brightness toner,cetaphil,toner,,healthy radiance brightness,3,Perawatan Kulit dan Pelembap
cerave moisturising cream,cerave,cream,,moisturising,3,Perawatan Kulit dan Pelembap
physiogel cream,physiogel,cream,,,3,Perawatan Kulit dan Pelembap
somethinc biospicule advanced renewal serum untuk kulit halus mulus growth factor hyaluronic acid,somethinc,serum,"biospicule, growth factor hyaluronic acid","untuk kulit halus mulus, advanced renewal",2,Anti-Aging dan Sunscreen
elformula cerahydro barrier moisturizer gel,elformula,moisturizer gel,,cerahydro barrier,1,Perawatan Wajah dan Jerawat
glycolic acid asam glikolat,,,"asam glikolat, glycolic acid",,3,Perawatan Kulit dan Pelembap
reticor cream,reticor,cream,,,2,Anti-Aging dan Sunscreen
skin aqua uv moisturizer milk spf 50,skin aqua,moisturizer,milk,"uv, spf 50",0,Skincare Dasar dan Hidrasi
kahf brightening and texture refining face serum,kahf,face serum,,brightening and texture refining,3,Perawatan Kulit dan Pelembap
wardah uv shield jerawat calming sunscreen spf50,wardah,sunscreen,,"uv shield jerawat calming, spf50",3,Perawatan Kulit dan Pelembap
amaterasun spf uv sunscreen cream 50 pa untuk kulit normal kering,amaterasun,sunscreen cream,,"50 pa untuk kulit normal kering, spf uv",2,Anti-Aging dan Sunscreen
nourish jerawat,nourish,,,jerawat,0,Skincare Dasar dan Hidrasi
la roche posay,la roche posay,,,,1,Perawatan Wajah dan Jerawat
cerave moisturising cream,cerave,cream,,moisturising,0,Skincare Dasar dan Hidrasi
the originote jerawat serum untuk salicylic acid panthenol tamanu oil melawan bakteri,the originote,serum,salicylic acid panthenol tamanu oil,"jerawat, untuk, melawan bakteri",4,Brightening dan Perawatan Kulit Cerah
hanasui vitamin c collagen serum mencerahkan kulit mengencangkan anti - aging diformulasikan kembali untuk hasil optimal,hanasui,serum,vitamin c collagen,mencerahkan kulit mengencangkan anti - aging diformulasikan kembali untuk hasil optimal,0,Skincare Dasar dan Hidrasi
skintific massager lifting eye cream gel,skintific,cream gel,,massager lifting eye,0,Skincare Dasar dan Hidrasi
skintific acid peeling solution serum aha bha pha lha untuk kulit halus mencerahkan bebas komedo,skintific,serum,"acid, bha, aha, pha lha","peeling solution, untuk kulit halus mencerahkan bebas komedo",3,Perawatan Kulit dan Pelembap
la roche posay cica plast gel,la roche posay,plast gel,cica,,1,Perawatan Wajah dan Jerawat
ceradan ceramide gentle cleanser pump,ceradan,gentle cleanser pump,ceramide,,4,Brightening dan Perawatan Kulit Cerah
acnes creamy wash vitamin c,acnes creamy,wash,vitamin c,,0,Skincare Dasar dan Hidrasi
skintific niacinamide brightening moisturizer gel,skintific,moisturizer gel,niacinamide,brightening,2,Anti-Aging dan Sunscreen
skintific acid jerawat gel cleanser,skintific,gel cleanser,acid,jerawat,3,Perawatan Kulit dan Pelembap
senka whip facial foam hyaluronic acid untuk membersihkan kotoran wajah,senka whip,facial foam,hyaluronic acid,untuk membersihkan kotoran wajah,0,Skincare Dasar dan Hidrasi
hanasui ceramide probiotics moisturizer gel,hanasui,moisturizer gel,ceramide probiotics,,4,Brightening dan Perawatan Kulit Cerah
senka moisturizer ha serum,senka,"moisturizer, serum",ha,,2,Anti-Aging dan Sunscreen
senka whip jerawat care,senka whip,,,jerawat care,3,Perawatan Kulit dan Pelembap
la roche posay hyalu eye serum mata untuk menyamarkan kerutan meningkatkan kekencangan kulit,la roche posay,eye serum,hyalu,mata untuk menyamarkan kerutan meningkatkan kekencangan kulit,2,Anti-Aging dan Sunscreen
labore acnepro sebum jerawat cleansing,labore acnepro,sebum,,jerawat cleansing,4,Brightening dan Perawatan Kulit Cerah
nivea pelembap untuk semua jenis kulit anak dewasa eucerit,nivea,pelembap,eucerit,untuk semua jenis kulit anak dewasa,2,Anti-Aging dan Sunscreen
mild up sun spf50 pa,,,,mild up sun spf50 pa,3,Perawatan Kulit dan Pelembap
kelly pearl cream,kelly pearl,cream,,,0,Skincare Dasar dan Hidrasi
cetaphil skin restoring moisturizer cream,cetaphil,moisturizer cream,,skin restoring,3,Perawatan Kulit dan Pelembap
emina bright stuff face wash,emina,stuff face wash,,bright,1,Perawatan Wajah dan Jerawat
ceradan skin barrier cream,ceradan,cream,,skin barrier,4,Brightening dan Perawatan Kulit Cerah
skintific aqua light daily spf 35 sunscreen,skintific,sunscreen,aqua,light daily spf 35,2,Anti-Aging dan Sunscreen
anessa night sun care serum,anessa,serum,,night sun care,3,Perawatan Kulit dan Pelembap
senka whip vitamin c facial foam hyaluronic acid untuk membersihkan kotoran wajah,senka whip,facial foam,"hyaluronic acid, vitamin c",untuk membersihkan kotoran wajah,4,Brightening dan Perawatan Kulit Cerah
pond age miracle hexyl retinol niacinamide night cream,pond,cream,"age, hexyl retinol niacinamide","night, miracle",3,Perawatan Kulit dan Pelembap
garnier men acno fight anti jerawat,garnier men,,,acno fight anti jerawat,3,Perawatan Kulit dan Pelembap
nutrafor jerawat facial wash,nutrafor,facial wash,,jerawat,2,Anti-Aging dan Sunscreen
emina water calming gel mencerahkan mengurangi flek hitam menjaga kelembapan memperkuat skin barrier jerawat meredakan kemerahan kulit glowing niacinamide vitamin c moisturizer,emina,"gel, moisturizer, water",niacinamide vitamin c,"mencerahkan mengurangi flek hitam, menjaga kelembapan memperkuat skin barrier jerawat meredakan kemerahan kulit glowing, calming",1,Perawatan Wajah dan Jerawat
senka whip white,senka whip,,,white,0,Skincare Dasar dan Hidrasi
amaterasun uv waterbarrier spf 35 pa sunscreen wudhu,amaterasun,sunscreen,,"uv waterbarrier spf 35 pa, wudhu",4,Brightening dan Perawatan Kulit Cerah
you radiance glow advanced day cream,you,cream,,radiance glow advanced day,3,Perawatan Kulit dan Pelembap
skintific zero oil cleansing balm cleanser makeup sekali bersih total tanpa residu tidak menyumbat pori nyaman digunakan untuk kulit berminyak,skintific,balm cleanser,,"zero oil cleansing, makeup sekali bersih total tanpa residu tidak menyumbat pori nyaman digunakan untuk kulit berminyak",4,Brightening dan Perawatan Kulit Cerah
amaterasun brightening sunscreen spf 50 pa tone up,amaterasun,"tone up, sunscreen",,"brightening, spf 50 pa",2,Anti-Aging dan Sunscreen
round lab birch juice moisturizing gel cleanser,round lab,gel cleanser,birch juice,moisturizing,1,Perawatan Wajah dan Jerawat
cosrx low ph morning gel,cosrx,gel,,"morning, low ph",2,Anti-Aging dan Sunscreen
azarine calm my jerawat sunscreen moisturizer spf35 pa,azarine,sunscreen moisturizer,,"spf35 pa, calm my jerawat",0,Skincare Dasar dan Hidrasi
cosrx peptide skin booster serum,cosrx,serum,peptide,skin booster,3,Perawatan Kulit dan Pelembap
judydoll sunscreen 03 warm beige moisturizer essence tone up foundation concealer spf 50 pa,judydoll,"moisturizer essence tone up foundation concealer, sunscreen",,"spf 50 pa, 03 warm beige",3,Perawatan Kulit dan Pelembap
himalaya men intense oil clear lemon face wash,himalaya men,face wash,lemon,intense oil clear,4,Brightening dan Perawatan Kulit Cerah
skintific niacinamide brightening moisturizer gel,skintific,moisturizer gel,niacinamide,brightening,0,Skincare Dasar dan Hidrasi
garnier micellar water,garnier,micellar water,,,4,Brightening dan Perawatan Kulit Cerah
carasun sunscreen healthy matte uv protector spf 50 pa,carasun,sunscreen,,healthy matte uv protector spf 50 pa,1,Perawatan Wajah dan Jerawat
skin aqua tone up uv essence spf50 pa,skin aqua,"tone up, essence",,"uv, spf50 pa",0,Skincare Dasar dan Hidrasi
derma facial wash oily skin,derma,facial wash,,oily skin,0,Skincare Dasar dan Hidrasi
hada labo shirojyun white milk,hada labo shirojyun,,milk,white,2,Anti-Aging dan Sunscreen
senka whip collagen facial foam hyaluronic acid untuk membersihkan kotoran wajah,senka whip,facial foam,"hyaluronic acid, collagen",untuk membersihkan kotoran wajah,3,Perawatan Kulit dan Pelembap
senka whip white,senka whip,,,white,4,Brightening dan Perawatan Kulit Cerah
mediheal madecassosde,mediheal,,madecassosde,,1,Perawatan Wajah dan Jerawat
senka moisturizer gel cream,senka,moisturizer gel cream,,,2,Anti-Aging dan Sunscreen
morris men bright and moisturizer wash,morris men,"wash, moisturizer",,bright and,0,Skincare Dasar dan Hidrasi
round lab birch juice moisturizing sunscreen spf 50 pa,round lab,sunscreen,birch juice,"moisturizing, spf 50 pa",0,Skincare Dasar dan Hidrasi
senka whip jerawat care facial foam hyaluronic acid untuk membersihkan kotoran wajah,senka whip,facial foam,hyaluronic acid,"untuk membersihkan kotoran wajah, jerawat care",2,Anti-Aging dan Sunscreen
senka whip facial foam hyaluronic acid untuk membersihkan kotoran wajah berminyak,senka whip,facial foam,hyaluronic acid,untuk membersihkan kotoran wajah berminyak,2,Anti-Aging dan Sunscreen
emina spf 35 pa jerawat clear cica allantoin airy soothing sunscreen untuk melindungi dari sinar uv kulit berminyak sensitif,emina,sunscreen,cica allantoin,"spf 35 pa jerawat clear, airy soothing, untuk melindungi dari sinar uv kulit berminyak sensitif",0,Skincare Dasar dan Hidrasi
senka whip rose jerawat care,senka whip,,rose,jerawat care,0,Skincare Dasar dan Hidrasi
labore hydrating face body cleanser,labore,body cleanser,,hydrating face,0,Skincare Dasar dan Hidrasi
round lab birch juice moisturizing hydra cream,round lab,"cream, hydra",birch juice,moisturizing,3,Perawatan Kulit dan Pelembap
you day cream,you,cream,,day,4,Brightening dan Perawatan Kulit Cerah
glad2glow centella salicylic acid jerawat gel cleanser mengontrol minyak berlebih,glad2glow,gel cleanser,centella salicylic acid,"jerawat, mengontrol minyak berlebih",2,Anti-Aging dan Sunscreen
labore jerawat oil correct physical sunscreen spf50 pa pertama perlindungan terkuat dari sinar uva uvb mencegah inflamasi,labore,sunscreen,,"jerawat oil correct physical, spf50 pa pertama perlindungan terkuat dari sinar uva uvb mencegah inflamasi",1,Perawatan Wajah dan Jerawat
anessa uv sunscreen milk spf 50 pa,anessa,sunscreen,milk,"uv, spf 50 pa",4,Brightening dan Perawatan Kulit Cerah
ceradan hydra cream,ceradan,cream,,hydra,0,Skincare Dasar dan Hidrasi
kahf oil and jerawat care face wash,kahf,face wash,,oil and jerawat care,3,Perawatan Kulit dan Pelembap
clean clear foaming facial wash,clean clear,foaming facial wash,,,1,Perawatan Wajah dan Jerawat
kahf toning face spray,kahf,toning face spray,,,1,Perawatan Wajah dan Jerawat
wardah renew you serum,wardah,serum,,renew you,1,Perawatan Wajah dan Jerawat
herborist skin body serum apple brocolli,herborist,skin body serum,apple brocolli,,1,Perawatan Wajah dan Jerawat
kahf triple protection sunscreen moisturizer spf 30 pa,kahf,sunscreen moisturizer,,"triple protection, spf 30 pa",3,Perawatan Kulit dan Pelembap
anessa uv sunscreen milk spf 50 pa,anessa,sunscreen,milk,"uv, spf 50 pa",1,Perawatan Wajah dan Jerawat
round lab toner penyegar kulit wajah botanical panthenol betaine allantoin untuk kelembapan kehalusan,round lab,toner,"panthenol betaine allantoin, botanical","untuk kelembapan kehalusan, penyegar kulit wajah",2,Anti-Aging dan Sunscreen
skintific salicylic acid anti jerawat serum niacinamide pionin centella ceramide peptide hyaluronic,skintific,serum,"salicylic acid, niacinamide pionin centella ceramide peptide hyaluronic",anti jerawat,2,Anti-Aging dan Sunscreen
l oreal paris glycolic bright anti dark spot daily uv spf 50 untuk menyamarkan bekas jerawat noda hitam,l oreal paris,,"50, glycolic","spf, bright anti dark spot daily uv, untuk menyamarkan bekas jerawat noda hitam",3,Perawatan Kulit dan Pelembap
la roche posay peeling cleanser face wash anti noda hitam,la roche posay,peeling cleanser face wash,,anti noda hitam,3,Perawatan Kulit dan Pelembap
cetaphil daily exfoliating cleanser,cetaphil,cleanser,,daily exfoliating,4,Brightening dan Perawatan Kulit Cerah
labore jerawat oil correct physical sunscreen spf50 pa pertama perlindungan terkuat dari sinar uva uvb mencegah inflamasi,labore,sunscreen,,"jerawat oil correct physical, spf50 pa pertama perlindungan terkuat dari sinar uva uvb mencegah inflamasi",1,Perawatan Wajah dan Jerawat
la roche posay retinol serum,la roche posay,serum,retinol,,4,Brightening dan Perawatan Kulit Cerah
la roche posay hyalu serum,la roche posay,serum,hyalu,,4,Brightening dan Perawatan Kulit Cerah
the originote hyalucera moisturizer gel,the originote,moisturizer gel,hyalucera,,3,Perawatan Kulit dan Pelembap
leika aha bha night cream serum face soap khusus mengatasi milia angkat sel kulit mati penghilang syiringoma paling ampuh bintik putih wajah,leika,cream serum face soap,aha bha,"khusus mengatasi milia angkat sel kulit mati penghilang syiringoma paling ampuh, night, bintik putih wajah",2,Anti-Aging dan Sunscreen
facial foam glutathione cleanser wajah kolagen untuk kulit mencerahkan lembut terhidrasi,facial foam,cleanser wajah,"glutathione, kolagen",untuk kulit mencerahkan lembut terhidrasi,1,Perawatan Wajah dan Jerawat
hanasui serum vitamin c collagen,hanasui,serum,"vitamin c, collagen",,0,Skincare Dasar dan Hidrasi
poise facial foam,poise,facial foam,,,0,Skincare Dasar dan Hidrasi
ovale lemon,ovale,,lemon,,1,Perawatan Wajah dan Jerawat
wardah facial foam bright,wardah,facial foam,,bright,4,Brightening dan Perawatan Kulit Cerah
pond facial foam white,pond,facial foam,,white,0,Skincare Dasar dan Hidrasi
serum revitalizing membantu mengurangi bopeng regenerasi kulit wajah,,serum,,"membantu mengurangi bopeng regenerasi kulit wajah, revitalizing",3,Perawatan Kulit dan Pelembap
toner chamomille hydrating pencerah wajah penghilang mata panda,,toner,chamomille,hydrating pencerah wajah penghilang mata panda,1,Perawatan Wajah dan Jerawat
hanasui peeling serum,hanasui,serum,,peeling,1,Perawatan Wajah dan Jerawat
kahf men facial foam oil and jerawat care,kahf men,facial foam,,oil and jerawat care,1,Perawatan Wajah dan Jerawat
wardah facial foam lightening,wardah,facial foam,,lightening,3,Perawatan Kulit dan Pelembap
viva cleansing milk,viva,,milk,cleansing,4,Brightening dan Perawatan Kulit Cerah
clean clear facial wash natural bright,clean clear,facial wash,,natural bright,0,Skincare Dasar dan Hidrasi
pond day cream,pond,cream,,day,2,Anti-Aging dan Sunscreen
wardah pure olive oil,wardah,,pure olive oil,,3,Perawatan Kulit dan Pelembap
leika glowing day cream night mencerahkan perawatan wajah berminyak niacinamide menyembuhkan mengencangkan,leika,cream,niacinamide,"menyembuhkan mengencangkan, night, mencerahkan perawatan wajah berminyak, glowing day",2,Anti-Aging dan Sunscreen
leika aha bha night cream serum glowing day,leika,cream serum,aha bha,"night, glowing day",4,Brightening dan Perawatan Kulit Cerah
wardah facial foam bright oil control,wardah,facial foam,,bright oil control,4,Brightening dan Perawatan Kulit Cerah
fairnlovely,fairnlovely,,,,0,Skincare Dasar dan Hidrasi
wardah moisturizer defense mousse,wardah,moisturizer,,defense mousse,4,Brightening dan Perawatan Kulit Cerah
garnier men anti spot polution,garnier men,,,"polution, anti spot",2,Anti-Aging dan Sunscreen
banana boat long wearing moisturizer sunscreen spf,banana boat,moisturizer sunscreen,,"spf, long wearing",1,Perawatan Wajah dan Jerawat
wardah brght night cream,wardah,cream,,brght night,3,Perawatan Kulit dan Pelembap
banana boat ultra protect ultramist sunscreen spf 50,banana boat,sunscreen,,"ultra protect ultramist, spf 50",4,Brightening dan Perawatan Kulit Cerah
hadalabo tamagohada facial foam,hadalabo tamagohada,facial foam,,,0,Skincare Dasar dan Hidrasi
sabun wajah facial wash kopi,,sabun wajah facial wash,kopi,,4,Brightening dan Perawatan Kulit Cerah
nivea men vitamin scrub extra bright,nivea men,scrub,vitamin,extra bright,4,Brightening dan Perawatan Kulit Cerah
facial wash madu sr12 cleanser wajah lembut melembapkan menenangkan kulit,,"facial wash, cleanser",madu sr12,wajah lembut melembapkan menenangkan kulit,0,Skincare Dasar dan Hidrasi
sari ayu facial foam bright skin putih langsat,sari ayu,facial foam,,bright skin putih langsat,0,Skincare Dasar dan Hidrasi
ponds facial scrub clear solution,ponds,facial scrub,,clear solution,0,Skincare Dasar dan Hidrasi
nivea men vitamin scrub extra bright,nivea men,scrub,vitamin,extra bright,4,Brightening dan Perawatan Kulit Cerah
pond facial foam jerawat solution,pond,facial foam,,jerawat solution,4,Brightening dan Perawatan Kulit Cerah
wardah lightening day cream,wardah,cream,,lightening day,2,Anti-Aging dan Sunscreen
ponds facial foam bright beauty serum,ponds,"facial foam, serum",,bright beauty,0,Skincare Dasar dan Hidrasi
viva face tonic cucumber,viva,face tonic,cucumber,,3,Perawatan Kulit dan Pelembap
ms glow luminous white night cream,ms glow,cream,,luminous white night,2,Anti-Aging dan Sunscreen
hadalabo gokujyun facial foam,hadalabo gokujyun,facial foam,,,0,Skincare Dasar dan Hidrasi
ponds white beauty day cream,ponds,cream,,white beauty day,3,Perawatan Kulit dan Pelembap
nivea men facial foam oil clear jerawat defense,nivea men,facial foam,,oil clear jerawat defense,3,Perawatan Kulit dan Pelembap
safi hydra glow hydrating water cleanser,safi,water cleanser,,hydra glow hydrating,1,Perawatan Wajah dan Jerawat
y o u amino anti jerawat,y o u,,amino,anti jerawat,0,Skincare Dasar dan Hidrasi
suncare cream pelindung matahari,suncare,cream,,pelindung matahari,1,Perawatan Wajah dan Jerawat
facial wash pencerah wajah anti kusam melembapkan,,facial wash,,"pencerah wajah, anti kusam melembapkan",4,Brightening dan Perawatan Kulit Cerah
ovale white cleanser wajah,ovale,cleanser wajah,,white,3,Perawatan Kulit dan Pelembap
sr12 nature rose water face mist toner untuk melembapkan menyegarkan mencerahkan kulit,sr12 nature,face mist toner,rose water,untuk melembapkan menyegarkan mencerahkan kulit,1,Perawatan Wajah dan Jerawat
wardah face toner lightening,wardah,face toner,,lightening,2,Anti-Aging dan Sunscreen
pond facial foam jerawat solution,pond,facial foam,,jerawat solution,0,Skincare Dasar dan Hidrasi
leika serum aha bha khusus milia bruntusan hitam mencerahkan wajah memudarkan kering komedo,leika,serum,aha bha,khusus milia bruntusan hitam mencerahkan wajah memudarkan kering komedo,0,Skincare Dasar dan Hidrasi
facial cottton,,facial cottton,,,0,Skincare Dasar dan Hidrasi
facial wash sabun wajah pencerah,,"facial wash, sabun wajah",,pencerah,2,Anti-Aging dan Sunscreen
leika toner facial wash,leika,toner facial wash,,,4,Brightening dan Perawatan Kulit Cerah
wardah facial foam bright smoothing,wardah,facial foam,,bright smoothing,1,Perawatan Wajah dan Jerawat
wardah cica panthenol gel moisturizer,wardah,gel moisturizer,"panthenol, cica",,3,Perawatan Kulit dan Pelembap
wardah day cream,wardah,cream,,day,4,Brightening dan Perawatan Kulit Cerah
hanasui serum white,hanasui,serum,,white,4,Brightening dan Perawatan Kulit Cerah
wardah facial foam lightening,wardah,facial foam,,lightening,3,Perawatan Kulit dan Pelembap
daily protection banana boat ultra protect ultramist sunscreen spf 50,banana boat,sunscreen,,"ultra protect ultramist, daily protection, spf 50",4,Brightening dan Perawatan Kulit Cerah
nivea sun face serum extra protect,nivea,sun face serum,,extra protect,1,Perawatan Wajah dan Jerawat
wardah facial foam hydra rose gel cleanser100ml,wardah,"facial foam, gel cleanser100ml",rose,hydra,4,Brightening dan Perawatan Kulit Cerah
banana boat sunblock ultra spf 50,banana boat,sunblock,,ultra spf 50,0,Skincare Dasar dan Hidrasi
sunblock spf 30 tabir surya melindungi dari sinar uv mencerahkan melembapkan kulit,,"tabir surya, sunblock",,"melindungi dari sinar uv mencerahkan melembapkan kulit, spf 30",4,Brightening dan Perawatan Kulit Cerah
nivea men extra bright vitamin scrup,nivea men,scrup,vitamin,extra bright,3,Perawatan Kulit dan Pelembap
ponds bright beauty,ponds,,,bright beauty,2,Anti-Aging dan Sunscreen
viva cleansing milk bengkuang,viva,,milk bengkuang,cleansing,2,Anti-Aging dan Sunscreen
glow lovely facial foam multi vitamin,glow lovely,facial foam,multi vitamin,,0,Skincare Dasar dan Hidrasi
emina face wash acneprone,emina,face wash,,acneprone,1,Perawatan Wajah dan Jerawat
skin aqua uv moisturizer gel spf30,skin aqua,moisturizer gel,,"uv, spf30",2,Anti-Aging dan Sunscreen
emina bright stuff serum,emina,stuff serum,,bright,3,Perawatan Kulit dan Pelembap
cleanser,,cleanser,,,3,Perawatan Kulit dan Pelembap
garnier facial foam light complete,garnier,facial foam,,light complete,1,Perawatan Wajah dan Jerawat
nivea sparkling bright foam,nivea,foam,,sparkling bright,0,Skincare Dasar dan Hidrasi
kahf men triple action,kahf men,,,triple action,3,Perawatan Kulit dan Pelembap
hanasui moisturizer gel 10xceramide probiotic,hanasui,moisturizer gel,10xceramide probiotic,,3,Perawatan Kulit dan Pelembap
leika ultra guard sunscreen spf 40 pa,leika,sunscreen,,"spf 40 pa, ultra guard",2,Anti-Aging dan Sunscreen
wardah uvshield tone up sunscreen spf50,wardah,tone up sunscreen,,"spf50, uvshield",4,Brightening dan Perawatan Kulit Cerah
clean clear oil control,clean clear,,,oil control,3,Perawatan Kulit dan Pelembap
kahf face wash exfoliating,kahf,face wash,,exfoliating,3,Perawatan Kulit dan Pelembap
ponds facial foam bright beauty,ponds,facial foam,,bright beauty,3,Perawatan Kulit dan Pelembap
facial wash green tea cleanser wajah berminyak pencerah,,"facial wash, cleanser",green tea,wajah berminyak pencerah,1,Perawatan Wajah dan Jerawat
ponds men power clear,ponds men,,,power clear,3,Perawatan Kulit dan Pelembap
leika aha bha night cream face soap glowing day,leika,cream face soap,aha bha,"night, glowing day",4,Brightening dan Perawatan Kulit Cerah
banana boat aloe vera gel sun moisturizer,banana boat,"gel, moisturizer",aloe vera,sun,0,Skincare Dasar dan Hidrasi
leika glowing serum facial wash membersihkan mencerahkan pelembab pencerah perawatan wajah,leika,"pelembab, serum facial wash",,"pencerah perawatan wajah, glowing, membersihkan mencerahkan",0,Skincare Dasar dan Hidrasi
shinzui facial wash jerawat calm,shinzui,facial wash,,jerawat calm,1,Perawatan Wajah dan Jerawat
viva cleansing milk lemon,viva,,milk lemon,cleansing,1,Perawatan Wajah dan Jerawat
garnier men acno fight,garnier men,,,acno fight,2,Anti-Aging dan Sunscreen
viva face tonic bengkuang,viva,face tonic,bengkuang,,4,Brightening dan Perawatan Kulit Cerah
garnier men acno fight,garnier men,,,acno fight,1,Perawatan Wajah dan Jerawat
pond clear solution,pond,,,clear solution,0,Skincare Dasar dan Hidrasi
wardah facial foam,wardah,facial foam,,,1,Perawatan Wajah dan Jerawat
wardah lightening night cream,wardah,cream,,lightening night,4,Brightening dan Perawatan Kulit Cerah
viva waterdrop sleeping mask,viva,"waterdrop, mask",,sleeping,2,Anti-Aging dan Sunscreen
leika basic pack glowing day cream night toner,leika,"toner, cream",,"night, basic pack glowing day",0,Skincare Dasar dan Hidrasi
leika skin neutralizer menetralkan kulit wajah mencerahkan ceramide vitamin mengencangkan pelembab berminyak,leika,pelembab,ceramide vitamin,"mengencangkan, berminyak, skin neutralizer menetralkan kulit wajah mencerahkan",0,Skincare Dasar dan Hidrasi
himalaya face wash detox charcoal,himalaya,face wash,charcoal,detox,2,Anti-Aging dan Sunscreen
ovale facial lotion white,ovale,facial lotion,,white,2,Anti-Aging dan Sunscreen
kahf men facial foam skin energizing,kahf men,facial foam,,skin energizing,2,Anti-Aging dan Sunscreen
ponds brightbeautysrm day cream,ponds,cream,,brightbeautysrm day,3,Perawatan Kulit dan Pelembap
wardah lightening night cream,wardah,cream,,lightening night,0,Skincare Dasar dan Hidrasi
cream essense day night penghilang flek noda hitam,,"essense, cream",,"penghilang flek noda hitam, day night",2,Anti-Aging dan Sunscreen
leika glowing night cream facial wash,leika,cream facial wash,,glowing night,0,Skincare Dasar dan Hidrasi
banana boat sunscreen spray spf,banana boat,sunscreen spray,,spf,4,Brightening dan Perawatan Kulit Cerah
sabun wajah madu,,sabun wajah,madu,,4,Brightening dan Perawatan Kulit Cerah
ponds men white boost,ponds men,,,white boost,3,Perawatan Kulit dan Pelembap
marina face cream bright booster,marina,face cream,,bright booster,1,Perawatan Wajah dan Jerawat
wardah milk cleanser lightening,wardah,cleanser,milk,lightening,3,Perawatan Kulit dan Pelembap
facial cottton,,facial cottton,,,1,Perawatan Wajah dan Jerawat
viva face tonic green tea,viva,face tonic,green tea,,4,Brightening dan Perawatan Kulit Cerah
pond facial foam white beauty,pond,facial foam,,white beauty,1,Perawatan Wajah dan Jerawat
leika glowing serum toner,leika,serum toner,,glowing,3,Perawatan Kulit dan Pelembap
ponds pure bright foam,ponds,foam,,pure bright,0,Skincare Dasar dan Hidrasi
ponds men facial foam lightening,ponds men,facial foam,,lightening,1,Perawatan Wajah dan Jerawat
garnier serum light comp,garnier,serum,,light comp,0,Skincare Dasar dan Hidrasi
nivea sun face serum extra protect oil control,nivea,sun face serum,,extra protect oil control,2,Anti-Aging dan Sunscreen
pemula flek hitam ceramide sabun kopi suncare,,"sabun, suncare","ceramide, kopi",pemula flek hitam,4,Brightening dan Perawatan Kulit Cerah
hadalabo gokujyun facial foam,hadalabo gokujyun,facial foam,,,3,Perawatan Kulit dan Pelembap
garnier men charchoal,garnier men,,charchoal,,1,Perawatan Wajah dan Jerawat
ponds men white boost,ponds men,,,white boost,3,Perawatan Kulit dan Pelembap
himalaya men facial foam intense oil clear lemon,himalaya men,facial foam,lemon,intense oil clear,2,Anti-Aging dan Sunscreen
wardah uv shield sunscreen gel spf35,wardah,sunscreen gel,,"uv shield, spf35",4,Brightening dan Perawatan Kulit Cerah
hadalabo shirojyun facial foam,hadalabo shirojyun,facial foam,,,4,Brightening dan Perawatan Kulit Cerah
wardah facial wash ahawpha,wardah,facial wash,ahawpha,,2,Anti-Aging dan Sunscreen
kahf men sun screen stick spf,kahf men,sun screen stick,,spf,3,Perawatan Kulit dan Pelembap
wardah renew you anti - aging intensive serum,wardah,serum,,renew you anti - aging intensive,4,Brightening dan Perawatan Kulit Cerah
wardah day cream,wardah,cream,,day,3,Perawatan Kulit dan Pelembap
marina facial foam hydra lock,marina,facial foam,,hydra lock,4,Brightening dan Perawatan Kulit Cerah
banana boat aloe vera gel sun moisturizer,banana boat,"gel, moisturizer",aloe vera,sun,2,Anti-Aging dan Sunscreen
kahf men facial foam,kahf men,facial foam,,,2,Anti-Aging dan Sunscreen
nivea men facial foam bright oil clear shine,nivea men,facial foam,,"shine, bright oil clear",1,Perawatan Wajah dan Jerawat
wardah facial foam bright oil control,wardah,facial foam,,bright oil control,1,Perawatan Wajah dan Jerawat
leika glowing day cream facial wash,leika,cream facial wash,,glowing day,4,Brightening dan Perawatan Kulit Cerah
ovale facial lotion lemon,ovale,facial lotion,lemon,,1,Perawatan Wajah dan Jerawat
wardah lightening exfoliator,wardah,exfoliator,,lightening,4,Brightening dan Perawatan Kulit Cerah
leika basic pack glowing day cream night serum,leika,"cream, serum",,"night, basic pack glowing day",3,Perawatan Kulit dan Pelembap
wardah renew anti - aging night,wardah,,,"anti - aging night, renew",1,Perawatan Wajah dan Jerawat
facial cottton,,facial cottton,,,0,Skincare Dasar dan Hidrasi
wardah facial foam bright oil control,wardah,facial foam,,bright oil control,0,Skincare Dasar dan Hidrasi
rexona dry serum fresh sakura,rexona,serum,sakura,"fresh, dry",1,Perawatan Wajah dan Jerawat
banana boat simply protect aqua sensitive sunscreen lotion spf 50,banana boat,sunscreen lotion,,"simply protect aqua sensitive, spf 50",1,Perawatan Wajah dan Jerawat
wardah moisturizer defense,wardah,moisturizer,,defense,0,Skincare Dasar dan Hidrasi
ponds age miracle day cream,ponds,cream,,age miracle day,3,Perawatan Kulit dan Pelembap
dermaster lavijue wrinkle care serum,dermaster lavijue,serum,,wrinkle care,0,Skincare Dasar dan Hidrasi
diri essentials extra double cleanse cleanser wajah setelah beraktivitas,diri,"essentials, cleanser wajah",,"extra double cleanse, setelah beraktivitas",4,Brightening dan Perawatan Kulit Cerah
jerawat combo fighter,,,,jerawat combo fighter,3,Perawatan Kulit dan Pelembap
baby pink glowing serum,baby pink,serum,,glowing,1,Perawatan Wajah dan Jerawat
skintific retinol skin renewal moisturizer anti - aging pelembab wajah,skintific,"pelembab wajah, moisturizer",retinol,"skin renewal, anti - aging",1,Perawatan Wajah dan Jerawat
safi white expert illuminating day cream spf15 pa,safi,cream,,"spf15 pa, white expert illuminating day",0,Skincare Dasar dan Hidrasi
biore men scrub,biore men,scrub,,,2,Anti-Aging dan Sunscreen
skintific glycolic acid daily clarifying toner,skintific,toner,glycolic acid,daily clarifying,2,Anti-Aging dan Sunscreen
brighty aha exfoliating,brighty,,aha,exfoliating,3,Perawatan Kulit dan Pelembap
glad2glow blueberry ceramide moisturizer wajah untuk melelmbabkan merawat kulit kering,glad2glow,"wajah, moisturizer","ceramide, blueberry",untuk melelmbabkan merawat kulit kering,1,Perawatan Wajah dan Jerawat
skintific ceramide low ph cleanser sabun cuci wajah untuk kulit sensitif barrier repair,skintific,cleanser sabun cuci wajah,ceramide,"barrier repair, low ph, untuk kulit sensitif",4,Brightening dan Perawatan Kulit Cerah
avoskin serum tea tree glycolic acid rosemary,avoskin,serum,"glycolic acid rosemary, tea tree",,0,Skincare Dasar dan Hidrasi
nuxe aquabella exfoliating purifying gel,nuxe aquabella,gel,,exfoliating purifying,4,Brightening dan Perawatan Kulit Cerah
kahf,kahf,,,,3,Perawatan Kulit dan Pelembap
wardah light hydrashot intensive moisturizer,wardah,moisturizer,,light hydrashot intensive,4,Brightening dan Perawatan Kulit Cerah
ponds bright miracle ultimate clarity cream oily skin,ponds,cream,,"oily skin, bright miracle ultimate clarity",2,Anti-Aging dan Sunscreen
you reeffect boost acid renewal peeling serum,you,serum,acid,"reeffect boost, renewal peeling",2,Anti-Aging dan Sunscreen
safi white expert skin refiner,safi,,,white expert skin refiner,0,Skincare Dasar dan Hidrasi
moisturizing facial foam,,facial foam,,moisturizing,1,Perawatan Wajah dan Jerawat
shizengokochi facial soap,shizengokochi,facial soap,,,4,Brightening dan Perawatan Kulit Cerah
labore sensitive barrier revive cream,labore,cream,,"sensitive, barrier revive",4,Brightening dan Perawatan Kulit Cerah
dermies max anti - aging facial,dermies max,facial,,anti - aging,1,Perawatan Wajah dan Jerawat
tirtir collagen lifting eye cream,tirtir,cream,collagen,lifting eye,0,Skincare Dasar dan Hidrasi
facetology triple care sunscreen spf 40 pa,facetology,sunscreen,,"spf 40 pa, triple care",3,Perawatan Kulit dan Pelembap
skintific glow beautyhaul,skintific,,,"beautyhaul, glow",4,Brightening dan Perawatan Kulit Cerah
pigeon teens bangun tidur glowing facial moisturizer,pigeon teens,facial moisturizer,,bangun tidur glowing,1,Perawatan Wajah dan Jerawat
diri essentials jerawat facial cleanser salicylic acid membersihkan wajah berminyak,diri,"facial cleanser, essentials",salicylic acid,"jerawat, membersihkan wajah berminyak",1,Perawatan Wajah dan Jerawat
numbuzin pantothenic active soothing cream,numbuzin,cream,pantothenic,active soothing,2,Anti-Aging dan Sunscreen
dexskin brightening,dexskin,,,brightening,1,Perawatan Wajah dan Jerawat
saekin moisturizer ceramide centella hyaluronic acid collagen melembabkan mencerahkan kulit sensitif,saekin,moisturizer,ceramide centella hyaluronic acid collagen,melembabkan mencerahkan kulit sensitif,4,Brightening dan Perawatan Kulit Cerah
scora sheer glow tone up cream,scora sheer,tone up cream,,glow,1,Perawatan Wajah dan Jerawat
biolite cream,biolite,cream,,,0,Skincare Dasar dan Hidrasi
somethinc low ph gentle jelly cleanser sabun cuci wajah semua jenis kulit kotoran facial wash tidak ketarik skin type sensitive repair barrier,somethinc,"facial wash, gentle jelly cleanser sabun cuci wajah",,"tidak ketarik skin type sensitive repair barrier, low ph, semua jenis kulit kotoran",4,Brightening dan Perawatan Kulit Cerah
tocobo collagen brightening eye gel cream,tocobo,gel cream,collagen,brightening eye,2,Anti-Aging dan Sunscreen
the originote low ph cicamide facial cleanser,the originote,facial cleanser,cicamide,low ph,3,Perawatan Kulit dan Pelembap
some mi retinol intense reactivating serum,some mi,serum,retinol,intense reactivating,4,Brightening dan Perawatan Kulit Cerah
skin sake retinol serum ceramide,skin sake,serum,"ceramide, retinol",,4,Brightening dan Perawatan Kulit Cerah
skin sake liquid cream moisturizer zinc pca,skin sake,liquid cream moisturizer,zinc pca,,2,Anti-Aging dan Sunscreen
facetology triple care sunscreen oily jerawat spf40 pa,facetology,sunscreen,,"oily jerawat spf40 pa, triple care",1,Perawatan Wajah dan Jerawat
garnier uv air mist sunscreen spf 50 pa,garnier,air mist sunscreen,,"uv, spf 50 pa",3,Perawatan Kulit dan Pelembap
innisfree cherry blossom glow tone up cream spf50 pa mencerahkan seketika untuk kulit kusam,innisfree cherry blossom,tone up cream,,"spf50 pa mencerahkan seketika untuk kulit kusam, glow",0,Skincare Dasar dan Hidrasi
bio oil,bio oil,,,,4,Brightening dan Perawatan Kulit Cerah
nivea sunscreen face serum extra protect instant aura spf50 pa sunblock mencerahkan brightening tone up spf uv harian lightweight gel tekstur ringan cepat meresap tidak lengket no whitecast licorice,nivea,"gel, tone up, sunscreen face serum, sunblock",licorice,"extra protect instant aura spf50 pa, mencerahkan brightening, tekstur ringan cepat meresap tidak lengket no whitecast, spf uv harian lightweight",1,Perawatan Wajah dan Jerawat
erha facial signature timeless youth,erha,facial,,signature timeless youth,3,Perawatan Kulit dan Pelembap
la roche posay serum intensive anti dark spot,la roche posay,serum,,intensive anti dark spot,1,Perawatan Wajah dan Jerawat
abib jerawat foam cleanser heartleaf,abib,foam cleanser,heartleaf,jerawat,1,Perawatan Wajah dan Jerawat
wardah makeup flawless coverage bebas kusam cushion moisturizer instant fresh look satin finish cream ringan melembabkan kulit lightening,wardah,"cushion, cream, moisturizer",,"instant fresh look satin finish, ringan melembabkan kulit lightening, makeup flawless coverage bebas kusam",0,Skincare Dasar dan Hidrasi
b erl mencerahkan anti kusam intense lightening serum menghilangkan flek hitam,b erl,serum,,"mencerahkan anti kusam intense lightening, menghilangkan flek hitam",0,Skincare Dasar dan Hidrasi
some mi aha bha pha 30 days miracle cream,some mi,cream,aha bha pha,30 days miracle,2,Anti-Aging dan Sunscreen
hydrating toner skin booster,,toner,,"skin booster, hydrating",2,Anti-Aging dan Sunscreen
wardah glowing skin on your day cushion glasting liquid mascara radiant resurfacing retinal serum collagen moisturizer,wardah,"cushion, mascara, moisturizer, liquid, serum",collagen,"glowing skin on your day, radiant resurfacing retinal, glasting",4,Brightening dan Perawatan Kulit Cerah
aizen,aizen,,,,0,Skincare Dasar dan Hidrasi
lagom cellup cleansing water,lagom cellup,cleansing water,,,4,Brightening dan Perawatan Kulit Cerah
aizen in one skin repair barrier,aizen in one,,,"barrier, skin repair",1,Perawatan Wajah dan Jerawat
b erl intense lightening day cream night,b erl,cream,,"night, intense lightening day",2,Anti-Aging dan Sunscreen
tocobo cotton soft sun stick spf50 pa,tocobo cotton,soft sun stick,,spf50 pa,0,Skincare Dasar dan Hidrasi
garniermen turbo light oil scrub,garniermen,oil scrub,,turbo light,2,Anti-Aging dan Sunscreen
animate jerawat solution toner,animate,toner,,jerawat solution,0,Skincare Dasar dan Hidrasi
dermaster lavijue serum clabiane acu derm cream,dermaster lavijue,serum clabiane acu derm cream,,,4,Brightening dan Perawatan Kulit Cerah
suncut tone up uv essence lavender sunscreen brightening effect,suncut,"tone up, sunscreen, essence",lavender,"brightening effect, uv",3,Perawatan Kulit dan Pelembap
dorskin cera sunscreen,dorskin,cera sunscreen,,,0,Skincare Dasar dan Hidrasi
the originote moisturizer,the originote,moisturizer,,,2,Anti-Aging dan Sunscreen
biore men jerawat,biore men,,,jerawat,1,Perawatan Wajah dan Jerawat
facetology triple care sunscreen oily skin spf 40 pa ringan oil control untuk kulit berminyak,facetology,sunscreen,,"oily skin spf 40 pa ringan oil control untuk kulit berminyak, triple care",2,Anti-Aging dan Sunscreen
biyu oil control cleanser ph balanced,biyu,cleanser,,"ph balanced, oil control",1,Perawatan Wajah dan Jerawat
paper filter,,paper filter,,,2,Anti-Aging dan Sunscreen
sk ii facial treatment clear lotion,sk ii,lotion,,facial treatment clear,1,Perawatan Wajah dan Jerawat
bhumi clear,bhumi,,,clear,0,Skincare Dasar dan Hidrasi
house of hur daily skin essence pad,house of hur,essence pad,,daily skin,4,Brightening dan Perawatan Kulit Cerah
abib essence calming,abib,essence,,calming,2,Anti-Aging dan Sunscreen
avoskin miraculous refining toner,avoskin,toner,,miraculous refining,2,Anti-Aging dan Sunscreen
elizabeth arden prevage anti - aging eye serum,elizabeth arden,serum,,prevage anti - aging eye,2,Anti-Aging dan Sunscreen
b erl kulit melembabkan bebas minyak berminyak perawatan wajah jerawat facial cleanser,b erl,facial cleanser,,kulit melembabkan bebas minyak berminyak perawatan wajah jerawat,0,Skincare Dasar dan Hidrasi
bio essence serum,bio,"essence, serum",,,0,Skincare Dasar dan Hidrasi
true to skin sunscreen gel spf 50 pa,true to skin,sunscreen gel,,spf 50 pa,4,Brightening dan Perawatan Kulit Cerah
isntree hyaluronic acid moisturizer cream,isntree,moisturizer cream,hyaluronic acid,,3,Perawatan Kulit dan Pelembap
dear me beauty face wash skin barrier gel ceramide cleanser wajah membersihkan minyak kotoran menjaga melembapkan kulit sensitif kering,dear me beauty,"face wash, gel, cleanser wajah",ceramide,"skin barrier, membersihkan minyak kotoran menjaga melembapkan kulit sensitif kering",4,Brightening dan Perawatan Kulit Cerah
skin sake mandelic acid gel membantu mengatasi jerawat noda niacinamide aha exfoliator,skin sake,"exfoliator, gel","niacinamide, mandelic acid, aha",membantu mengatasi jerawat noda,1,Perawatan Wajah dan Jerawat
skin game extra hydrating toner untuk melembapkan wajah cocok kulit kering,skin game,toner,,"untuk melembapkan wajah cocok kulit kering, extra hydrating",0,Skincare Dasar dan Hidrasi
sea quill calendula soothing gel membantu menyejukan kulit memperbaiki skin barrier mencerahkan wajah menyembuhkan,sea quill,gel,calendula,"mencerahkan wajah menyembuhkan, soothing, membantu menyejukan kulit memperbaiki skin barrier",0,Skincare Dasar dan Hidrasi
beauty of joseon calming serum green tea panthenol,beauty of joseon,serum,green tea panthenol,calming,0,Skincare Dasar dan Hidrasi
esther tea tree serum wajah kulit jerawat,esther,serum wajah,tea tree,kulit jerawat,1,Perawatan Wajah dan Jerawat
ceramide purifying toner,,toner,ceramide,purifying,4,Brightening dan Perawatan Kulit Cerah
diri sootheme jerawat toner niacinamide panthenol,diri,toner,"niacinamide, panthenol",sootheme jerawat,3,Perawatan Kulit dan Pelembap
tavi 5 pha bha retexture toner kulit halus glowing,tavi 5,toner,pha bha,"kulit halus glowing, retexture",3,Perawatan Kulit dan Pelembap
skintific skin reborn cream gel moisturizer pelembab wajah untuk melembapkan memperkuat barrier,skintific,"pelembab wajah, cream gel moisturizer",,"skin reborn, untuk melembapkan memperkuat barrier",1,Perawatan Wajah dan Jerawat
elvicto deep bright face wash,elvicto,face wash,,deep bright,2,Anti-Aging dan Sunscreen
cerave facial moisturizing lotion sunscreen day moisturize,cerave,"lotion sunscreen, moisturize",,"day, facial moisturizing",2,Anti-Aging dan Sunscreen
aizen retinal repair skin sun triple facial lotion,aizen,facial lotion,retinal,repair skin sun triple,3,Perawatan Kulit dan Pelembap
labore sensitive topicalm cream,labore,topicalm cream,,sensitive,4,Brightening dan Perawatan Kulit Cerah
aizen retinal facial kerutan,aizen,,retinal,facial kerutan,4,Brightening dan Perawatan Kulit Cerah
wardah niacinamide bright barrier boost moisturizer gel pelembab mencerahkan repair serum memperbaiki skin,wardah,"moisturizer gel pelembab, serum",niacinamide,"memperbaiki skin, mencerahkan repair, bright barrier boost",2,Anti-Aging dan Sunscreen
sk ii ultimate perfecting essence,sk ii,essence,,ultimate perfecting,1,Perawatan Wajah dan Jerawat
avoskin alpha arbutin serum,avoskin,serum,alpha arbutin,,4,Brightening dan Perawatan Kulit Cerah
cerave blemish control cleanser daily face jerawat prone skin,cerave,cleanser,,"daily, face jerawat prone skin, blemish control",1,Perawatan Wajah dan Jerawat
avoskin miraculous refining toner,avoskin,toner,,miraculous refining,3,Perawatan Kulit dan Pelembap
implora eye serum,implora,serum,,eye,4,Brightening dan Perawatan Kulit Cerah
the originote brightening moisturizer,the originote,moisturizer,,brightening,2,Anti-Aging dan Sunscreen
avoskin panthenol serum,avoskin,serum,panthenol,,4,Brightening dan Perawatan Kulit Cerah
clinelle milk cleanser,clinelle,cleanser,milk,,3,Perawatan Kulit dan Pelembap
somethinc sunscreen spf 40 pa,somethinc,sunscreen,,spf 40 pa,2,Anti-Aging dan Sunscreen
skintific skin reborn cream gel moisturizer,skintific,cream gel moisturizer,,skin reborn,1,Perawatan Wajah dan Jerawat
facerinna niacinamide power bright cleanser,facerinna,cleanser,niacinamide,power bright,2,Anti-Aging dan Sunscreen
glow lovely vitamin c foam,glow lovely,foam,vitamin c,,3,Perawatan Kulit dan Pelembap
lore brightamin serum glowing vitamin pencerah wajah penghilang flek hitam kulit,lore,serum,vitamin,"glowing, brightamin, pencerah wajah penghilang flek hitam kulit",3,Perawatan Kulit dan Pelembap
neogen bio peel gauze peeling lemon,neogen bio,peel gauze,lemon,peeling,4,Brightening dan Perawatan Kulit Cerah
erha acneact wh pore minimizing toner,erha,toner,,acneact wh pore minimizing,4,Brightening dan Perawatan Kulit Cerah
mosseru hyaluronic moisturizer serum sunscreen,mosseru,moisturizer serum sunscreen,hyaluronic,,2,Anti-Aging dan Sunscreen
dermaster foam cleanser,dermaster,foam cleanser,,,3,Perawatan Kulit dan Pelembap
han river alat facial wajah pemijat perawatan kulit massage,han river,alat facial wajah pemijat,,perawatan kulit massage,1,Perawatan Wajah dan Jerawat
skin game theory brightening essence untuk kulit kusam sensitif,skin game theory,essence,,"brightening, untuk kulit kusam sensitif",3,Perawatan Kulit dan Pelembap
organic supply co glow renew rose seed oil,organic supply co,,"seed oil, rose",glow renew,4,Brightening dan Perawatan Kulit Cerah
innisfree green tea seed hyaluronic cream,innisfree,cream,green tea seed hyaluronic,,1,Perawatan Wajah dan Jerawat
senka beauty soothing,senka,,,beauty soothing,0,Skincare Dasar dan Hidrasi
hpr retinol serum,hpr,serum,retinol,,1,Perawatan Wajah dan Jerawat
animate dark spot white serum,animate,serum,,dark spot white,3,Perawatan Kulit dan Pelembap
wardah uv shield essential gel sunscreen spf 30,wardah,essential gel sunscreen,,"uv shield, spf 30",3,Perawatan Kulit dan Pelembap
pinkberry hair body mist,pinkberry,hair body mist,,,2,Anti-Aging dan Sunscreen
viva face tonic green tea jerawat penyegar,viva,face tonic,green tea,jerawat penyegar,0,Skincare Dasar dan Hidrasi
somethinc ceramic skin saviour moisturizer gel pelembab wajah untuk hydrating kulit glowing ceramide,somethinc,"moisturizer gel, pelembab wajah","ceramide, ceramic","skin saviour, untuk hydrating kulit glowing",3,Perawatan Kulit dan Pelembap
hatomugi skin conditioner,hatomugi,conditioner,,skin,2,Anti-Aging dan Sunscreen
adleeva jerawat fighter serum,adleeva,serum,,jerawat fighter,1,Perawatan Wajah dan Jerawat
npure cica beat the sun powder,npure,powder,cica,beat the sun,2,Anti-Aging dan Sunscreen
skintific niacinamide brightening cleanser facial wash sabun cuci wajah untuk mencerahkan kusam,skintific,cleanser facial wash sabun cuci wajah,niacinamide,"untuk mencerahkan, brightening, kusam",3,Perawatan Kulit dan Pelembap
skintific ceramide barrier repair moisturizer gel pelembab wajah menjaga skin melembapkan kulit,skintific,moisturizer gel pelembab wajah,ceramide,"menjaga skin melembapkan kulit, barrier repair",2,Anti-Aging dan Sunscreen
nivea men vitamin scrub extra bright sabun cuci wajah pria mencerahkan angkat sel kulit mati brightening kusam cleanser membersihkan pori polusi debu kotoran hyaluronic acid,nivea men,"sabun cuci wajah pria, scrub, cleanser","hyaluronic acid, vitamin","extra bright, mencerahkan angkat sel kulit mati brightening kusam, membersihkan pori polusi debu kotoran",2,Anti-Aging dan Sunscreen
lore advanced lift perfection serum,lore,serum,,advanced lift perfection,1,Perawatan Wajah dan Jerawat
esther night cream,esther,cream,,night,4,Brightening dan Perawatan Kulit Cerah
essence,,essence,,,4,Brightening dan Perawatan Kulit Cerah
avoskin skin bae toner niacinamide alpha arbutin,"avoskin, skin bae",toner,"niacinamide, alpha arbutin",,2,Anti-Aging dan Sunscreen
elemis collagen day cream,elemis,cream,collagen,day,2,Anti-Aging dan Sunscreen
lore jerawat clarifying complex totol salicylic acid hilang tanpa bekas,lore,totol,salicylic acid,"jerawat clarifying complex, hilang tanpa bekas",3,Perawatan Kulit dan Pelembap
dermaster daily wrinkle care brightening,dermaster,,,daily wrinkle care brightening,3,Perawatan Kulit dan Pelembap
animate glow gel strawberry salmon dna,animate,gel,strawberry salmon dna,glow,0,Skincare Dasar dan Hidrasi
benton snail bee high content skin,benton snail,,bee,high content skin,3,Perawatan Kulit dan Pelembap
avoskin retinol toner,avoskin,toner,retinol,,4,Brightening dan Perawatan Kulit Cerah
wardah jerawat,wardah,,,jerawat,4,Brightening dan Perawatan Kulit Cerah
benton honest cleansing foam,benton,foam,,honest cleansing,0,Skincare Dasar dan Hidrasi
abib calming toner skin booster,abib,toner,,"skin booster, calming",0,Skincare Dasar dan Hidrasi
natur e glow melembabkan meremajakan kulit vitamin astaxanthin peptide meningkatkan produksi kolagen wajah toner moisturizer serum sunscreen spf 45 pa,natur e,"sunscreen, toner moisturizer serum",vitamin astaxanthin peptide,"melembabkan meremajakan kulit, meningkatkan produksi kolagen wajah, glow, spf 45 pa",4,Brightening dan Perawatan Kulit Cerah
jumiso snail mucin peptide facial essence benton aloe propolis soothing gel,"jumiso snail mucin, benton","gel, facial essence","peptide, aloe propolis",soothing,0,Skincare Dasar dan Hidrasi
elizabeth arden cream cleanser,elizabeth arden,cream cleanser,,,4,Brightening dan Perawatan Kulit Cerah
skin sake brightening memudarkan noda hitam mencerahkan wajar,skin sake,,,brightening memudarkan noda hitam mencerahkan wajar,3,Perawatan Kulit dan Pelembap
skintific ceramide barrier moisturizer gel ringan untuk oil control calming pelembab wajah brightening menjaga skin,skintific,"moisturizer gel, pelembab wajah",ceramide,"brightening menjaga skin, barrier, ringan untuk oil control calming",2,Anti-Aging dan Sunscreen
innisfree pha pore refining toner untuk kulit berminyak,innisfree,toner,pha,"untuk kulit berminyak, pore refining",0,Skincare Dasar dan Hidrasi
diri essentials hydrateme daily barrier moisturizer pelembab perawatan skin untuk semua jenis kulit,diri,"pelembab, essentials, moisturizer",,"perawatan skin untuk semua jenis kulit, hydrateme daily barrier",3,Perawatan Kulit dan Pelembap
the originote hyalu serum,the originote,serum,hyalu,,0,Skincare Dasar dan Hidrasi
innisfree retinol cica moisturizer recovery serum,innisfree,moisturizer recovery serum,retinol cica,,3,Perawatan Kulit dan Pelembap
votre peau daily facial sun shield spf 50 pa,votre peau,,,daily facial sun shield spf 50 pa,2,Anti-Aging dan Sunscreen
votre peau brightening essence,votre peau,essence,,brightening,1,Perawatan Wajah dan Jerawat
labore sensitive cleanser,labore,cleanser,,sensitive,3,Perawatan Kulit dan Pelembap
tavi gel cleanser,tavi,"gel, cleanser",,,4,Brightening dan Perawatan Kulit Cerah
pigeon teens facial foam jerawat care,pigeon teens,facial foam,,jerawat care,2,Anti-Aging dan Sunscreen
emina bright exfoliating toner,emina,toner,,"exfoliating, bright",4,Brightening dan Perawatan Kulit Cerah
anua heartleaf soothing toner,anua,toner,heartleaf,soothing,1,Perawatan Wajah dan Jerawat
momami sun stick,momami,sun stick,,,3,Perawatan Kulit dan Pelembap
esther green tea gentle wash,esther,gentle wash,green tea,,2,Anti-Aging dan Sunscreen
mary may 6peptide serum,mary may,serum,6peptide,,1,Perawatan Wajah dan Jerawat
bio oil,bio oil,,,,1,Perawatan Wajah dan Jerawat
benton uv defense sun cream spf 50 pa,benton,sun cream,,"uv defense, spf 50 pa",0,Skincare Dasar dan Hidrasi
mary may collagen serum,mary may,serum,collagen,,4,Brightening dan Perawatan Kulit Cerah
bhumi ceramide hydra lock moisturizer,bhumi,moisturizer,ceramide,hydra lock,0,Skincare Dasar dan Hidrasi
pyunkang yul brightening blemish care serum,pyunkang yul,serum,,brightening blemish care,4,Brightening dan Perawatan Kulit Cerah
somethinc glow pyhtocell serum untuk kulit berkilau mencerahkan brightening anti - aging,somethinc,serum,,"glow pyhtocell, untuk kulit berkilau mencerahkan brightening anti - aging",3,Perawatan Kulit dan Pelembap
esther toner,esther,toner,,,4,Brightening dan Perawatan Kulit Cerah
somethinc acnedot treatment low ph cleanser,somethinc,cleanser,,acnedot treatment low ph,1,Perawatan Wajah dan Jerawat
skintific niacinamide brightening serum,skintific,serum,niacinamide,brightening,1,Perawatan Wajah dan Jerawat
erha face lips,erha,face lips,,,4,Brightening dan Perawatan Kulit Cerah
skintific aha bha pha exfoliating,skintific,,aha bha pha,exfoliating,3,Perawatan Kulit dan Pelembap
skintific dark spot eraser serum,skintific,serum,,dark spot eraser,3,Perawatan Kulit dan Pelembap
clean clear foaming face wash vitamin c,clean clear,foaming face wash,vitamin c,,1,Perawatan Wajah dan Jerawat
rei skin green tea exfoliating body scrub wash,rei skin,body scrub wash,green tea,exfoliating,0,Skincare Dasar dan Hidrasi
wardah lightening exfoliator,wardah,exfoliator,,lightening,0,Skincare Dasar dan Hidrasi
omg oh my glow bright booster uv barrier sunscreen spf 50 pa,omg oh my glow,sunscreen,,"spf 50 pa, bright booster uv barrier",1,Perawatan Wajah dan Jerawat
crystallure supreme revitalizing oil serum,crystallure supreme,oil serum,,revitalizing,1,Perawatan Wajah dan Jerawat
wardah renew you ceramide martrixyl spf35 pa moisturizer,wardah,moisturizer,ceramide martrixyl,"renew you, spf35 pa",0,Skincare Dasar dan Hidrasi
skintific amino acid ultra gentle cleansing,skintific,,amino acid,ultra gentle cleansing,0,Skincare Dasar dan Hidrasi
skintific ceramide barrier moisturizer gel light texture,skintific,moisturizer gel,ceramide,"light texture, barrier",4,Brightening dan Perawatan Kulit Cerah
isntree hyaluronic acid low ph cleansing foam,isntree,foam,hyaluronic acid,low ph cleansing,4,Brightening dan Perawatan Kulit Cerah
elformula cerahydro mild cleanser facial wash sabun low ph sensitive skin melembabkan kulit cocok untuk sensitif,elformula,mild cleanser facial wash sabun,,"low ph sensitive skin melembabkan kulit cocok untuk sensitif, cerahydro",4,Brightening dan Perawatan Kulit Cerah
bio beauty lab glow care,bio beauty lab,,,glow care,3,Perawatan Kulit dan Pelembap
cosrx 96 mucin essence,cosrx,essence,96 mucin,,2,Anti-Aging dan Sunscreen
senka moisturizer ha serum,senka,"moisturizer, serum",ha,,4,Brightening dan Perawatan Kulit Cerah
pyunkang yul mild sun cream,pyunkang yul,mild sun cream,,,1,Perawatan Wajah dan Jerawat
garnier uv cooling watergel sunscreen spf50,garnier,watergel sunscreen,,"uv cooling, spf50",1,Perawatan Wajah dan Jerawat
tavi cica sun shield face gel oil staining lip sunscreen cream blush highlighter eyeshadow,tavi,"face, gel, sunscreen cream",cica,"blush highlighter eyeshadow, oil staining lip, sun shield",1,Perawatan Wajah dan Jerawat
dermaster white glow clabiane daily sunscreen,dermaster,"clabiane, sunscreen",,"white glow, daily",2,Anti-Aging dan Sunscreen
tavi plant based squalane ceramide moisturizer boost serum,tavi,moisturizer boost serum,plant based squalane ceramide,,1,Perawatan Wajah dan Jerawat
wardah hydra rose gel to foam cleanser facial wash oil wajah untuk kulit kering dehidrasi melembabkan 72 jam,wardah,gel to foam cleanser facial wash,rose,"72 jam, oil wajah untuk kulit kering dehidrasi melembabkan, hydra",1,Perawatan Wajah dan Jerawat
wardah nature daily aloe hydramild multifunction gel,wardah,gel,aloe,"hydramild multifunction, nature daily",4,Brightening dan Perawatan Kulit Cerah
wardah gel moisturizer serum uv shield tranexamic vitamin c cica hyaluron,wardah,gel moisturizer serum,tranexamic vitamin c cica hyaluron,uv shield,1,Perawatan Wajah dan Jerawat
somethinc sunscreen spf 40 pa,somethinc,sunscreen,,spf 40 pa,0,Skincare Dasar dan Hidrasi
facial foam viva kering oily,viva,facial foam,,kering oily,4,Brightening dan Perawatan Kulit Cerah
skinlife face lotion,skinlife,face lotion,,,1,Perawatan Wajah dan Jerawat
bio beauty lab retinol peptide,bio beauty lab,,retinol peptide,,3,Perawatan Kulit dan Pelembap
elemis collagen rose facial oil minyak wajah,elemis,facial oil,collagen rose,minyak wajah,4,Brightening dan Perawatan Kulit Cerah
elemis collagen night cream pelembab wajah,elemis,cream pelembab wajah,collagen,night,4,Brightening dan Perawatan Kulit Cerah
glad2glow centella salicylic acid jerawat gel cleanser facial wash untuk kulit,glad2glow,"facial wash, gel cleanser",centella salicylic acid,"untuk kulit, jerawat",1,Perawatan Wajah dan Jerawat
avoskin skin bae hyaluron hyacross 3 green tea,"avoskin, skin bae",,hyaluron hyacross 3 green tea,,3,Perawatan Kulit dan Pelembap
dermaster lavijue serum,dermaster lavijue,serum,,,4,Brightening dan Perawatan Kulit Cerah
aizen scar barrier combo,aizen,,,scar barrier combo,4,Brightening dan Perawatan Kulit Cerah
safi white expert deep exfoliator,safi,deep exfoliator,,white expert,1,Perawatan Wajah dan Jerawat
wardah bright moisturizer spf,wardah,moisturizer,,"spf, bright",3,Perawatan Kulit dan Pelembap
serum wajah pria wanita white glowing,,serum wajah,,pria wanita white glowing,2,Anti-Aging dan Sunscreen
kanebo wash,kanebo,wash,,,2,Anti-Aging dan Sunscreen
skintific retinol renewal serum,skintific,serum,retinol,renewal,0,Skincare Dasar dan Hidrasi
nivea body uv white,nivea,,,body uv white,2,Anti-Aging dan Sunscreen
isntree green tea fresh toner,isntree,toner,green tea,fresh,0,Skincare Dasar dan Hidrasi
pyunkang yul calming moisturizer repair,pyunkang yul,moisturizer,,"repair, calming",1,Perawatan Wajah dan Jerawat
wardah moisturizer,wardah,moisturizer,,,1,Perawatan Wajah dan Jerawat
biore,biore,,,,4,Brightening dan Perawatan Kulit Cerah
glad2glow centella ceramide soothing toner,glad2glow,toner,centella ceramide,soothing,4,Brightening dan Perawatan Kulit Cerah
skintific clear skin,skintific,,,clear skin,0,Skincare Dasar dan Hidrasi
bio essence,bio,essence,,,1,Perawatan Wajah dan Jerawat
face serum retinol anti - aging,,face serum,retinol,anti - aging,1,Perawatan Wajah dan Jerawat
haruharu black rice sunscreen,haruharu,sunscreen,black rice,,0,Skincare Dasar dan Hidrasi
cleya beauty radiant skin moisturizer,cleya beauty,moisturizer,,radiant skin,4,Brightening dan Perawatan Kulit Cerah
esther moisturizing lotion,esther,lotion,,moisturizing,4,Brightening dan Perawatan Kulit Cerah
sk ii ultimate perfecting serum,sk ii,serum,,ultimate perfecting,1,Perawatan Wajah dan Jerawat
natur e white bright glow melembabkan mencerahkan kulit vitamin gluthatione niacinamide serum sunscreen spf 45 pa,natur e,"sunscreen, serum",vitamin gluthatione niacinamide,"melembabkan mencerahkan kulit, white bright glow, spf 45 pa",3,Perawatan Kulit dan Pelembap
d alba tone up sun cream,d alba,tone up sun cream,,,4,Brightening dan Perawatan Kulit Cerah
wardah amino foaming cleanser tranexamic dark spot gel,wardah,"gel, foaming cleanser","tranexamic, amino",dark spot,1,Perawatan Wajah dan Jerawat
npure probiotics gel cleanser wajah untuk membersihkan minyak kotoran menjaga skin barrier cocok kulit sensitif jerawat,npure,gel cleanser wajah,probiotics,untuk membersihkan minyak kotoran menjaga skin barrier cocok kulit sensitif jerawat,2,Anti-Aging dan Sunscreen
implora ceramide skin barrier moisturizing gel,implora,moisturizing gel,ceramide,skin barrier,3,Perawatan Kulit dan Pelembap
somethinc advanced renewal serum,somethinc,serum,,advanced renewal,0,Skincare Dasar dan Hidrasi
pumpkinu skin tonic,pumpkinu,skin tonic,,,1,Perawatan Wajah dan Jerawat
lacoco intensive treatment eye serum,lacoco,serum,,intensive treatment eye,0,Skincare Dasar dan Hidrasi
somethinc sunscreen spf 40 pa charlotte,somethinc,sunscreen,charlotte,spf 40 pa,3,Perawatan Kulit dan Pelembap
some mi low ph gel cleanser,some mi,gel cleanser,,low ph,0,Skincare Dasar dan Hidrasi
garnier light complete night yoghurt sleeping mask,garnier,sleeping mask,yoghurt,light complete night,3,Perawatan Kulit dan Pelembap
elizabeth arden cream skin protectant,elizabeth arden,cream,,skin protectant,4,Brightening dan Perawatan Kulit Cerah
somethinc sunscreen spf 40 pa,somethinc,sunscreen,,spf 40 pa,2,Anti-Aging dan Sunscreen
pyunkang yul black tea toner,pyunkang yul,toner,black tea,,2,Anti-Aging dan Sunscreen
erha acneact post jerawat spot serum wanita,erha,serum,,"acneact post jerawat spot, wanita",4,Brightening dan Perawatan Kulit Cerah
abib jerawat foam cleanser heartleaf,abib,foam cleanser,heartleaf,jerawat,1,Perawatan Wajah dan Jerawat
aizen retinal repair sun combo facial,aizen,facial,retinal,repair sun combo,0,Skincare Dasar dan Hidrasi
viva pelembab under make up,viva,pelembab,,under make up,3,Perawatan Kulit dan Pelembap
beauty of joseon glow serum propolis niacinamide,beauty of joseon,serum,propolis niacinamide,glow,1,Perawatan Wajah dan Jerawat
sheetmasks elformula bright protect antiox serum cerahydro physical sunscreen spf 50 pa,elformula,"serum, sunscreen, sheetmasks",,"cerahydro physical, spf 50 pa, bright protect antiox",1,Perawatan Wajah dan Jerawat
wardah low ph niacinamide molecular hyaluronic facial wash sabun cuci wajah cleansing cleanser terhidrasi bersih,wardah,"facial wash, cleanser, sabun cuci wajah",niacinamide molecular hyaluronic,"terhidrasi bersih, low ph, cleansing",1,Perawatan Wajah dan Jerawat
wardah make up barrier revive glow youth renewal matte perfection radiant touch,wardah,,,"glow youth renewal matte perfection radiant touch, make up barrier, revive",2,Anti-Aging dan Sunscreen
cetaphil cleanser,cetaphil,cleanser,,,2,Anti-Aging dan Sunscreen
viva milk cleanser spirulina facial wajah kotoran pembersihan,viva,cleanser,"spirulina, milk",facial wajah kotoran pembersihan,1,Perawatan Wajah dan Jerawat
safi white expert cleanser toner,safi,cleanser toner,,white expert,1,Perawatan Wajah dan Jerawat
biore men scrub white,biore men,scrub,,white,1,Perawatan Wajah dan Jerawat
caudalie deep hydration moisturizer,caudalie,moisturizer,,deep hydration,1,Perawatan Wajah dan Jerawat
diri essentials anti - aging magic prevention mencegah flek hitam wajah tanda penuaan dini,diri,essentials,,anti - aging magic prevention mencegah flek hitam wajah tanda penuaan dini,0,Skincare Dasar dan Hidrasi
caudalie night cream malam anti - aging,caudalie,cream,,"night, malam anti - aging",0,Skincare Dasar dan Hidrasi
bio beauty lab serum,bio beauty lab,serum,,,2,Anti-Aging dan Sunscreen
caudalie dark spot correcting glycolic night cream malam anti noda hitam,caudalie,cream,glycolic,"night, malam anti noda hitam, dark spot correcting",2,Anti-Aging dan Sunscreen
hyaluronic acid sodium hyaluronate 250gram,,,hyaluronic acid sodium hyaluronate 250gram,,4,Brightening dan Perawatan Kulit Cerah
skintific salicylic acid anti jerawat serum treatment untuk bruntusan exfoliating,skintific,serum,salicylic acid,"treatment untuk bruntusan exfoliating, anti jerawat",4,Brightening dan Perawatan Kulit Cerah
haruharu black rice facial oil,haruharu,facial oil,black rice,,2,Anti-Aging dan Sunscreen
iswhite brilliantly bright foam niacinamide vitamin c glutathione facial wash sabun cuci wajah mencerahkan face cleanser low ph white jerawat glowing,iswhite brilliantly,"face cleanser, facial wash, foam, sabun cuci wajah",niacinamide vitamin c glutathione,"bright, low ph white jerawat glowing, mencerahkan",3,Perawatan Kulit dan Pelembap
ultima ii hydra botanic sun protection spf,ultima ii,hydra botanic,,sun protection spf,3,Perawatan Kulit dan Pelembap
acnes natural care face wash complete white,acnes natural care,face wash,,complete white,4,Brightening dan Perawatan Kulit Cerah
martiderm hydra 30 ampoules,martiderm,,,"30 ampoules, hydra",4,Brightening dan Perawatan Kulit Cerah
safi hydrating water drop moisturizer,safi,moisturizer,,hydrating water drop,2,Anti-Aging dan Sunscreen
acnes natural care face wash oil control,acnes natural care,face wash,,oil control,1,Perawatan Wajah dan Jerawat
wardah light hydrashot intensive moisturizer,wardah,moisturizer,,light hydrashot intensive,0,Skincare Dasar dan Hidrasi
hanasui flawless glow 10 night cream,hanasui,cream,,flawless glow 10 night,2,Anti-Aging dan Sunscreen
acnes creamy wash face,acnes,creamy wash face,,,0,Skincare Dasar dan Hidrasi
scarlett white brightly essence toner,scarlett,essence toner,,white brightly,2,Anti-Aging dan Sunscreen
benton heartleaf cream,benton,cream,heartleaf,,0,Skincare Dasar dan Hidrasi
diri essentials face glow booster mencerahkan wajah lebih glowing,diri,essentials,,face glow booster mencerahkan wajah lebih glowing,0,Skincare Dasar dan Hidrasi
esther glowing serum wajah kulit berminyak,esther,serum,,"wajah kulit berminyak, glowing",1,Perawatan Wajah dan Jerawat
bio beauty lab glycolic brightening cleanser,bio beauty lab,cleanser,glycolic,brightening,1,Perawatan Wajah dan Jerawat
hyaluronic acid sodium hyaluronate,,,hyaluronic acid sodium hyaluronate,,3,Perawatan Kulit dan Pelembap
glad2glow centella ceramide soothing toner,glad2glow,toner,centella ceramide,soothing,3,Perawatan Kulit dan Pelembap
nivea facial foam sparkling bright sabun cuci wajah wanita mencerahkan brightening glowing kulit kenyal bintik hitam kusam cleanser wash pearl serum rucinol licorice vitamin c,nivea,"facial foam, cleanser wash, sabun cuci wajah wanita, serum","rucinol licorice vitamin c, pearl","mencerahkan brightening glowing kulit kenyal bintik hitam kusam, sparkling bright",0,Skincare Dasar dan Hidrasi
pigeon teens hydra squad serum,pigeon teens,serum,,hydra squad,2,Anti-Aging dan Sunscreen
qiansoto premiere beaute niacinamide centella cream white glow brightening night,qiansoto premiere beaute,cream,niacinamide centella,white glow brightening night,1,Perawatan Wajah dan Jerawat
amaterasun uv sunscreen serum spf 50 pa,amaterasun,sunscreen serum,,"uv, spf 50 pa",4,Brightening dan Perawatan Kulit Cerah
beauty of joseon apricot blossom peeling gel,beauty of joseon,peeling gel,apricot blossom,,0,Skincare Dasar dan Hidrasi
bio oil,bio oil,,,,2,Anti-Aging dan Sunscreen
innisfree vitamin c green tea enzyme brightening serum pencerah noda hitam,innisfree,serum,vitamin c green tea enzyme,"brightening, pencerah noda hitam",0,Skincare Dasar dan Hidrasi
2 nivea men facial foam bright oil clear pore minimizing sabun cuci wajah pria mencerahkan minyak berlebih berminyak kulit kusam cleanser mengecilkan pori komedo polusi debu kotoran vitamin c,2 nivea men,"facial foam, sabun cuci wajah pria, cleanser",vitamin c,"bright oil clear pore minimizing, mencerahkan minyak berlebih berminyak kulit kusam, mengecilkan pori komedo polusi debu kotoran",0,Skincare Dasar dan Hidrasi
tavi niacinamide zinc bright blemish solution serum,tavi,serum,niacinamide zinc,bright blemish solution,2,Anti-Aging dan Sunscreen
elvicto anti jerawat face wash,elvicto,face wash,,anti jerawat,1,Perawatan Wajah dan Jerawat
pyunkang yul low ph pore deep cleansing foam,pyunkang yul,cleansing foam,,low ph pore deep,3,Perawatan Kulit dan Pelembap
sk ii skinpower essence,sk ii,essence,,skinpower,4,Brightening dan Perawatan Kulit Cerah
sk ii facial treatment gentle cleanser,sk ii,gentle cleanser,,facial treatment,2,Anti-Aging dan Sunscreen
b erl hydra stay alis eyebrow eyeliner mascara,b erl,alis eyebrow eyeliner mascara,,hydra stay,4,Brightening dan Perawatan Kulit Cerah
avoskin retinol ampoule serum,avoskin,serum,retinol,ampoule,2,Anti-Aging dan Sunscreen
avoskin hydro burst moisturizer,avoskin,moisturizer,,hydro burst,0,Skincare Dasar dan Hidrasi
clinelle calm care treatment cream,clinelle,cream,,calm care treatment,2,Anti-Aging dan Sunscreen
bio beauty lab jerawat treatment facial oil serum,bio beauty lab,facial oil serum,,jerawat treatment,4,Brightening dan Perawatan Kulit Cerah
acnes sealing jell,acnes,sealing jell,,,2,Anti-Aging dan Sunscreen
mary may blackberry serum,mary may,serum,blackberry,,0,Skincare Dasar dan Hidrasi
physiogel lotion,physiogel,lotion,,,4,Brightening dan Perawatan Kulit Cerah
pyunkang yul calming moisturizer serum,pyunkang yul,moisturizer serum,,calming,1,Perawatan Wajah dan Jerawat
hanasui ceramide probiotic peeling gel,hanasui,peeling gel,ceramide probiotic,,2,Anti-Aging dan Sunscreen
some mi repair cream,some mi,cream,,repair,0,Skincare Dasar dan Hidrasi
pond white pollution toxx facial foam,pond,facial foam,,"toxx, white pollution",2,Anti-Aging dan Sunscreen
skintific acid anti jerawat gel moisturizer pelembab wajah untuk kulit menghilangkan bekas cocok beruntusan,skintific,gel moisturizer pelembab wajah,acid,"anti jerawat, untuk kulit menghilangkan bekas cocok beruntusan",4,Brightening dan Perawatan Kulit Cerah
nivea,nivea,,,,0,Skincare Dasar dan Hidrasi
nivea men facial foam bright oil clear pore minimizing sabun cuci wajah pria mencerahkan minyak berlebih berminyak kulit kusam cleanser mengecilkan pori komedo polusi debu kotoran vitamin c,nivea men,"facial foam, sabun cuci wajah pria, cleanser",vitamin c,"bright oil clear pore minimizing, mencerahkan minyak berlebih berminyak kulit kusam, mengecilkan pori komedo polusi debu kotoran",0,Skincare Dasar dan Hidrasi
natur e advanced re juve glow vitamin astaxanthin peptide meningkatkan produksi kolagen wajah serum sunscreen spf 45 pa,natur e,"sunscreen, serum",vitamin astaxanthin peptide,"advanced re juve glow, meningkatkan produksi kolagen wajah, spf 45 pa",2,Anti-Aging dan Sunscreen
aizen jerawat sun combo,aizen,,,jerawat sun combo,1,Perawatan Wajah dan Jerawat
haruharu black rice serum,haruharu,serum,black rice,,2,Anti-Aging dan Sunscreen
safi naturals clarifying toner,safi,toner,,naturals clarifying,2,Anti-Aging dan Sunscreen
wardah uv shield tone up sunscreen spf 50 pa cushion matte finish tahan lama 18 jam,wardah,"cushion, tone up sunscreen",,"matte finish tahan lama, uv shield, spf 50 pa, 18 jam",3,Perawatan Kulit dan Pelembap
natur e advanced intensive firming serum age rejuve glow moisturizer gel menutrisi memperbaiki kulit astaxanthin vitamin,natur e,"moisturizer gel, serum",astaxanthin vitamin,"advanced intensive firming, age rejuve glow, menutrisi memperbaiki kulit",3,Perawatan Kulit dan Pelembap
esther milk cleanser,esther,cleanser,milk,,3,Perawatan Kulit dan Pelembap
esther clean wash sabun wajah kulit berminyak jerawat,esther,clean wash sabun wajah,,kulit berminyak jerawat,3,Perawatan Kulit dan Pelembap
wardah lightening total cleansing,wardah,,,lightening total cleansing,4,Brightening dan Perawatan Kulit Cerah
l oreal hydrating gel cleanser,l oreal,gel cleanser,,hydrating,3,Perawatan Kulit dan Pelembap
emina water barrier balancing gel,emina,gel,,water barrier balancing,0,Skincare Dasar dan Hidrasi
jacquelle wash,jacquelle,wash,,,2,Anti-Aging dan Sunscreen
viva white soothing aloe gel cooling melembutkan,viva,,aloe gel,"cooling melembutkan, white soothing",1,Perawatan Wajah dan Jerawat
bragg apple toner wajah,bragg,toner wajah,apple,,4,Brightening dan Perawatan Kulit Cerah
garnier skin natural light brightening scrub,garnier,scrub,,skin natural light brightening,2,Anti-Aging dan Sunscreen
dermaster derma treatment,dermaster,,,derma treatment,2,Anti-Aging dan Sunscreen
adleeva daylight cream sunscreen glow up protection spf 35 pa siang,adleeva,cream sunscreen,,"glow up protection spf 35 pa siang, daylight",3,Perawatan Kulit dan Pelembap
suncut uv gel spf50 pa sunscreen,suncut,"gel, sunscreen",,"uv, spf50 pa",4,Brightening dan Perawatan Kulit Cerah
ysb vitamin c balm moisturizing stick,ysb,"balm, stick",vitamin c,moisturizing,3,Perawatan Kulit dan Pelembap
scarlett brightening facial wash,scarlett,facial wash,,brightening,1,Perawatan Wajah dan Jerawat
laneige waterbank toner dry,laneige,"waterbank, toner",,dry,1,Perawatan Wajah dan Jerawat
safi white natural anti jerawat cream,safi,cream,,white natural anti jerawat,4,Brightening dan Perawatan Kulit Cerah
skin game kind basic oily,skin game,,,kind basic oily,1,Perawatan Wajah dan Jerawat
klairs supple preparation unscented facial toner,klairs supple,facial toner,,preparation unscented,1,Perawatan Wajah dan Jerawat
biyu daily light moisturizer,biyu,moisturizer,,daily light,3,Perawatan Kulit dan Pelembap
amaterasun brightening sunscreen spf 50 pa pencerah wajah tekstur ringan anti kusam,amaterasun,sunscreen,,"brightening, spf 50 pa pencerah wajah tekstur ringan anti kusam",0,Skincare Dasar dan Hidrasi
skin sake round cotton pad,skin sake round,cotton pad,,,2,Anti-Aging dan Sunscreen
elvicto bright up moisturizer brightening untuk kulit glowing pelembab wajah mencerahkan hydrating ringan semua jenis,elvicto,"pelembab wajah, moisturizer",,"semua jenis, mencerahkan hydrating, bright up, brightening, untuk kulit glowing, ringan",2,Anti-Aging dan Sunscreen
esther cysmela memudarkan melasma flek hitam hiperpigmentasi treatment,esther,,cysmela,memudarkan melasma flek hitam hiperpigmentasi treatment,4,Brightening dan Perawatan Kulit Cerah
lacoco dark spot essence,lacoco,essence,,dark spot,2,Anti-Aging dan Sunscreen
avoskin vitamin c niacinamide mandarin orange,avoskin,,"niacinamide, mandarin orange, vitamin c",,4,Brightening dan Perawatan Kulit Cerah
bhumi,bhumi,,,,4,Brightening dan Perawatan Kulit Cerah
brightening booster,,,,brightening booster,1,Perawatan Wajah dan Jerawat
belif the true cream aqua bomb aloe vera,belif the true,cream,aloe vera,aqua bomb,1,Perawatan Wajah dan Jerawat
leoleo sunscreen uv filter spf 50 pa aman untuk wajah jerawat berminyak pria,leoleo,sunscreen,,"pria, uv filter spf 50 pa aman untuk wajah jerawat berminyak",0,Skincare Dasar dan Hidrasi
mary may citrus unshiu tremella serum,mary may,serum,citrus unshiu tremella,,2,Anti-Aging dan Sunscreen
isntree hyaluronic acid toner,isntree,toner,hyaluronic acid,,0,Skincare Dasar dan Hidrasi
neogen bio peel pad,neogen bio,peel pad,,,3,Perawatan Kulit dan Pelembap
glad2glow kiwi 3d acid jerawat moisturizer,glad2glow,moisturizer,kiwi 3d acid,jerawat,4,Brightening dan Perawatan Kulit Cerah
true to skin mugwort tripeptide gel cream,true to skin,gel cream,mugwort tripeptide,,2,Anti-Aging dan Sunscreen
anua peach serum,anua,serum,peach,,1,Perawatan Wajah dan Jerawat
avoskin retinol toner,avoskin,toner,retinol,,3,Perawatan Kulit dan Pelembap
skintific beautyhaul,skintific,,,beautyhaul,0,Skincare Dasar dan Hidrasi
soft u derm hydro,soft u derm,,,hydro,4,Brightening dan Perawatan Kulit Cerah
torriden,torriden,,,,1,Perawatan Wajah dan Jerawat
skintific sensitive moisturizer gel untuk kulit sensitif pelembab wajah menghidrasi barrier,skintific,"moisturizer gel, pelembab wajah",,"sensitive, menghidrasi, barrier, untuk kulit sensitif",4,Brightening dan Perawatan Kulit Cerah
somethinc vitamin glutabright ferulic serum pencerah wajah anti kusam,somethinc,serum,vitamin glutabright ferulic,pencerah wajah anti kusam,3,Perawatan Kulit dan Pelembap
innisfree greentea hyaluronic lotion untuk kulit kering,innisfree,lotion,greentea hyaluronic,untuk kulit kering,4,Brightening dan Perawatan Kulit Cerah
innisfree bha pore cleansing foam facial cleanser,innisfree,foam facial cleanser,bha,pore cleansing,2,Anti-Aging dan Sunscreen
wardah defense vitamin panthenol anti pollution radiant creamy wash,wardah,creamy wash,vitamin panthenol,"defense, anti pollution radiant",0,Skincare Dasar dan Hidrasi
haruharu black rice moisturizer soft cleansing gel,haruharu,"gel, moisturizer",black rice,soft cleansing,2,Anti-Aging dan Sunscreen
la roche posay foaming gel cleanser sabun wajah kulit jerawat berminyak,la roche posay,"cleanser sabun wajah, foaming gel",,kulit jerawat berminyak,1,Perawatan Wajah dan Jerawat
innisfree toner untuk kulit jerawat,innisfree,toner,,untuk kulit jerawat,3,Perawatan Kulit dan Pelembap
skintific aqua light daily sunscreen spf 35 pa,skintific,sunscreen,aqua,"spf 35 pa, light daily",4,Brightening dan Perawatan Kulit Cerah
skintific glycolic acid daily clarifying toner,skintific,toner,glycolic acid,daily clarifying,3,Perawatan Kulit dan Pelembap
somethinc sunscreen spf 40 pa,somethinc,sunscreen,,spf 40 pa,4,Brightening dan Perawatan Kulit Cerah
wardah renew eye cream,wardah,cream,,"eye, renew",2,Anti-Aging dan Sunscreen
somethinc low ph gentle jelly cleanser,somethinc,gentle jelly cleanser,,low ph,2,Anti-Aging dan Sunscreen
l oreal uv defender serum protector matte fresh spf50 pa,l oreal,"matte, defender serum",,"uv, protector, fresh spf50 pa",4,Brightening dan Perawatan Kulit Cerah
mary may sensitive soothing gel cream,mary may,gel cream,,sensitive soothing,1,Perawatan Wajah dan Jerawat
viva face tonic lemon berminyak penyegar,viva,"face tonic, penyegar",lemon,berminyak,3,Perawatan Kulit dan Pelembap
diri essentials boostme daily serum niacinamide zinc essence pencerah wajah kusam untuk semua jenis kulit,diri,"essentials, essence, serum","niacinamide, zinc","boostme daily, pencerah wajah kusam untuk semua jenis kulit",2,Anti-Aging dan Sunscreen
organic supply co castor oil pack therapy perawatan tubuh kulit,organic supply co,castor oil pack,,therapy perawatan tubuh kulit,3,Perawatan Kulit dan Pelembap
viva collagen night cream malam untuk mencegah penuaan dini,viva,cream,collagen,"night, malam untuk mencegah penuaan dini",4,Brightening dan Perawatan Kulit Cerah
viva white moisturizer soybean,viva,moisturizer,soybean,white,4,Brightening dan Perawatan Kulit Cerah
benton uv defense sun cream,benton,sun cream,,uv defense,1,Perawatan Wajah dan Jerawat
toner derma express essence,derma express,"toner, essence",,,2,Anti-Aging dan Sunscreen
safi age defy cream cleanser,safi,cream cleanser,,age defy,4,Brightening dan Perawatan Kulit Cerah
wardah white day cream,wardah,cream,,"day, white",4,Brightening dan Perawatan Kulit Cerah
bioaqua tranexamic acid oligopeptide white moisturizer cleanser toner serum cream,bioaqua,moisturizer cleanser toner serum cream,tranexamic acid oligopeptide,white,0,Skincare Dasar dan Hidrasi
rovectin essentials aqua activating serum,rovectin,"essentials, serum",,aqua activating,4,Brightening dan Perawatan Kulit Cerah
beauty of joseon glow deep serum rice alpha arbutin,beauty of joseon,serum,rice alpha arbutin,glow deep,1,Perawatan Wajah dan Jerawat
heimish bulgarian hydrogel eye patch,heimish bulgarian,patch,,hydrogel eye,0,Skincare Dasar dan Hidrasi
glowlabs soothe and shoot the spf,glowlabs,,,"spf, soothe and shoot the",4,Brightening dan Perawatan Kulit Cerah
hyaluronic acid sodium hyaluronate 500gram,,,hyaluronic acid sodium hyaluronate 500gram,,2,Anti-Aging dan Sunscreen
avoskin skin bae kombucha niacinamide,"avoskin, skin bae",,"niacinamide, kombucha",,0,Skincare Dasar dan Hidrasi
viva air mawar,viva,,air mawar,,4,Brightening dan Perawatan Kulit Cerah
esther anti - aging serum penuaan dini,esther,serum,,"penuaan dini, anti - aging",2,Anti-Aging dan Sunscreen
glow better cloud skin recipe advance moisturizer,glow better cloud,moisturizer,,skin recipe advance,3,Perawatan Kulit dan Pelembap
hose fresh brightening action face wash,hose fresh,face wash,,brightening action,1,Perawatan Wajah dan Jerawat
skintific 12 acid peeling solution serum wajah untuk exfoliating kulit kusam aha bha pha,skintific,serum wajah,"aha bha pha, 12 acid","peeling solution, untuk exfoliating kulit kusam",2,Anti-Aging dan Sunscreen
tavi cica water break sun shield,tavi,,cica,water break sun shield,1,Perawatan Wajah dan Jerawat
esther moisturizing cream,esther,cream,,moisturizing,4,Brightening dan Perawatan Kulit Cerah
natur e cantikmu vitamin,natur e,,vitamin,cantikmu,2,Anti-Aging dan Sunscreen
elizabeth arden ceramide advanced night cream,elizabeth arden,cream,ceramide,"night, advanced",4,Brightening dan Perawatan Kulit Cerah
hayejin blessing of sprout wrinkle away eye cream,hayejin,cream,,blessing of sprout wrinkle away eye,0,Skincare Dasar dan Hidrasi
animate white cream perawatan wajah,animate,cream,,"perawatan wajah, white",0,Skincare Dasar dan Hidrasi
hydrating barrier care jumiso hyaluronic acid toner pyunkang yul moisturizer cream,"pyunkang yul, jumiso","toner, moisturizer cream",hyaluronic acid,hydrating barrier care,0,Skincare Dasar dan Hidrasi
avoskin panthenol mugwort cica barrier hero serum,avoskin,serum,"mugwort cica, panthenol",barrier hero,0,Skincare Dasar dan Hidrasi
d alba white truffle double layer revitalizing serum,d alba,serum,,white truffle double layer revitalizing,3,Perawatan Kulit dan Pelembap
wardah vitamin c amino radiant charge gel cleanser,wardah,gel cleanser,"vitamin c, amino",radiant charge,1,Perawatan Wajah dan Jerawat
biore uv aqua rich protect lotion spf50 pa,biore,lotion,,"spf50 pa, uv aqua rich protect",0,Skincare Dasar dan Hidrasi
oxy jerawat cleanser face wash,oxy,cleanser face wash,,jerawat,1,Perawatan Wajah dan Jerawat
retinol ceramide skin renewing water cream,,cream,"ceramide, retinol",skin renewing water,0,Skincare Dasar dan Hidrasi
bright hydrate night care,,,,bright hydrate night care,4,Brightening dan Perawatan Kulit Cerah
amaterasun uv sunscreen cream spf 50 pa untuk semua jenis kulit,amaterasun,sunscreen cream,,"uv, spf 50 pa untuk semua jenis kulit",1,Perawatan Wajah dan Jerawat
dexskin glowing skin basic mencerahkan,dexskin,,,glowing skin basic mencerahkan,3,Perawatan Kulit dan Pelembap
beauty of joseon red bean water gel,beauty of joseon,water gel,red bean,,3,Perawatan Kulit dan Pelembap
natur e advanced age rejuve glow intensive boosting essence toner wajah astaxanthin vitamin perawatan melembabkan menjaga elastisitas kulit,natur e,essence toner wajah,astaxanthin vitamin,"advanced age rejuve glow intensive boosting, perawatan melembabkan menjaga elastisitas kulit",2,Anti-Aging dan Sunscreen
haruharu black rice hyaluronic anti wrinkle serum,haruharu,serum,black rice hyaluronic,anti wrinkle,3,Perawatan Kulit dan Pelembap
beneath bhumi berry brightening serum,beneath bhumi,serum,berry,brightening,3,Perawatan Kulit dan Pelembap
esther eye cream mata,esther,cream,,"mata, eye",4,Brightening dan Perawatan Kulit Cerah
clean clear facial wash,clean clear,facial wash,,,2,Anti-Aging dan Sunscreen
aizen in one skin repair sun essence toner protect,aizen in one,essence toner,,"protect, skin repair sun",1,Perawatan Wajah dan Jerawat
aizen,aizen,,,,0,Skincare Dasar dan Hidrasi
wardah uv shield jerawat calming sunscreen serum spf50 pa,wardah,sunscreen serum,,"spf50 pa, uv shield jerawat calming",2,Anti-Aging dan Sunscreen
erha age corrector night charge anti - aging,erha,,,"age corrector night charge, anti - aging",4,Brightening dan Perawatan Kulit Cerah
clean clear oil control,clean clear,,,oil control,2,Anti-Aging dan Sunscreen
skintific niacinamide brightening moisturizer gel,skintific,moisturizer gel,niacinamide,brightening,2,Anti-Aging dan Sunscreen
cerave foaming cleanser face wash ceramide oily,cerave,"face wash, foaming cleanser",ceramide,oily,2,Anti-Aging dan Sunscreen
obat penghilang gumpalan lemak kelopak mata xanthelasma milia bintik dekat,,obat,,"penghilang gumpalan lemak kelopak mata, xanthelasma milia bintik dekat",2,Anti-Aging dan Sunscreen
house of hur weightless sun fluid spf 50 pa,house of hur,fluid,,"spf 50 pa, weightless sun",0,Skincare Dasar dan Hidrasi
nivea men facial foam extra bright sabun cuci wajah pria mencerahkan bintik hitam brightening kulit kusam wash membersihkan pori terdalam polusi debu kotoran glutathione aha vitamin c,nivea men,"facial foam, wash, sabun cuci wajah pria",glutathione aha vitamin c,"mencerahkan bintik hitam brightening kulit kusam, extra bright, membersihkan pori terdalam polusi debu kotoran",0,Skincare Dasar dan Hidrasi
anessa uv sunscreen milk,anessa,sunscreen,milk,uv,1,Perawatan Wajah dan Jerawat
pigeon teens facial foam daily mild cleansing,pigeon teens,facial foam,,daily mild cleansing,0,Skincare Dasar dan Hidrasi
dear me beauty skin barrier face gel cleanser,dear me beauty,gel cleanser,,skin barrier face,1,Perawatan Wajah dan Jerawat
hada labo shirojyun milk,hada labo shirojyun,,milk,,3,Perawatan Kulit dan Pelembap
pigeon teens everyday sunscreen spf 35 pa,pigeon teens,sunscreen,,"spf 35 pa, everyday",4,Brightening dan Perawatan Kulit Cerah
nature republic fresh peach cleansing foam,nature republic,"foam, peach",,"fresh, cleansing",2,Anti-Aging dan Sunscreen
bio beauty lab essence,bio beauty lab,essence,,,0,Skincare Dasar dan Hidrasi
carasun healthy uv protector spf 50 pa,carasun,,,"healthy, uv protector spf 50 pa",3,Perawatan Kulit dan Pelembap
wardah tranexamic alpha arbutin niacinamide dark spot corrector gel moisturizer,wardah,gel moisturizer,"niacinamide, tranexamic alpha arbutin",dark spot corrector,1,Perawatan Wajah dan Jerawat
heimish bulgarian hydrogel eye patch,heimish bulgarian,patch,,hydrogel eye,2,Anti-Aging dan Sunscreen
wardah pentavitin rose water hydra infused toner hydrating kelopak bunga mawar memperbaiki skin barrier kulit lebih sehat lembap wajah glowing,wardah,infused toner,"pentavitin, kelopak bunga mawar, rose water","hydrating, memperbaiki skin barrier kulit lebih sehat lembap wajah glowing, hydra",1,Perawatan Wajah dan Jerawat
somethinc ceramic skin saviour moisturizer gel,somethinc,moisturizer gel,ceramic,skin saviour,1,Perawatan Wajah dan Jerawat
l oreal glycolic bright anti dark spot exfoliant peel,l oreal,exfoliant peel,glycolic,bright anti dark spot,4,Brightening dan Perawatan Kulit Cerah
tocobo watery sun cream spf50 pa,tocobo,cream,,"spf50 pa, watery sun",1,Perawatan Wajah dan Jerawat
aizen barrier cleanse,aizen,cleanse,,barrier,3,Perawatan Kulit dan Pelembap
skintific dark spot moisturizer gel,skintific,moisturizer gel,,dark spot,3,Perawatan Kulit dan Pelembap
kahf skin energizing brightening face wash,kahf,face wash,,skin energizing brightening,0,Skincare Dasar dan Hidrasi
viva white advance day cream spf 30 pa,viva,cream,,"white advance day, spf 30 pa",2,Anti-Aging dan Sunscreen
viva pelembab green tea anti oxidant uv filter,viva,pelembab,green tea,anti oxidant uv filter,3,Perawatan Kulit dan Pelembap
b2g3 effortles make up adaptint sunscreen oil makeup simple natural routine spf 50 pa uv protection face,b2g3,sunscreen,,"oil makeup simple natural routine spf 50 pa uv protection face, effortles make up adaptint",0,Skincare Dasar dan Hidrasi
innisfree apple seed cleansing cream untuk angkat kotoran make up,innisfree,cream,apple seed,"untuk angkat kotoran make up, cleansing",1,Perawatan Wajah dan Jerawat
skin aqua white milk spf50,skin aqua,,milk,"spf50, white",0,Skincare Dasar dan Hidrasi
the originote hyalucera moisturizer,the originote,moisturizer,hyalucera,,3,Perawatan Kulit dan Pelembap
skintific ceramide barrier repair moisturizer gel,skintific,moisturizer gel,ceramide,barrier repair,4,Brightening dan Perawatan Kulit Cerah
lore advanced lift perfection serum wajah anti - aging hilangkan kerutan efek botox,lore,serum,,"advanced lift perfection, wajah anti - aging hilangkan kerutan efek botox",1,Perawatan Wajah dan Jerawat
skintific salicylic acid anti jerawat serum,skintific,serum,salicylic acid,anti jerawat,2,Anti-Aging dan Sunscreen
allura glowing brigth mild cleanser foam,allura,cleanser foam,,glowing brigth mild,2,Anti-Aging dan Sunscreen
tocobo coconut cleansing foam,tocobo,foam,coconut,cleansing,0,Skincare Dasar dan Hidrasi
klairs moisturizer soothing serum,klairs,"moisturizer, serum",,soothing,0,Skincare Dasar dan Hidrasi
scarlett white niacinamide beta glucan phyto serum,"scarlett, phyto",serum,"niacinamide, beta glucan",white,3,Perawatan Kulit dan Pelembap
scarlett serum phyto white,"scarlett, phyto",serum,,white,0,Skincare Dasar dan Hidrasi
nivea body uv whtning serum spf33,nivea,serum,,"spf33, body uv whtning",0,Skincare Dasar dan Hidrasi
roro mendut lulur rempah white,roro mendut,lulur,rempah,white,4,Brightening dan Perawatan Kulit Cerah
esther kulit normal,esther,,,kulit normal,2,Anti-Aging dan Sunscreen
skintific centella jerawat calming toner skincare wajah untuk kulit soothing,skintific,toner skincare wajah,centella,"jerawat calming, untuk kulit soothing",1,Perawatan Wajah dan Jerawat
dear me beauty gentle cleanser,dear me beauty,gentle cleanser,,,2,Anti-Aging dan Sunscreen
asam miristat myristic acid,,,asam miristat myristic acid,,3,Perawatan Kulit dan Pelembap
esther anti - aging,esther,,,anti - aging,0,Skincare Dasar dan Hidrasi
foaming facial wash,,foaming facial wash,,,0,Skincare Dasar dan Hidrasi
emina bright prebiotic tranexamic acid brightening facial cleanser,emina,facial cleanser,prebiotic tranexamic acid,"brightening, bright",3,Perawatan Kulit dan Pelembap
some mi beta panthenol repair cream,some mi,cream,beta panthenol,repair,2,Anti-Aging dan Sunscreen
facetology triple care sunscreen spf 40 pa,facetology,sunscreen,,"spf 40 pa, triple care",2,Anti-Aging dan Sunscreen
organic supply co rose facial roller radiance anti - aging,organic supply co,facial roller,rose,radiance anti - aging,4,Brightening dan Perawatan Kulit Cerah
innisfree green tea hyaluronic moisturizer serum spf 50 pa,innisfree,"moisturizer, serum",green tea hyaluronic,spf 50 pa,3,Perawatan Kulit dan Pelembap
finally found you hydriceing brightening essence booster serum infused toner untuk semua jenis kulit,finally found you,essence booster serum infused toner,,"hydriceing brightening, untuk semua jenis kulit",1,Perawatan Wajah dan Jerawat
mustika ratu penyegar gambir toner mask bengkoang,mustika ratu,toner mask,"bengkoang, gambir",penyegar,2,Anti-Aging dan Sunscreen
ampoule avoskin,avoskin,ampoule,,,0,Skincare Dasar dan Hidrasi
heimish matcha hydrogel eye,heimish,,matcha,hydrogel eye,3,Perawatan Kulit dan Pelembap
innisfree vitamin c green tea brightening serum mencerahkan wajah,innisfree,serum,vitamin c green tea,"brightening, mencerahkan wajah",1,Perawatan Wajah dan Jerawat
glad2glow blueberry ceramide moisturizer,glad2glow,moisturizer,"ceramide, blueberry",,1,Perawatan Wajah dan Jerawat
caudalie gentle buffing cream exfoliating scrub,caudalie,"scrub, gentle buffing cream",,exfoliating,2,Anti-Aging dan Sunscreen
haruharu black rice moisturizer airyfit daily sunscreen,haruharu,"moisturizer, sunscreen",black rice,airyfit daily,3,Perawatan Kulit dan Pelembap
belif uv protector sunscreen,belif,sunscreen,,uv protector,4,Brightening dan Perawatan Kulit Cerah
erha age corrector serum peptides soya phytoplacenta,erha,serum,peptides soya phytoplacenta,age corrector,0,Skincare Dasar dan Hidrasi
beneath bhumi blueberry cream moisturizer,beneath bhumi,cream moisturizer,blueberry,,0,Skincare Dasar dan Hidrasi
benton guava toner face mask pad,benton,toner face mask pad,guava,,4,Brightening dan Perawatan Kulit Cerah
skins sake fss anti jerawat essentials retinoid retinol retinal serum hocl mist untuk mengatasi meratakan tekstur menenangkan kulit sensitif,skins sake fss,"essentials, mist, serum","retinol, hocl, retinoid, retinal","untuk mengatasi meratakan tekstur menenangkan kulit sensitif, anti jerawat",4,Brightening dan Perawatan Kulit Cerah
hada labo moisturizer light,hada labo,moisturizer,,light,3,Perawatan Kulit dan Pelembap
hada labo moisturizing face wash,hada labo,face wash,,moisturizing,0,Skincare Dasar dan Hidrasi
haruharu black rice bakuchiol eye cream,haruharu,cream,black rice bakuchiol,eye,1,Perawatan Wajah dan Jerawat
mary may gluconolactone pha cleansing pad,mary may,pad,gluconolactone pha,cleansing,3,Perawatan Kulit dan Pelembap
dexskin derma express skin barrier protector sleeping mask,dexskin derma express,mask,,skin barrier protector sleeping,2,Anti-Aging dan Sunscreen
skin sake retinal serum retinoid memudarkan garis halus kerutan menghaluskan tekstur kulit samphira oil,skin sake,serum,"retinoid, retinal, samphira oil",memudarkan garis halus kerutan menghaluskan tekstur kulit,0,Skincare Dasar dan Hidrasi
cerave foaming cleanser face wash ceramide,cerave,"face wash, foaming cleanser",ceramide,,3,Perawatan Kulit dan Pelembap
the originote sunscreen,the originote,sunscreen,,,4,Brightening dan Perawatan Kulit Cerah
clean clear foaming face wash,clean clear,foaming face wash,,,2,Anti-Aging dan Sunscreen
hayejin blessing serum,hayejin,serum,,blessing,4,Brightening dan Perawatan Kulit Cerah
aizen brightening retinal skin repair cleanse,aizen,cleanse,retinal,"brightening, skin repair",3,Perawatan Kulit dan Pelembap
heimish watermelon moisturizer gel cream,heimish,moisturizer gel cream,watermelon,,2,Anti-Aging dan Sunscreen
skintific ceramide low ph cleanser,skintific,cleanser,ceramide,low ph,0,Skincare Dasar dan Hidrasi
some mi aha bha pha 30 days miracle jerawat clear foam,some mi,foam,aha bha pha,30 days miracle jerawat clear,1,Perawatan Wajah dan Jerawat
momilen maternity care cream,momilen,cream,,maternity care,1,Perawatan Wajah dan Jerawat
l oreal paris glycolic bright dark circle eye serum niacinamide,l oreal paris,serum,"niacinamide, glycolic",bright dark circle eye,3,Perawatan Kulit dan Pelembap
cosrx cream,cosrx,cream,,,1,Perawatan Wajah dan Jerawat
wardah moisturizer cream niacinamide brightening pelembab wajah white facial,wardah,"pelembab wajah, moisturizer cream",niacinamide,"brightening, white facial",2,Anti-Aging dan Sunscreen
elvicto anti jerawat face wash,elvicto,face wash,,anti jerawat,2,Anti-Aging dan Sunscreen
amaterasun sunscreen spf 50 pa,amaterasun,sunscreen,,spf 50 pa,4,Brightening dan Perawatan Kulit Cerah
avoskin hydrating treatment essence,avoskin,essence,,hydrating treatment,1,Perawatan Wajah dan Jerawat
facetology peeling serum,facetology,serum,,peeling,4,Brightening dan Perawatan Kulit Cerah
momami facial cream,momami,facial cream,,,0,Skincare Dasar dan Hidrasi
nature soothing moisturizer aloe vera foam cleanser,nature,"foam cleanser, moisturizer",aloe vera,soothing,0,Skincare Dasar dan Hidrasi
acnes spot care,,,,acnes spot care,2,Anti-Aging dan Sunscreen
innisfree green tea seed hyaluronic cream,innisfree,cream,green tea seed hyaluronic,,2,Anti-Aging dan Sunscreen
cetaphil bright healthy radiance brightness toner,cetaphil,toner,,bright healthy radiance brightness,0,Skincare Dasar dan Hidrasi
cosrx niacinamide serum,cosrx,serum,niacinamide,,0,Skincare Dasar dan Hidrasi
kojiesan cleanser toner,kojiesan,cleanser toner,,,0,Skincare Dasar dan Hidrasi
nuface me sun shield spf,nuface me,,,sun shield spf,0,Skincare Dasar dan Hidrasi
avoskin shield of sun essence spf 50 pa,avoskin,essence,,"shield of sun, spf 50 pa",0,Skincare Dasar dan Hidrasi
facetology triple care sunscreen oily skin,facetology,sunscreen,,"oily skin, triple care",4,Brightening dan Perawatan Kulit Cerah
skin aqua tone up spf50 pa,skin aqua,tone up,,spf50 pa,4,Brightening dan Perawatan Kulit Cerah
erha retinol peeling face,erha,,retinol,peeling face,4,Brightening dan Perawatan Kulit Cerah
innisfree green tea seed hyaluronic serum untuk kulit glowing,innisfree,serum,green tea seed hyaluronic,untuk kulit glowing,4,Brightening dan Perawatan Kulit Cerah
pyunkang yul black tea eye cream,pyunkang yul,cream,black tea,eye,1,Perawatan Wajah dan Jerawat
numbuzin beauty cream,numbuzin,cream,,beauty,4,Brightening dan Perawatan Kulit Cerah
somethinc ceramic skin saviour moisturizer gel,somethinc,moisturizer gel,ceramic,skin saviour,1,Perawatan Wajah dan Jerawat
gatsby aesthetic bright sunscreen moisturizer,gatsby,sunscreen moisturizer,,aesthetic bright,4,Brightening dan Perawatan Kulit Cerah
benton green tea cleansing foam,benton,foam,green tea,cleansing,2,Anti-Aging dan Sunscreen
raisu brightening soap sabun pencerah kulit,raisu,soap sabun,,"pencerah kulit, brightening",1,Perawatan Wajah dan Jerawat
light brightening scrub,,scrub,,light brightening,2,Anti-Aging dan Sunscreen
lovillea calm bright facial wash,lovillea,facial wash,,calm bright,0,Skincare Dasar dan Hidrasi
bioaqua ceramide,bioaqua,,ceramide,,1,Perawatan Wajah dan Jerawat
avoskin lip optimizer serum,avoskin,lip optimizer serum,,,4,Brightening dan Perawatan Kulit Cerah
azarine calm my jerawat skinpair sunscreen moisturizer spf35 pa untuk kulit perlindungan uv mengurangi kemerahan menenangkan oil control menjaga skin barrier,azarine,sunscreen moisturizer,,"calm my jerawat skinpair, spf35 pa untuk kulit perlindungan uv mengurangi kemerahan menenangkan oil control menjaga skin barrier",1,Perawatan Wajah dan Jerawat
alonie aloe foam cleansing membersihkan,alonie,foam,aloe,cleansing membersihkan,3,Perawatan Kulit dan Pelembap
caudalie moisturizing matifying fluid,caudalie,,fluid,moisturizing matifying,0,Skincare Dasar dan Hidrasi
d alba mild skin balancing cream,d alba,cream,,mild skin balancing,3,Perawatan Kulit dan Pelembap
neogen bio peel gauze pad lemon,neogen bio,peel gauze pad,lemon,,2,Anti-Aging dan Sunscreen
b erl glazed skin essence serum mencerahkan perawatan wajah lightening memudarkan flek hitam,b erl,essence serum,,"glazed skin, mencerahkan perawatan wajah lightening memudarkan flek hitam",2,Anti-Aging dan Sunscreen
wardah amino calm soothe gel cleanser,wardah,gel cleanser,amino,calm soothe,3,Perawatan Kulit dan Pelembap
holika moisturizer make up sun cream,holika,"cream, moisturizer",,make up sun,0,Skincare Dasar dan Hidrasi
rose day biome gentle cleanser,biome,gentle cleanser,rose,day,0,Skincare Dasar dan Hidrasi
somethinc ceramic skin saviour moisturizer gel pelembab wajah untuk hydrating kulit glowing ceramide,somethinc,"moisturizer gel, pelembab wajah","ceramide, ceramic","skin saviour, untuk hydrating kulit glowing",3,Perawatan Kulit dan Pelembap
tavi gel oil cleanser,tavi,"oil cleanser, gel",,,1,Perawatan Wajah dan Jerawat
avoskin retinol,avoskin,,retinol,,0,Skincare Dasar dan Hidrasi
susu cleanser dexskin derma express soothing sunflower seed,dexskin derma express,cleanser,"susu, sunflower seed",soothing,1,Perawatan Wajah dan Jerawat
natur e hyaluglow deep rich hydrating moisturizer gel pelembab wajah hyaluronic acid vitamin membantu melembapkan mencerahkan kulit,natur e,moisturizer gel pelembab wajah,hyaluronic acid vitamin,"hyaluglow deep rich hydrating, membantu melembapkan mencerahkan kulit",4,Brightening dan Perawatan Kulit Cerah
wardah exfoliating toner aha pha,wardah,toner,aha pha,exfoliating,1,Perawatan Wajah dan Jerawat
wardah renew you treatment essence,wardah,essence,,renew you treatment,0,Skincare Dasar dan Hidrasi
biore men scrub cool oil clear,biore men,scrub,,cool oil clear,0,Skincare Dasar dan Hidrasi
viva cleansing cream cleanser wajah,viva,cream cleanser wajah,,cleansing,1,Perawatan Wajah dan Jerawat
c4h6n4o3 alantoin allantoin,c4h6n4o3,,alantoin allantoin,,3,Perawatan Kulit dan Pelembap
cremophor rh hydrogenated castor oil,,,"cremophor rh, hydrogenated castor oil",,3,Perawatan Kulit dan Pelembap
elizabeth arden prevage anti - aging moisturizer cream spf30,elizabeth arden,moisturizer cream,,"prevage anti - aging, spf30",2,Anti-Aging dan Sunscreen
adleeva brightening cream daylight night,adleeva,cream,,"brightening, daylight night",0,Skincare Dasar dan Hidrasi
avoskin hydrating treatment essence,avoskin,essence,,hydrating treatment,0,Skincare Dasar dan Hidrasi
elvicto bright scrub wash face,elvicto,scrub wash face,,bright,4,Brightening dan Perawatan Kulit Cerah
viva milk cleanser lemon berminyak kotoran,viva,cleanser,"lemon, milk",berminyak kotoran,3,Perawatan Kulit dan Pelembap
natur e advanced soft intensive firming serum memperbaiki mnutrisi kulit astaxanthin vitamin,natur e,serum,astaxanthin vitamin,"intensive firming, advanced soft, memperbaiki mnutrisi kulit",1,Perawatan Wajah dan Jerawat
nature republic fresh aloe cleansing foam,nature republic,foam,aloe,"fresh, cleansing",1,Perawatan Wajah dan Jerawat
somethinc calm down skinpair cleanser,somethinc,cleanser,,calm down skinpair,1,Perawatan Wajah dan Jerawat
etonne calendula,etonne,,calendula,,2,Anti-Aging dan Sunscreen
the originote cica soothing essence toner,the originote,essence toner,cica,soothing,1,Perawatan Wajah dan Jerawat
oasea white,oasea,,,white,1,Perawatan Wajah dan Jerawat
la roche posay oil control uvmune,la roche posay,,,"uvmune, oil control",0,Skincare Dasar dan Hidrasi
crystallure supreme revitalizing rich cream,crystallure supreme,cream,,revitalizing rich,4,Brightening dan Perawatan Kulit Cerah
dexskin complete brightening,dexskin,,,complete brightening,0,Skincare Dasar dan Hidrasi
hanasui flawless glow gentle cleanser,hanasui,gentle cleanser,,flawless glow,1,Perawatan Wajah dan Jerawat
wardah bright peptide niacinamide hyperpigmentation expert night moisturizer,wardah,moisturizer,"niacinamide, peptide","hyperpigmentation expert night, bright",2,Anti-Aging dan Sunscreen
neogen bio peel gauze peeling,neogen bio,peel gauze,,peeling,3,Perawatan Kulit dan Pelembap
holika enprani wrinkle care pomegranate collagen stick,holika enprani,stick,pomegranate collagen,wrinkle care,2,Anti-Aging dan Sunscreen
uv fluid,,,fluid,uv,1,Perawatan Wajah dan Jerawat
b erl gojicacteen treatment soothing gel moisturizer mask pelembab wajah,b erl,gel moisturizer mask pelembab wajah,,gojicacteen treatment soothing,3,Perawatan Kulit dan Pelembap
tirtir ceramic cream,tirtir ceramic,cream,,,0,Skincare Dasar dan Hidrasi
skintific hyaluronic acid barrier essence toner,skintific,essence toner,hyaluronic acid,barrier,4,Brightening dan Perawatan Kulit Cerah
ainie papaya brightening soap vitamin,ainie papaya,soap,vitamin,brightening,1,Perawatan Wajah dan Jerawat
b erl skin key of brightening day cream night,b erl,cream,,"night, skin key of brightening day",0,Skincare Dasar dan Hidrasi
wardah vitamin c adenosine radiant charge gel moisturizer,wardah,gel moisturizer,vitamin c,adenosine radiant charge,3,Perawatan Kulit dan Pelembap
safi age daily essence,safi,essence,,age daily,2,Anti-Aging dan Sunscreen
erha active glow,erha,,,active glow,4,Brightening dan Perawatan Kulit Cerah
2 nivea sunscreen face serum extra protect oil control spf50 pa sunblock tidak berminyak spf uv lightweight gel tekstur ringan cepat meresap no whitecast carnitine,2 nivea,"gel, sunscreen face serum, sunblock",carnitine,"extra protect oil control spf50 pa, tidak berminyak spf uv lightweight, no whitecast, tekstur ringan cepat meresap",4,Brightening dan Perawatan Kulit Cerah
light wardah moisturizer cream niacinamide brightening pelembab wajah white facial night,wardah,"pelembab wajah, moisturizer cream",niacinamide,"brightening, white facial night, light",2,Anti-Aging dan Sunscreen
hada labo ultimate white facial wash,hada labo,facial wash,,ultimate white,0,Skincare Dasar dan Hidrasi
dexskin derma express salmon dna advance skin,dexskin derma express,,salmon dna,advance skin,0,Skincare Dasar dan Hidrasi
tocobo collagen brightening eye gel cream,tocobo,gel cream,collagen,brightening eye,3,Perawatan Kulit dan Pelembap
cnp laboratory propolis energy active ampule,cnp laboratory,,propolis,energy active ampule,0,Skincare Dasar dan Hidrasi
elformula facial care daily gentle low ph cleanser peeling solution cerahydro barrier repair sunscreen spf,elformula,"cleanser, sunscreen",,"spf, facial care daily gentle low ph, peeling solution cerahydro barrier repair",0,Skincare Dasar dan Hidrasi
scarlett white jerawat day cream,scarlett,cream,,white jerawat day,3,Perawatan Kulit dan Pelembap
ponds bright facial foam,ponds,facial foam,,bright,4,Brightening dan Perawatan Kulit Cerah
safi jerawat expert sebum control fluid toner wajah,safi,toner wajah,fluid,jerawat expert sebum control,3,Perawatan Kulit dan Pelembap
safi age defy radiant day emulsion,safi,,emulsion,age defy radiant day,2,Anti-Aging dan Sunscreen
numbuzin blemish serum,numbuzin,blemish serum,,,3,Perawatan Kulit dan Pelembap
renewal senka whip berry bright,senka whip,,berry,"renewal, bright",1,Perawatan Wajah dan Jerawat
sk ii essence,sk ii,essence,,,1,Perawatan Wajah dan Jerawat
skintific ceramide barrier repair,skintific,,ceramide,barrier repair,2,Anti-Aging dan Sunscreen
kose white cleansing oil makeup remover batiste,kose,,,white cleansing oil makeup remover batiste,1,Perawatan Wajah dan Jerawat
sk ii eye cream,sk ii,cream,,eye,3,Perawatan Kulit dan Pelembap
skintific mugwort anti pores jerawat clay stick mask wajah untuk membersihkan pori,skintific,"clay stick, mask wajah",mugwort,"anti pores jerawat, untuk membersihkan pori",2,Anti-Aging dan Sunscreen
elemis apricot toner,elemis,toner,apricot,,3,Perawatan Kulit dan Pelembap
embryolisse moisturizer pelembab wajah untuk kulit kering,embryolisse,"pelembab wajah, moisturizer",,untuk kulit kering,1,Perawatan Wajah dan Jerawat
hyaluronic acid sodium hyaluronate 50gram,,,hyaluronic acid sodium hyaluronate 50gram,,2,Anti-Aging dan Sunscreen
somethinc holyshield sunscreen mist spf46 pa,somethinc,"mist, sunscreen",,"spf46 pa, holyshield",3,Perawatan Kulit dan Pelembap
in one sunscreen bayi anak spf 50 pa skin barrier expert perlindungan kulit dari sinar uva uvb aman sensitif,in one,sunscreen,,bayi anak spf 50 pa skin barrier expert perlindungan kulit dari sinar uva uvb aman sensitif,4,Brightening dan Perawatan Kulit Cerah
caudalie smooth and glow,caudalie,,,smooth and glow,2,Anti-Aging dan Sunscreen
wardah brightening hydrating toner,wardah,toner,,brightening hydrating,1,Perawatan Wajah dan Jerawat
pyunkang yul calming low ph foaming cleanser,pyunkang yul,foaming cleanser,,calming low ph,2,Anti-Aging dan Sunscreen
beauty of joseon green plum refreshing toner aha bha,beauty of joseon,toner,"aha bha, green plum",refreshing,3,Perawatan Kulit dan Pelembap
glad2glow aha bha pha intensive peeling solution,glad2glow,,aha bha pha,intensive peeling solution,2,Anti-Aging dan Sunscreen
bio beauty lab blemish and pore clearing toner,bio beauty lab,toner,,blemish and pore clearing,1,Perawatan Wajah dan Jerawat
emina bright prebiotic tranexamic acid brightening facial cleanser,emina,facial cleanser,prebiotic tranexamic acid,"brightening, bright",2,Anti-Aging dan Sunscreen
lacoco bakuchiol essence,lacoco,essence,bakuchiol,,0,Skincare Dasar dan Hidrasi
bhumi defense daily sunscreen,bhumi,sunscreen,,defense daily,0,Skincare Dasar dan Hidrasi
glad2glow brow intense serum,glad2glow,serum,,brow intense,0,Skincare Dasar dan Hidrasi
hadalabo gokujyun anti - aging serum,hadalabo gokujyun,serum,,anti - aging,1,Perawatan Wajah dan Jerawat
glad2glow propolis hyaluronic acid barrier essence toner,glad2glow,essence toner,propolis hyaluronic acid,barrier,3,Perawatan Kulit dan Pelembap
lilin lebah beeswax,beeswax,lilin lebah,,,4,Brightening dan Perawatan Kulit Cerah
innisfree blueberry rebalancing skin,innisfree,,blueberry,rebalancing skin,1,Perawatan Wajah dan Jerawat
innisfree black tea youth enhancing lotion anti - aging untuk segarkan kulit lelah,innisfree,lotion,black tea,"anti - aging untuk segarkan kulit lelah, youth enhancing",4,Brightening dan Perawatan Kulit Cerah
esther facial soap,esther,facial soap,,,1,Perawatan Wajah dan Jerawat
perawatan mommies brightening hydrating,mommies,,,"brightening hydrating, perawatan",4,Brightening dan Perawatan Kulit Cerah
natur e white bright glow radiant ultra light sun protection spf 45 pa sunscreen wajah tone up ringan melembabkan mencerahkan kulit vitamin gluthatione niacinamide,natur e,sunscreen wajah tone up,vitamin gluthatione niacinamide,"white bright glow radiant ultra light sun protection spf 45 pa, ringan melembabkan mencerahkan kulit",1,Perawatan Wajah dan Jerawat
dexskin derma express hydrating essence,dexskin derma express,essence,,hydrating,3,Perawatan Kulit dan Pelembap
beauty of joseon ginseng moisturizer serum,beauty of joseon,"moisturizer, serum",ginseng,,0,Skincare Dasar dan Hidrasi
sk ii skinpower essence,sk ii,essence,,skinpower,3,Perawatan Kulit dan Pelembap
viva body painting remover,viva,,,body painting remover,4,Brightening dan Perawatan Kulit Cerah
benton green tea serum,benton,serum,green tea,,3,Perawatan Kulit dan Pelembap
aizen jerawat barrier triple,aizen,,,jerawat barrier triple,3,Perawatan Kulit dan Pelembap
isntree hyaluronic acid gel cream,isntree,gel cream,hyaluronic acid,,4,Brightening dan Perawatan Kulit Cerah
safi white natural anti jerawat cleanser tea tree,safi,cleanser,tea tree,white natural anti jerawat,4,Brightening dan Perawatan Kulit Cerah
noblesse facial foam cleansing,noblesse,facial foam,,cleansing,4,Brightening dan Perawatan Kulit Cerah
clean clear oil control,clean clear,,,oil control,3,Perawatan Kulit dan Pelembap
erha brightening day cream,erha,cream,,brightening day,4,Brightening dan Perawatan Kulit Cerah
watsons face massager,watsons,,,face massager,3,Perawatan Kulit dan Pelembap
simple kind to skin moisturising facial wash,simple kind to skin,facial wash,,moisturising,1,Perawatan Wajah dan Jerawat
clinelle calm care cleanser,clinelle,cleanser,,calm care,2,Anti-Aging dan Sunscreen
somethinc jerawat treatment salicylic acid serum,somethinc,serum,salicylic acid,jerawat treatment,3,Perawatan Kulit dan Pelembap
labore sensitive soothing mist,labore,mist,,"sensitive, soothing",0,Skincare Dasar dan Hidrasi
wardah hydra rose gel to foam cleanser,wardah,gel to foam cleanser,rose,hydra,1,Perawatan Wajah dan Jerawat
safi age defy foam cleanser deep exfoliator,safi,foam cleanser,,"deep exfoliator, age defy",2,Anti-Aging dan Sunscreen
neogen bio peel gauze peeling,neogen bio,peel gauze,,peeling,4,Brightening dan Perawatan Kulit Cerah
b erl brighthening essence treatment mencerahkan niacinamide extract flower,b erl,essence,niacinamide extract flower,"brighthening, treatment mencerahkan",0,Skincare Dasar dan Hidrasi
cetaphil cleanser,cetaphil,cleanser,,,0,Skincare Dasar dan Hidrasi
pyunkang yul essence toner,pyunkang yul,essence toner,,,1,Perawatan Wajah dan Jerawat
dermaster hydrating ultimate glow,dermaster,,,hydrating ultimate glow,1,Perawatan Wajah dan Jerawat
gatsby cooling face wash clean,gatsby,face wash,,"cooling, clean",0,Skincare Dasar dan Hidrasi
gatsby cooling face wash triple porefection,gatsby,face wash,,"cooling, triple porefection",2,Anti-Aging dan Sunscreen
skintific aha bha pha lha peeling solution,skintific,,aha bha pha lha,peeling solution,4,Brightening dan Perawatan Kulit Cerah
wardah amino gel cleanser vitamin c sabun cuci wajah low ph untuk kulit kusam dry kering senstive face wash membersihkan mencerahkan melembapkan sensitive,wardah,"sabun cuci wajah, face wash, gel cleanser","vitamin c, amino","low ph untuk kulit kusam dry kering senstive, membersihkan mencerahkan melembapkan sensitive",4,Brightening dan Perawatan Kulit Cerah
cosrx low ph morning gel cleanser,cosrx,gel cleanser,,"morning, low ph",0,Skincare Dasar dan Hidrasi
bhumi multi targeted natural adoring face oil,bhumi,,,multi targeted natural adoring face oil,2,Anti-Aging dan Sunscreen
innisfree green tea amino hydrating cleansing foam,innisfree,foam,green tea amino,hydrating cleansing,4,Brightening dan Perawatan Kulit Cerah
esther serum wajah kulit aging,esther,serum wajah,,kulit aging,0,Skincare Dasar dan Hidrasi
lagom cellus revive essence toner,lagom,essence toner,,cellus revive,1,Perawatan Wajah dan Jerawat
elemis collagen eye revive mask mata,elemis,mask,collagen,"mata, eye revive",1,Perawatan Wajah dan Jerawat
erha agec day cream pelembab wajah,erha,cream pelembab wajah,,agec day,1,Perawatan Wajah dan Jerawat
wardah day moisturizer,wardah,moisturizer,,day,2,Anti-Aging dan Sunscreen
skintific dark spot eraser serum,skintific,serum,eraser,dark spot,4,Brightening dan Perawatan Kulit Cerah
skintific day light sunscreen mist spf 50 pa,skintific,sunscreen mist,,"day light, spf 50 pa",4,Brightening dan Perawatan Kulit Cerah
skintific dark spot eraser serum,skintific,serum,eraser,dark spot,1,Perawatan Wajah dan Jerawat
erha age corrector aha bha red algae facial wash,erha,facial wash,aha bha red algae,age corrector,2,Anti-Aging dan Sunscreen
animate salmon dna glowing gel,animate,gel,salmon dna,glowing,0,Skincare Dasar dan Hidrasi
elizabeth arden prevage anti - aging daily serum,elizabeth arden,serum,,prevage anti - aging daily,3,Perawatan Kulit dan Pelembap
dermaster,dermaster,,,,0,Skincare Dasar dan Hidrasi
glad2glow peach retinol moisturizer,glad2glow,moisturizer,peach retinol,,4,Brightening dan Perawatan Kulit Cerah
emina spf 50 pa cica jerawat fighter sunscreen,emina,sunscreen,cica,"spf 50 pa, jerawat fighter",4,Brightening dan Perawatan Kulit Cerah
anessa,anessa,,,,4,Brightening dan Perawatan Kulit Cerah
glad2glow apricot glycolic acid exfoliating smooth peeling gel,glad2glow,gel,apricot glycolic acid,exfoliating smooth peeling,1,Perawatan Wajah dan Jerawat
banana boat simply protect moisturizer uv sunscreen lotion spf 50 pa,banana boat,"sunscreen lotion, moisturizer",,"simply protect, uv, spf 50 pa",3,Perawatan Kulit dan Pelembap
nuxe rich cleansing gel,nuxe,gel,,rich cleansing,3,Perawatan Kulit dan Pelembap
skinlife foaming facial wash,skinlife,foaming facial wash,,,3,Perawatan Kulit dan Pelembap
numbuzin vitamin boosting essential toner,numbuzin,essential toner,vitamin,boosting,2,Anti-Aging dan Sunscreen
elizabeth arden skin renewal booster,elizabeth arden,,,skin renewal booster,2,Anti-Aging dan Sunscreen
tavi retinol peptide slow aging serum,tavi,serum,retinol peptide,slow aging,0,Skincare Dasar dan Hidrasi
mustika ratu penyegar sari ketimun toner mask bengkoang,mustika ratu,toner mask,"bengkoang, sari ketimun",penyegar,0,Skincare Dasar dan Hidrasi
tocobo essence,tocobo,essence,,,1,Perawatan Wajah dan Jerawat
noblesse eye cream,noblesse,cream,,eye,0,Skincare Dasar dan Hidrasi
glow lovely vitamin cream,glow lovely,cream,vitamin,,4,Brightening dan Perawatan Kulit Cerah
tocobo watery sun cream spf50 pa,tocobo,cream,,"spf50 pa, watery sun",3,Perawatan Kulit dan Pelembap
natur e white bright glow radiant face and body extra protection vitamin gluthatione niacinamide toner moisturizer serum sunscreen spf 45 pa,natur e,toner moisturizer serum sunscreen,vitamin gluthatione niacinamide,"white bright glow radiant face and body extra protection, spf 45 pa",4,Brightening dan Perawatan Kulit Cerah
daily peeling serum kulit berminyak,,serum,,"kulit berminyak, daily peeling",2,Anti-Aging dan Sunscreen
beneath bhumi sugar rush exfoliating serum,beneath bhumi,serum,,sugar rush exfoliating,2,Anti-Aging dan Sunscreen
numbuzin deep clean fresh cream cleanser,numbuzin,cream cleanser,,deep clean fresh,2,Anti-Aging dan Sunscreen
aizen jerawat,aizen,,,jerawat,0,Skincare Dasar dan Hidrasi
somethinc sunscreen spf 40 pa,somethinc,sunscreen,,spf 40 pa,4,Brightening dan Perawatan Kulit Cerah
erha21 erha facial wash oily skin sabun wajah kulit berminyak,"erha21, erha","facial wash, sabun wajah",,"oily skin, kulit berminyak",3,Perawatan Kulit dan Pelembap
glowlabs glow essence angkat sel kulit mati harian,glowlabs,essence,,"angkat sel kulit mati harian, glow",4,Brightening dan Perawatan Kulit Cerah
pyunkang yul essence toner pad,pyunkang yul,essence toner pad,,,4,Brightening dan Perawatan Kulit Cerah
embryolisse lashes and brows booster,embryolisse,lashes and brows,,booster,1,Perawatan Wajah dan Jerawat
tavi cica water break sun shield spf sunscreen wajah lightweight menyegarkan sunblock olahraga berenang,tavi,"sunscreen wajah, sunblock",cica,"water break sun shield spf, olahraga berenang, lightweight menyegarkan",3,Perawatan Kulit dan Pelembap
votre peau calendula hydrating face toner,votre peau,face toner,calendula,hydrating,3,Perawatan Kulit dan Pelembap
acnes uv,,,,acnes uv,4,Brightening dan Perawatan Kulit Cerah
safi age defy essence,safi,essence,,age defy,0,Skincare Dasar dan Hidrasi
the originote jerawat serum,the originote,serum,,jerawat,1,Perawatan Wajah dan Jerawat
emina uv gel spf 50,emina,gel,,"uv, spf 50",1,Perawatan Wajah dan Jerawat
implora serum,implora,serum,,,0,Skincare Dasar dan Hidrasi
innisfree black tea youth enhancing cream wajah perawatan,innisfree,cream wajah,black tea,"perawatan, youth enhancing",4,Brightening dan Perawatan Kulit Cerah
numbuzin firming cream,numbuzin,cream,,firming,3,Perawatan Kulit dan Pelembap
dexskin derma express whiteten jelly booster,dexskin derma express,jelly booster,,whiteten,0,Skincare Dasar dan Hidrasi
beauty of joseon sunscreen aqua fresh rice,beauty of joseon,sunscreen,"aqua, rice",fresh,0,Skincare Dasar dan Hidrasi
innisfree vitamin c green tea brightening cream,innisfree,cream,vitamin c green tea,brightening,2,Anti-Aging dan Sunscreen
viva sunscreen foundation tabir surya untuk melindungi kulit uv filter,viva,sunscreen foundation tabir surya,,untuk melindungi kulit uv filter,1,Perawatan Wajah dan Jerawat
isntree green tea,isntree,,green tea,,1,Perawatan Wajah dan Jerawat
heimish clean foam,heimish,foam,,clean,2,Anti-Aging dan Sunscreen
esther jerawat toner,esther,toner,,jerawat,1,Perawatan Wajah dan Jerawat
erha acneact anti jerawat serum,erha,serum,,acneact anti jerawat,4,Brightening dan Perawatan Kulit Cerah
haruharu black rice soft peeling gel,haruharu,gel,black rice,soft peeling,2,Anti-Aging dan Sunscreen
caudalie vinopure salicylic spot solution cream jerawat,caudalie vinopure,cream,salicylic,"spot solution, jerawat",1,Perawatan Wajah dan Jerawat
dermaster lavijue wrinkle care serum clabiane derm cream,"clabiane, dermaster lavijue","derm cream, serum",,wrinkle care,3,Perawatan Kulit dan Pelembap
viva moisturizer cream,viva,moisturizer cream,,,3,Perawatan Kulit dan Pelembap
kose suncut uv milk spf50 pa sunscreen,kose,sunscreen,milk,"spf50 pa, suncut uv",2,Anti-Aging dan Sunscreen
wardah renew you anti - aging eye cream,wardah,cream,,renew you anti - aging eye,1,Perawatan Wajah dan Jerawat
fair and lovely vitamin,fair and lovely,,vitamin,,1,Perawatan Wajah dan Jerawat
d alba essence sun cream,d alba,essence sun cream,,,0,Skincare Dasar dan Hidrasi
adleeva brightening night cream malam,adleeva,cream,,"brightening night, malam",3,Perawatan Kulit dan Pelembap
vitamin b5 panthenol,,,"vitamin b5, panthenol",,0,Skincare Dasar dan Hidrasi
skintific dark spot eraser serum pencerah wajah penghilang flek hitam anti noda,skintific,serum,eraser,"dark spot, anti noda, pencerah wajah penghilang flek hitam",0,Skincare Dasar dan Hidrasi
jumiso cream centella,jumiso,cream,centella,,1,Perawatan Wajah dan Jerawat
wardah uv shield jerawat calming sunscreen serum spf50 pa,wardah,sunscreen serum,,"spf50 pa, uv shield jerawat calming",1,Perawatan Wajah dan Jerawat
ponds bright niasorcinol night serum,ponds,serum,niasorcinol,"night, bright",4,Brightening dan Perawatan Kulit Cerah
bio essence moisturizer,bio,"moisturizer, essence",,,1,Perawatan Wajah dan Jerawat
d alba mild skin balancing toner,d alba,toner,,mild skin balancing,2,Anti-Aging dan Sunscreen
dermies max dark circle correction treatment,dermies max,,,dark circle correction treatment,2,Anti-Aging dan Sunscreen
esther radiant day cream wajah pagi kulit kusam,esther,cream wajah,,"radiant day, pagi kulit kusam",4,Brightening dan Perawatan Kulit Cerah
elemis collagen rose cleansing balm cleanser wajah,elemis,balm cleanser wajah,collagen rose,cleansing,0,Skincare Dasar dan Hidrasi
kose white cleansing oil makeup remover,kose,,,"makeup remover, white cleansing oil",1,Perawatan Wajah dan Jerawat
diri essentials jerawat serum 2 bha niacinamide zinc mengurangi bekas wajah,diri,"essentials, serum","niacinamide zinc, 2 bha","jerawat, mengurangi bekas wajah",0,Skincare Dasar dan Hidrasi
isntree green tea,isntree,,green tea,,3,Perawatan Kulit dan Pelembap
elizabeth arden advance light ceramide capsules strengthening serum,elizabeth arden,"capsules, serum",ceramide,"advance light, strengthening",1,Perawatan Wajah dan Jerawat
skin sake hypochlorous acid spray hocl anti bakteri yang efektif membunuh penyebab jerawat membantu meredakan eksim serta iritasi kulit,skin sake,spray,"hocl, hypochlorous acid","penyebab jerawat membantu meredakan eksim serta iritasi kulit, anti bakteri yang efektif membunuh",4,Brightening dan Perawatan Kulit Cerah
finally found you soy clear brightening dark spot serum mencerahkan noda hitam untuk semua jenis kulit,finally found you soy,serum,,"mencerahkan noda hitam untuk semua jenis kulit, clear brightening dark spot",3,Perawatan Kulit dan Pelembap
bragg apple toner wajah,bragg,toner wajah,apple,,2,Anti-Aging dan Sunscreen
jumiso hyaluronic acid sunscreen,jumiso,sunscreen,hyaluronic acid,,2,Anti-Aging dan Sunscreen
natur e advanced age re juve glow intensive white bright radiant ultra light sun protection spf 45 pa,natur e,,,advanced age re juve glow intensive white bright radiant ultra light sun protection spf 45 pa,0,Skincare Dasar dan Hidrasi
hayylife pinset jerawat komedo blackhead remover,hayylife,pinset,,"jerawat komedo, blackhead remover",2,Anti-Aging dan Sunscreen
nivea men extra bright dark spot facial foam roll on,nivea men,"facial foam, roll on",,extra bright dark spot,2,Anti-Aging dan Sunscreen
abib sunstick protection,abib,sunstick,,protection,0,Skincare Dasar dan Hidrasi
jumiso snail mucin peptide facial essence,jumiso,facial essence,"peptide, snail mucin",,0,Skincare Dasar dan Hidrasi
esther jerawat skin,esther,,,jerawat skin,0,Skincare Dasar dan Hidrasi
skin tonic,,skin tonic,,,4,Brightening dan Perawatan Kulit Cerah
clinelle purifying pore essence,clinelle,essence,,purifying pore,1,Perawatan Wajah dan Jerawat
facetology triple care sunscreen spf50 pa,facetology,sunscreen,,"spf50 pa, triple care",0,Skincare Dasar dan Hidrasi
votre peau niacinamide booster ampoule,votre peau,,niacinamide,booster ampoule,3,Perawatan Kulit dan Pelembap
anua heartleaf quercetinol pore deep cleansing foam,anua,foam,heartleaf quercetinol,pore deep cleansing,2,Anti-Aging dan Sunscreen
viva milk cleanser green tea facial wajah,viva,"facial wajah, cleanser","green tea, milk",,4,Brightening dan Perawatan Kulit Cerah
skintific ceramide soothing toner,skintific,toner,ceramide,soothing,0,Skincare Dasar dan Hidrasi
serum glowing skin barrier repair rose gel,,"gel, serum",rose,glowing skin barrier repair,4,Brightening dan Perawatan Kulit Cerah
numbuzin skin softening serum,numbuzin,serum,,skin softening,1,Perawatan Wajah dan Jerawat
aizen divine face cleanser sabun wajah khusus kulit sensitif mudah jerawat wash,aizen divine,"face cleanser, wash, sabun wajah",,khusus kulit sensitif mudah jerawat,2,Anti-Aging dan Sunscreen
esther retinol serum acid extract tranexamic essence kusam pencerah,esther,"essence, serum","retinol, acid extract tranexamic",kusam pencerah,3,Perawatan Kulit dan Pelembap
aizen scar barrier sun triple bekas jerawat skin,aizen,,,"scar barrier sun triple, bekas jerawat skin",1,Perawatan Wajah dan Jerawat
erha glow,erha,,,glow,4,Brightening dan Perawatan Kulit Cerah
erha21 erha balancing toner untuk semua jenis kulit,"erha21, erha",toner,,"balancing, untuk semua jenis kulit",3,Perawatan Kulit dan Pelembap
judydoll sun defense moisturizer light,judydoll,moisturizer,,"light, sun defense",3,Perawatan Kulit dan Pelembap
elformula cerahydro barrier repair moisturizer cream,elformula,moisturizer cream,,cerahydro barrier repair,4,Brightening dan Perawatan Kulit Cerah
tavi shield mist setting spray makeup,tavi,mist setting spray makeup,,shield,0,Skincare Dasar dan Hidrasi
pyunkang yul black tea cream,pyunkang yul,cream,black tea,,4,Brightening dan Perawatan Kulit Cerah
d savior dark spot serum noda hitam,d savior,serum,,"noda hitam, dark spot",3,Perawatan Kulit dan Pelembap
esther peeling cream,esther,cream,,peeling,4,Brightening dan Perawatan Kulit Cerah
the originote astachiol serum,the originote,serum,astachiol,,4,Brightening dan Perawatan Kulit Cerah
biore mens scrub white,biore mens,scrub,,white,0,Skincare Dasar dan Hidrasi
ms glow penghilang flek hitam bopeng,ms glow,,,penghilang flek hitam bopeng,3,Perawatan Kulit dan Pelembap
caudalie hyaluronic serum,caudalie,serum,hyaluronic,,1,Perawatan Wajah dan Jerawat
charis madecassoside cica cream,charis,cream,madecassoside cica,,1,Perawatan Wajah dan Jerawat
somethinc omega deep cleansing balm untuk makeup remover kulit bersih lembap,somethinc,balm,omega,"untuk makeup remover kulit bersih lembap, deep cleansing",1,Perawatan Wajah dan Jerawat
felinz lash brow serum,felinz,lash brow serum,,,1,Perawatan Wajah dan Jerawat
hada labo ultimate anti - aging milk,hada labo,,milk,ultimate anti - aging,1,Perawatan Wajah dan Jerawat
hanasui flawless glow 10 day cream,hanasui,cream,,flawless glow 10 day,4,Brightening dan Perawatan Kulit Cerah
emina face mask grape seed olive,emina,face mask,grape seed olive,,3,Perawatan Kulit dan Pelembap
skintific day light sunscreen mist spf 50 pa,skintific,sunscreen mist,,"day light, spf 50 pa",0,Skincare Dasar dan Hidrasi
safi age defy cream cleanser deep moisturer,safi,"cream cleanser, moisturer",,"deep, age defy",2,Anti-Aging dan Sunscreen
pyunkang yul essence toner,pyunkang yul,essence toner,,,3,Perawatan Kulit dan Pelembap
azarine cicamide barrier sunscreen moisturizer spf35 pa sp35,azarine,sunscreen moisturizer,"cicamide, sp35","spf35 pa, barrier",4,Brightening dan Perawatan Kulit Cerah
rose day brightening dark spot toner,rose day,toner,,brightening dark spot,3,Perawatan Kulit dan Pelembap
from this island mangosteen brightening serum,from this island,serum,mangosteen,brightening,3,Perawatan Kulit dan Pelembap
b erl peeling solution apple serum exfoliating aha bha pha glycolic acid,b erl,serum,"apple, aha bha pha glycolic acid","exfoliating, peeling solution",1,Perawatan Wajah dan Jerawat
avoskin shield of sun essence spf 50 pa,avoskin,essence,,"shield of sun, spf 50 pa",0,Skincare Dasar dan Hidrasi
mary may niacinamide chaenomeles sinesis serum,mary may,serum,niacinamide chaenomeles sinesis,,1,Perawatan Wajah dan Jerawat
pyunkang yul calming deep moisturizer toner,pyunkang yul,moisturizer toner,,calming deep,2,Anti-Aging dan Sunscreen
abib essence,abib,essence,,,2,Anti-Aging dan Sunscreen
dexskin derma express jerawat skin refine cleanser,dexskin derma express,cleanser,,jerawat skin refine,0,Skincare Dasar dan Hidrasi
innisfree green tea seed hyaluronic serum wajah essence,innisfree,serum wajah essence,green tea seed hyaluronic,,3,Perawatan Kulit dan Pelembap
anua heartleaf soothing toner,anua,toner,heartleaf,soothing,3,Perawatan Kulit dan Pelembap
bhumi glacier water calming cleanser,bhumi,cleanser,,glacier water calming,1,Perawatan Wajah dan Jerawat
2 nivea men face scrub bright oil clear pore minimizing sabun cuci wajah pria mencerahkan minyak berlebih berminyak kulit kusam mengecilkan pori komedo vitamin c,2 nivea men,"sabun cuci wajah pria, face scrub",vitamin c,"bright oil clear pore minimizing, mencerahkan minyak berlebih berminyak kulit kusam mengecilkan pori komedo",1,Perawatan Wajah dan Jerawat
emina bright niacinamide ceramide brightening facial cleanser,emina,facial cleanser,"niacinamide, ceramide","brightening, bright",1,Perawatan Wajah dan Jerawat
poise anti jerawat facial foam,poise,facial foam,,anti jerawat,1,Perawatan Wajah dan Jerawat
la roche posay foaming gel cleanser facial wash kulit,la roche posay,foaming gel cleanser facial wash,,kulit,4,Brightening dan Perawatan Kulit Cerah
studio tropik pa peach skin pretty filter,studio tropik,,peach,"pa, skin pretty filter",3,Perawatan Kulit dan Pelembap
cosrx aloe soothing sun cream spf 50 pa,cosrx,cream,aloe,"spf 50 pa, soothing sun",3,Perawatan Kulit dan Pelembap
l oreal glycolic bright glowing daily cleanser foam,l oreal,cleanser foam,glycolic,bright glowing daily,4,Brightening dan Perawatan Kulit Cerah
labore multi pigmentation brightening serum,labore,serum,,multi pigmentation brightening,2,Anti-Aging dan Sunscreen
neogen bio peel gauze peeling lemon,neogen bio,peel gauze,lemon,peeling,0,Skincare Dasar dan Hidrasi
nivea sunscreen face serum protect light feel spf50 pa sunblock cocok kulit sensitif spf uv lightweight tekstur ringan cepat meresap tidak lengket no whitecast,nivea,"sunscreen face serum, sunblock",,"protect light feel spf50 pa, cocok kulit sensitif spf uv lightweight tekstur ringan cepat meresap tidak lengket no whitecast",1,Perawatan Wajah dan Jerawat
somethinc renewal serum,somethinc,serum,,renewal,4,Brightening dan Perawatan Kulit Cerah
wardah glycolic acid maltobionic succinic peeling serum,wardah,serum,"maltobionic, glycolic acid, succinic",peeling,0,Skincare Dasar dan Hidrasi
pyunkang yul jerawat toner,pyunkang yul,toner,,jerawat,4,Brightening dan Perawatan Kulit Cerah
heimish clean white clay foam,heimish,clay foam,,clean white,2,Anti-Aging dan Sunscreen
nivea men vitamin scrub extra bright sabun cuci wajah pria mencerahkan angkat sel kulit mati brightening kusam cleanser membersihkan pori polusi debu kotoran hyaluronic acid,nivea men,"sabun cuci wajah pria, scrub, cleanser","hyaluronic acid, vitamin","extra bright, mencerahkan angkat sel kulit mati brightening kusam, membersihkan pori polusi debu kotoran",2,Anti-Aging dan Sunscreen
glow better effortless eye cream light,glow better,cream,,"effortless, light, eye",2,Anti-Aging dan Sunscreen
wardah defense energizing creamy wash,wardah,creamy wash,,defense energizing,4,Brightening dan Perawatan Kulit Cerah
crystallure supreme advanced hydra gel,crystallure supreme,gel,,advanced hydra,1,Perawatan Wajah dan Jerawat
erha age corrector facial wash,erha,facial wash,,age corrector,4,Brightening dan Perawatan Kulit Cerah
erha21 eternalips spf 20 pa,erha21,eternalips,,spf 20 pa,2,Anti-Aging dan Sunscreen
kahf triple protection sunscreen moisturizer,kahf,sunscreen moisturizer,,triple protection,4,Brightening dan Perawatan Kulit Cerah
kahf jerawat and pore cleanse scrub face wash,kahf,scrub face wash,,jerawat and pore cleanse,1,Perawatan Wajah dan Jerawat
haruharu black bamboo mist,haruharu,bamboo mist,black,,3,Perawatan Kulit dan Pelembap
garnier men acno fight anti jerawat foam,garnier men,foam,,acno fight anti jerawat,1,Perawatan Wajah dan Jerawat
caudalie beauty,caudalie,,,beauty,0,Skincare Dasar dan Hidrasi
skintific retinol skin renewal serum,skintific,serum,retinol,skin renewal,2,Anti-Aging dan Sunscreen
d alba white spray serum,d alba,spray serum,,white,1,Perawatan Wajah dan Jerawat
l oreal glycolic bright glowing day cream spf17,l oreal,cream,glycolic,"spf17, bright glowing day",2,Anti-Aging dan Sunscreen
abib heartleaf facial mist calming spray,abib,"facial mist, spray",heartleaf,calming,2,Anti-Aging dan Sunscreen
elformula daily gentle low ph facial cleanser wash intensive peeling solution,elformula,facial cleanser wash,,"daily gentle low ph, intensive peeling solution",0,Skincare Dasar dan Hidrasi
skintific niacinamide brightening serum,skintific,serum,niacinamide,brightening,4,Brightening dan Perawatan Kulit Cerah
haruharu black rice bakuchiol eye cream,haruharu,cream,black rice bakuchiol,eye,4,Brightening dan Perawatan Kulit Cerah
b erl peeling serum barrier moisturizer soothing gel calming,b erl,"gel, moisturizer, serum",,"calming, soothing, peeling, barrier",3,Perawatan Kulit dan Pelembap
long lasting sunscreen spray,,sunscreen spray,,long lasting,0,Skincare Dasar dan Hidrasi
innisfree cherry blossom glow jelly cream mencerahkan untuk kulit kusam,innisfree cherry blossom,jelly cream,,"mencerahkan untuk kulit kusam, glow",4,Brightening dan Perawatan Kulit Cerah
benton eyelash serum,benton,eyelash serum,,,3,Perawatan Kulit dan Pelembap
wardah advanced solusi masalah kulit moisturizer day cream serum lightening bright renew you rose defense,wardah,"cream serum, moisturizer",rose,"advanced solusi masalah kulit, day, lightening bright renew you, defense",2,Anti-Aging dan Sunscreen
aizen barrier sun combo skin protect,aizen,,,barrier sun combo skin protect,4,Brightening dan Perawatan Kulit Cerah
avoskin deep body cleanser,avoskin,deep body cleanser,,,3,Perawatan Kulit dan Pelembap
mary may cordata tea tree cleansing foam,mary may,foam,cordata tea tree,cleansing,0,Skincare Dasar dan Hidrasi
caudalie dark spot niacinamide moisturizer cream siang kulit bercahaya anti noda hitam,caudalie,moisturizer cream,niacinamide,"dark spot, siang kulit bercahaya anti noda hitam",0,Skincare Dasar dan Hidrasi
dorskin cica gentle cleanser,dorskin,gentle cleanser,cica,,4,Brightening dan Perawatan Kulit Cerah
nutrishe acid exfoliating serum,nutrishe,serum,acid,exfoliating,1,Perawatan Wajah dan Jerawat
azarine hydrasoothe sunscreen gel spf45 untuk kulit berminyak semua jenis,azarine,sunscreen gel,,"spf45 untuk kulit berminyak semua jenis, hydrasoothe",1,Perawatan Wajah dan Jerawat
kose speedy cleansing oil makeup remover,kose,,,"makeup remover, speedy cleansing oil",0,Skincare Dasar dan Hidrasi
wardah renew you treatment essence menghidrasi kulit wajah,wardah,essence,,"renew you treatment, menghidrasi kulit wajah",1,Perawatan Wajah dan Jerawat
scarlett white jerawat essence toner,scarlett,essence toner,,white jerawat,0,Skincare Dasar dan Hidrasi
lagom white moisturizer cream,lagom,moisturizer cream,,white,2,Anti-Aging dan Sunscreen
dermaster lavijue wrinkle care serum clabiane ultra daily sunscreen,"clabiane, dermaster lavijue","sunscreen, serum",,"wrinkle care, ultra daily",0,Skincare Dasar dan Hidrasi
safi white expert cleanser toner,safi,cleanser toner,,white expert,2,Anti-Aging dan Sunscreen
glowlabs soothe and shoot spf,glowlabs,,,"spf, soothe and shoot",2,Anti-Aging dan Sunscreen
caudalie resveratrol lift firming serum anti - aging,caudalie,serum,resveratrol,"lift firming, anti - aging",1,Perawatan Wajah dan Jerawat
alpha arbutin powder,,,alpha arbutin powder,,4,Brightening dan Perawatan Kulit Cerah
medicin medicated,,medicin,,medicated,3,Perawatan Kulit dan Pelembap
ultima ii clear white anti - aging face essence,ultima ii,face essence,,"clear white, anti - aging",1,Perawatan Wajah dan Jerawat
torriden skin booster,torriden,,,skin booster,0,Skincare Dasar dan Hidrasi
jumiso soothing cica aloe essence toner,jumiso,essence toner,cica aloe,soothing,0,Skincare Dasar dan Hidrasi
isntree hyaluronic acid toner,isntree,toner,hyaluronic acid,,1,Perawatan Wajah dan Jerawat
elvicto parfum,elvicto,parfum,,,4,Brightening dan Perawatan Kulit Cerah
heimish rose tone up sunscreen,heimish,tone up sunscreen,rose,,4,Brightening dan Perawatan Kulit Cerah
emina water calming gel,emina,gel,,water calming,3,Perawatan Kulit dan Pelembap
avoskin retinol ampoule,avoskin,,retinol,ampoule,0,Skincare Dasar dan Hidrasi
elformula mugwort soothing sun gel spf 40 pa mencerahkan wajah kusam hyaluronic niacinamide extract facial,elformula,"gel, extract facial","mugwort, hyaluronic niacinamide","soothing sun, spf 40 pa mencerahkan wajah kusam",4,Brightening dan Perawatan Kulit Cerah
jumiso hyaluronic acid cream,jumiso,cream,hyaluronic acid,,2,Anti-Aging dan Sunscreen
elvicto men toner wajah pria membantu memudarkan kulit kusam hydrating brightening penyeimbang ph glowing white,elvicto men,toner wajah pria,,"membantu memudarkan kulit kusam hydrating brightening penyeimbang ph glowing, white",3,Perawatan Kulit dan Pelembap
pyunkang yul calming sun cream spf 50 pa,pyunkang yul,cream,,"calming sun, spf 50 pa",2,Anti-Aging dan Sunscreen
l oreal uv defender serum protector sunscreen resist spf 50 pa,l oreal,defender serum protector sunscreen,,"uv, resist spf 50 pa",1,Perawatan Wajah dan Jerawat
mother of pearl gel sunscreen spf 50 pa,mother of pearl,"gel, sunscreen",,spf 50 pa,2,Anti-Aging dan Sunscreen
skin sake retinol cream polyglutamic acid,skin sake,cream,"polyglutamic acid, retinol",,0,Skincare Dasar dan Hidrasi
avoskin vitamin c wrinkle balm moisturizing stick,avoskin,"balm, stick",vitamin c,"moisturizing, wrinkle",2,Anti-Aging dan Sunscreen
esther serum,esther,serum,,,1,Perawatan Wajah dan Jerawat
natur e white bright glow radiant miracle booster serum wajah vitamin niacinamide glutathione olive mencerahkan memperbaiki kulit,natur e,serum wajah,vitamin niacinamide glutathione olive,"mencerahkan memperbaiki kulit, white bright glow radiant miracle booster",3,Perawatan Kulit dan Pelembap
b erl mencerahkan melembabkan perawatan wajah pelembab niacinamide lightening facial serum moisturizer,b erl,"pelembab, moisturizer, facial serum",niacinamide,"mencerahkan melembabkan perawatan wajah, lightening",3,Perawatan Kulit dan Pelembap
ponds age miracle wrinkle corrector day cream spf18,ponds,cream,,"age miracle wrinkle corrector day, spf18",4,Brightening dan Perawatan Kulit Cerah
skin light soap,,soap,,skin light,1,Perawatan Wajah dan Jerawat
omg oh my glow bright booster moisturizer,omg oh my glow,moisturizer,,bright booster,4,Brightening dan Perawatan Kulit Cerah
innisfree long lasting sunscreen spf50 pa,innisfree,sunscreen,,"long lasting, spf50 pa",2,Anti-Aging dan Sunscreen
safi white expert day cream spf15,safi,cream,,"spf15, white expert day",1,Perawatan Wajah dan Jerawat
ponds pure bright facial foam,ponds,facial foam,,pure bright,1,Perawatan Wajah dan Jerawat
some mi aha bha pha 30 days miracle cream,some mi,cream,aha bha pha,30 days miracle,2,Anti-Aging dan Sunscreen
numbuzin glossy essence serum,numbuzin,essence serum,,glossy,4,Brightening dan Perawatan Kulit Cerah
restorative protective cream,,cream,,restorative protective,0,Skincare Dasar dan Hidrasi
innisfree orchid toner,innisfree,toner,orchid,,2,Anti-Aging dan Sunscreen
erha ultimate radiance face,erha,,,ultimate radiance face,4,Brightening dan Perawatan Kulit Cerah
numbuzin clear filter essence,numbuzin,essence,,clear filter,1,Perawatan Wajah dan Jerawat
erha glow rejuvenation facial dna salmon retinol brightening hyaluronic repair,erha,facial,"hyaluronic, dna salmon retinol","brightening, repair, glow rejuvenation",3,Perawatan Kulit dan Pelembap
cosrx salicylic acid daily cleanser,cosrx,cleanser,salicylic acid,daily,4,Brightening dan Perawatan Kulit Cerah
skin game hydrating facial wash,skin game,facial wash,,hydrating,2,Anti-Aging dan Sunscreen
nivea men extra bright vitamin face scrub,nivea men,face scrub,vitamin,extra bright,2,Anti-Aging dan Sunscreen
abib essence calming drop,abib,essence,,calming drop,1,Perawatan Wajah dan Jerawat
beauty of joseon sunscreen rice probiotics,beauty of joseon,sunscreen,rice probiotics,,3,Perawatan Kulit dan Pelembap
viva milk cleanser bengkuang membersihkan wajah untuk kulit normal,viva,cleanser,"bengkuang, milk",membersihkan wajah untuk kulit normal,4,Brightening dan Perawatan Kulit Cerah
esther moisturizer gel,esther,moisturizer gel,,,0,Skincare Dasar dan Hidrasi
biore pore,biore,,,pore,1,Perawatan Wajah dan Jerawat
adleeva moisturizer gel cream,adleeva,"moisturizer, gel cream",,,4,Brightening dan Perawatan Kulit Cerah
kose deep cleansing oil makeup remover cleanser,kose,,,deep cleansing oil makeup remover cleanser,1,Perawatan Wajah dan Jerawat
esther sun cream tabir surya wajah,esther,sun cream tabir surya wajah,,,2,Anti-Aging dan Sunscreen
dermies facial jerawat comedo extraction,dermies,facial,,jerawat comedo extraction,1,Perawatan Wajah dan Jerawat
elizabeth arden brightening cicaglow,elizabeth arden,,cicaglow,brightening,1,Perawatan Wajah dan Jerawat
numbuzin cica ceramide repair cream,numbuzin,cream,cica ceramide,repair,4,Brightening dan Perawatan Kulit Cerah
avoskin miraculous refining serum,avoskin,serum,,miraculous refining,2,Anti-Aging dan Sunscreen
avoskin hydrating treatment essence,avoskin,essence,,hydrating treatment,2,Anti-Aging dan Sunscreen
glad2glow pomegranate niacinamide brightening toner,glad2glow,toner,pomegranate niacinamide,brightening,2,Anti-Aging dan Sunscreen
tavi shield mist,tavi,mist,,shield,2,Anti-Aging dan Sunscreen
emina high res bright glow sphere serum,emina,sphere serum,,high res bright glow,3,Perawatan Kulit dan Pelembap
cerave hydrating foaming oil facial cleanser,cerave,foaming oil facial cleanser,,hydrating,2,Anti-Aging dan Sunscreen
ultima ii hydrating serum,ultima ii,serum,,hydrating,0,Skincare Dasar dan Hidrasi
anessa day serum spf50 pa,anessa,serum,,"day, spf50 pa",3,Perawatan Kulit dan Pelembap
5 calm little fairy remaja untuk kulit sensitif kemerahan,little fairy,,,"5 calm, remaja untuk kulit sensitif kemerahan",2,Anti-Aging dan Sunscreen
serum wajah lebih mencerahkan gllowing skin,,serum wajah,,lebih mencerahkan gllowing skin,0,Skincare Dasar dan Hidrasi
roro mendut sleeping mask glow anti - aging,roro mendut,sleeping mask,,glow anti - aging,4,Brightening dan Perawatan Kulit Cerah
scarlett jerawat serum tea tree salicyclic acid liquorice,scarlett,serum,"tea tree, salicyclic acid liquorice",jerawat,2,Anti-Aging dan Sunscreen
jf anti jerawat cleanser,jf,cleanser,,anti jerawat,1,Perawatan Wajah dan Jerawat
sk ii ultimate perfecting eye cream,sk ii,cream,,ultimate perfecting eye,3,Perawatan Kulit dan Pelembap
npure licorice bring the light cleanser,npure,cleanser,licorice,bring the light,1,Perawatan Wajah dan Jerawat
klairs supple preparation facial toner,klairs,facial toner,,supple preparation,4,Brightening dan Perawatan Kulit Cerah
glad2glow pomegranate niacinamide brightening moisturizer,glad2glow,moisturizer,"niacinamide, pomegranate",brightening,2,Anti-Aging dan Sunscreen
mary may peptide bakuchiol sun stick spf50 pa,mary may,sun stick,peptide bakuchiol,spf50 pa,2,Anti-Aging dan Sunscreen
parasol sunscreen gel,parasol,sunscreen gel,,,4,Brightening dan Perawatan Kulit Cerah
lagom mist toner,lagom,mist toner,,,2,Anti-Aging dan Sunscreen
innisfree retinol cica moisturizer recovery serum,innisfree,moisturizer recovery serum,retinol cica,,4,Brightening dan Perawatan Kulit Cerah
shizengokochi facial soap green tea,shizengokochi,facial soap,green tea,,2,Anti-Aging dan Sunscreen
esther retinol cica,esther,,retinol cica,,1,Perawatan Wajah dan Jerawat
innisfree bija trouble cleansing foam cleanser,innisfree,foam cleanser,bija,trouble cleansing,0,Skincare Dasar dan Hidrasi
isntree hyaluronic acid watery sun gel spf50 pa,isntree,gel,hyaluronic acid,"spf50 pa, watery sun",0,Skincare Dasar dan Hidrasi
tocobo ceramide cream,tocobo,cream,ceramide,,1,Perawatan Wajah dan Jerawat
esther brightening eye serum 0 ampul mata,esther,serum,,"0 ampul mata, brightening eye",1,Perawatan Wajah dan Jerawat
neogen bio peel gauze pad,neogen bio,peel gauze pad,,,2,Anti-Aging dan Sunscreen
avoskin serum,avoskin,serum,,,1,Perawatan Wajah dan Jerawat
viva face tonic bengkuang pembersihan penyegar,viva,face tonic,bengkuang,pembersihan penyegar,1,Perawatan Wajah dan Jerawat
viva face tonic spirulina biru penyegar,viva,face tonic,spirulina biru,penyegar,3,Perawatan Kulit dan Pelembap
viva milk cleanser lemon berminyak facial,viva,cleanser,"lemon, milk",berminyak facial,1,Perawatan Wajah dan Jerawat
sk ii skinpower essence,sk ii,essence,,skinpower,2,Anti-Aging dan Sunscreen
aizen brightening barrier,aizen,,,brightening barrier,0,Skincare Dasar dan Hidrasi
somethinc acnedot treatment low ph cleanser,somethinc,cleanser,,acnedot treatment low ph,1,Perawatan Wajah dan Jerawat
votre peau sunscreen spf 50 pa ultra light weight niacinamide centella asiatica,votre peau,sunscreen,"niacinamide, centella asiatica",spf 50 pa ultra light weight,4,Brightening dan Perawatan Kulit Cerah
lagom gel cleanser,lagom,"gel, cleanser",,,3,Perawatan Kulit dan Pelembap
wardah glow toner ceramide aquaporin95 meningkatkan hidrasi memperbaiki skin barrier,wardah,toner,ceramide aquaporin95,"glow, meningkatkan hidrasi memperbaiki skin barrier",3,Perawatan Kulit dan Pelembap
elemis dynamic resurfacing facial pads kapas exfoliating,elemis,"kapas, facial pads",,"exfoliating, dynamic resurfacing",0,Skincare Dasar dan Hidrasi
beplain bean ph balanced cleansing foam,beplain,foam,bean,ph balanced cleansing,1,Perawatan Wajah dan Jerawat
erha ultracalm face serum,erha,serum,,ultracalm face,2,Anti-Aging dan Sunscreen
nutrishe jerawat blemish advanced serum,nutrishe,serum,,jerawat blemish advanced,1,Perawatan Wajah dan Jerawat
wardah uv shield airy smooth sunscreen serum spf 50 pa lightening concealer base make up wajah terlindungi noda hitam bekas jerawat tertutupi,wardah,"sunscreen serum, concealer",,"spf 50 pa lightening, uv shield airy smooth, base make up wajah terlindungi noda hitam bekas jerawat tertutupi",4,Brightening dan Perawatan Kulit Cerah
somethinc sunscreen spf 40 pa,somethinc,sunscreen,,spf 40 pa,2,Anti-Aging dan Sunscreen
labore sensitive physical sunscreen spf 50 pa,labore,sunscreen,,"sensitive, spf 50 pa, physical",2,Anti-Aging dan Sunscreen
beauty of joseon ginseng essence,beauty of joseon,essence,ginseng,,1,Perawatan Wajah dan Jerawat
diri essentials prepme daily toner lactic acid citric niacinamide mencerahkan wajah kusam untuk semua jenis kulit,diri,"toner, essentials","citric niacinamide, lactic acid","prepme daily, mencerahkan wajah kusam untuk semua jenis kulit",4,Brightening dan Perawatan Kulit Cerah
numbuzin deep clean fresh cream cleanser,numbuzin,cream cleanser,,deep clean fresh,1,Perawatan Wajah dan Jerawat
dermaster hydrating wrinkle care,dermaster,,,hydrating wrinkle care,1,Perawatan Wajah dan Jerawat
skintific niacinamide brightening cleanser,skintific,cleanser,niacinamide,brightening,3,Perawatan Kulit dan Pelembap
skin aqua moisturizer milk spf 50,skin aqua,moisturizer,milk,spf 50,2,Anti-Aging dan Sunscreen
viva cream pelembab wajah uv filter vitamin e,viva,cream pelembab wajah,vitamin e,uv filter,1,Perawatan Wajah dan Jerawat
peg 40 hydrogenated castor oil,peg 40,,castor oil,hydrogenated,0,Skincare Dasar dan Hidrasi
elformula intensive peeling solution mugwort soothing sun gel spf 40 pa,elformula,"gel, peeling",mugwort,"solution, soothing sun, spf 40 pa, intensive",1,Perawatan Wajah dan Jerawat
cerave hydrating cleanser,cerave,cleanser,,hydrating,0,Skincare Dasar dan Hidrasi
fair lovely vitamin c glow,fair lovely,,vitamin c,glow,0,Skincare Dasar dan Hidrasi
kanebo lotion,kanebo,lotion,,,3,Perawatan Kulit dan Pelembap
allura oil control mild cleanser foam,allura,cleanser foam,,oil control mild,1,Perawatan Wajah dan Jerawat
face serum retinol anti - aging,,face serum,retinol,anti - aging,2,Anti-Aging dan Sunscreen
holika aloe waterproof sun cream,holika,sun cream,aloe,waterproof,0,Skincare Dasar dan Hidrasi
moisturizer avoskin multi herbs cooling effect,avoskin,moisturizer,multi herbs,cooling effect,2,Anti-Aging dan Sunscreen
bio essence renew radiant youth facial oil,bio essence,,,renew radiant youth facial oil,3,Perawatan Kulit dan Pelembap
romano perawatan daily use essential,romano,essential,,perawatan daily use,2,Anti-Aging dan Sunscreen
ms glow white pencerah glowing,ms glow,,,"pencerah glowing, white",0,Skincare Dasar dan Hidrasi
diri essentials jerawat kulit sensitif,diri,essentials,,"kulit sensitif, jerawat",0,Skincare Dasar dan Hidrasi
pyunkang yul calming moisturizer mist,pyunkang yul,moisturizer mist,,calming,0,Skincare Dasar dan Hidrasi
baby pink brightening facial wash,baby pink,facial wash,,brightening,2,Anti-Aging dan Sunscreen
pigeon teens facial foam remaja wajah,pigeon teens,facial foam,,remaja wajah,1,Perawatan Wajah dan Jerawat
elemis collagen cream pelembab wajah,elemis,cream pelembab wajah,collagen,,0,Skincare Dasar dan Hidrasi
elemis collagen skin protection spf 50 sunscreen wajah,elemis,sunscreen wajah,collagen,"skin protection, spf 50",4,Brightening dan Perawatan Kulit Cerah
npure licorice brigthening glowing,npure,,licorice,brigthening glowing,2,Anti-Aging dan Sunscreen
klairs preparation facial toner,klairs,facial toner,,preparation,2,Anti-Aging dan Sunscreen
caudalie purifying toner anti jerawat,caudalie,toner,,"purifying, anti jerawat",1,Perawatan Wajah dan Jerawat
elizabeth arden ceramide daily youth restoring face serum,elizabeth arden,face serum,ceramide,daily youth restoring,1,Perawatan Wajah dan Jerawat
skintific retinol skin renewal serum wajah untuk mengurangi kerutan garis halus anti - aging,skintific,serum wajah,retinol,"skin renewal, untuk mengurangi kerutan garis halus, anti - aging",0,Skincare Dasar dan Hidrasi
wardah light low ph niacinamide hyaluronic zinc facial foam,wardah,facial foam,niacinamide hyaluronic zinc,light low ph,2,Anti-Aging dan Sunscreen
b erl mencerahkan anti ribet facia wash lightening facial serum essence,b erl,"facial serum, essence, facia wash",,"mencerahkan anti ribet, lightening",1,Perawatan Wajah dan Jerawat
somethinc body care perawatan tubuh,somethinc,body care,,perawatan tubuh,1,Perawatan Wajah dan Jerawat
jumiso pore purifying salicylic acid foaming cleanser,jumiso,foaming cleanser,salicylic acid,pore purifying,2,Anti-Aging dan Sunscreen
mary may blackberry cream essence,mary may,cream essence,blackberry,,0,Skincare Dasar dan Hidrasi
aizen barrier sun,aizen,,,barrier sun,4,Brightening dan Perawatan Kulit Cerah
glowing luxury intense lightening moisturizer sunscreen untuk mencerahkan wajah,,moisturizer sunscreen,,"glowing luxury, untuk mencerahkan wajah, intense lightening",4,Brightening dan Perawatan Kulit Cerah
somethinc glow aha bha pha clarifying treatment toner exfoliating untuk angkat sel kulit mati lebih glowing,somethinc,toner,aha bha pha,"clarifying treatment, exfoliating untuk angkat sel kulit mati lebih glowing, glow",4,Brightening dan Perawatan Kulit Cerah
innisfree green tea seed hyaluronic cream wajah moisturizer,innisfree,cream wajah moisturizer,green tea seed hyaluronic,,0,Skincare Dasar dan Hidrasi
sk ii men facial treatment essence,sk ii men,essence,,facial treatment,2,Anti-Aging dan Sunscreen
wardah hyaluron pentavitin deep water restore gel moisturizer,wardah,gel moisturizer,hyaluron pentavitin,deep water restore,0,Skincare Dasar dan Hidrasi
aizen sun,aizen,,,sun,3,Perawatan Kulit dan Pelembap
innisfree black tea youth enhancing skin toner anti - aging untuk segarkan kulit lelah,innisfree,toner,black tea,"anti - aging untuk segarkan kulit lelah, youth enhancing skin",1,Perawatan Wajah dan Jerawat
implora ceramide skin barrier moisturizing gel,implora,gel,ceramide,skin barrier moisturizing,1,Perawatan Wajah dan Jerawat
beneath bhumi essence,beneath bhumi,essence,,,2,Anti-Aging dan Sunscreen
bioderma spf30,bioderma,,,spf30,0,Skincare Dasar dan Hidrasi
nature aloe fresh sun stick spf50,nature,sun stick,aloe,"fresh, spf50",1,Perawatan Wajah dan Jerawat
emina uv gel spf 50 pa,emina,gel,,"uv, spf 50 pa",0,Skincare Dasar dan Hidrasi
innisfree vitamin c green tea enzyme brightening serum,innisfree,serum,vitamin c green tea enzyme,brightening,3,Perawatan Kulit dan Pelembap
ponds ultra light gel hydrating moisturizer cera hyamino,ponds,"gel, moisturizer",cera hyamino,"ultra light, hydrating",2,Anti-Aging dan Sunscreen
labore sensitive physical sunscreen,labore,sunscreen,,"sensitive, physical",4,Brightening dan Perawatan Kulit Cerah
sheetmasks elformula antiox serum cerahydro barrier repair moisturizer gel,elformula,"serum, moisturizer gel, sheetmasks",,"antiox, cerahydro barrier repair",1,Perawatan Wajah dan Jerawat
collab tavi labore cica sun shield gel oil staining lip barrier revive cream,collab tavi labore,"cream, gel",cica,"oil staining lip, barrier revive, sun shield",2,Anti-Aging dan Sunscreen
dear me beauty skin barrier physical sunscreen spf 50 pa,dear me beauty,sunscreen,,"skin barrier physical, spf 50 pa",4,Brightening dan Perawatan Kulit Cerah
skin game watery moisturizer pelembab wajah untuk barrier kulit berminyak,"skin game, watery",moisturizer pelembab wajah,,untuk barrier kulit berminyak,1,Perawatan Wajah dan Jerawat
wardah uv shield aqua fresh essence spf 50 pa,wardah,essence,,"spf 50 pa, uv shield aqua fresh",1,Perawatan Wajah dan Jerawat
safi essence pelembab kulit wajah,safi,essence pelembab,,kulit wajah,1,Perawatan Wajah dan Jerawat
somethinc,somethinc,,,,1,Perawatan Wajah dan Jerawat
benton snail bee high content steam cream,benton,cream,snail bee,high content steam,4,Brightening dan Perawatan Kulit Cerah
caudalie instant foaming cleanser sabun wajah,caudalie,cleanser sabun wajah,,instant foaming,1,Perawatan Wajah dan Jerawat
caudalie moisturizing routine essentials,caudalie,essentials,,moisturizing routine,4,Brightening dan Perawatan Kulit Cerah
amaterasun brightening sunscreen spf 50 pa,amaterasun,sunscreen,,"brightening, spf 50 pa",3,Perawatan Kulit dan Pelembap
caudalie face mist,caudalie,face mist,,,0,Skincare Dasar dan Hidrasi
vitamin b5 panthenol,,,"vitamin b5, panthenol",,4,Brightening dan Perawatan Kulit Cerah
d alba white spray serum,d alba,spray serum,,white,4,Brightening dan Perawatan Kulit Cerah
somethinc omega deep cleansing balm,somethinc,balm,omega,deep cleansing,4,Brightening dan Perawatan Kulit Cerah
some mi aha bha pha 30 days miracle serum,some mi,serum,aha bha pha,30 days miracle,2,Anti-Aging dan Sunscreen
rose day moisturizer,rose day,moisturizer,,,4,Brightening dan Perawatan Kulit Cerah
glad2glow pomegranate niacinamide,glad2glow,,"niacinamide, pomegranate",,0,Skincare Dasar dan Hidrasi
allura cera peptinol night moisturizer,allura,moisturizer,cera peptinol,night,4,Brightening dan Perawatan Kulit Cerah
ultima ii hydrating foaming cleanser,ultima ii,foaming cleanser,,hydrating,2,Anti-Aging dan Sunscreen
dermies max instant glow treatment,dermies max,,,instant glow treatment,4,Brightening dan Perawatan Kulit Cerah
gatsby facial wash,gatsby,facial wash,,,2,Anti-Aging dan Sunscreen
aizen brightening skin repair barrier ceramide moisturizer hydrating,aizen,moisturizer,ceramide,"brightening skin repair barrier, hydrating",0,Skincare Dasar dan Hidrasi
innisfree retinol cica moisturizer recovery serum,innisfree,moisturizer recovery serum,retinol cica,,2,Anti-Aging dan Sunscreen
esther intensive day cream pagi kulit aging,esther,cream,,"intensive day, pagi kulit aging",0,Skincare Dasar dan Hidrasi
betadine cleanser,betadine,cleanser,,,1,Perawatan Wajah dan Jerawat
beneath peaceful skin,beneath,,,peaceful skin,3,Perawatan Kulit dan Pelembap
natur e clear and calm ceraglow skin barrier calming serum moisturizer gel melembabkan wajah ceramide,natur e,serum moisturizer gel,ceramide,"melembabkan wajah, clear and calm ceraglow skin barrier calming",3,Perawatan Kulit dan Pelembap
d alba white cream cleanser,d alba,cream cleanser,,white,4,Brightening dan Perawatan Kulit Cerah
heimish matcha amino jerawat cleansing foam,heimish,foam,"matcha, amino",jerawat cleansing,3,Perawatan Kulit dan Pelembap
esther dna peptide anti - aging serum,esther,serum,dna peptide,anti - aging,0,Skincare Dasar dan Hidrasi
skintific matte fit serum sunscreen spf50 pa,skintific,serum sunscreen,,"spf50 pa, matte fit",1,Perawatan Wajah dan Jerawat
erha age corrector skin renew,erha,,,age corrector skin renew,0,Skincare Dasar dan Hidrasi
pyunkang yul ultimate calming solution cream,pyunkang yul,cream,,ultimate calming solution,0,Skincare Dasar dan Hidrasi
aizen retinal repair cleanse cleanser cleansing anti - aging,aizen,cleanser,retinal,"cleansing anti - aging, repair cleanse",0,Skincare Dasar dan Hidrasi
labore sensitive barrier revive cream,labore,cream,,"sensitive, barrier revive",2,Anti-Aging dan Sunscreen
innisfree green tea hyaluronic mist,innisfree,mist,green tea hyaluronic,,1,Perawatan Wajah dan Jerawat
wardah nature daily aloe facial wash,wardah,facial wash,aloe,nature daily,1,Perawatan Wajah dan Jerawat
nivea men vitamin scrub extra bright sabun cuci wajah pria mencerahkan angkat sel kulit mati brightening kusam facial wash cleanser membersihkan pori polusi debu kotoran hyaluronic acid,nivea men,"facial wash cleanser, sabun cuci wajah pria, scrub","hyaluronic acid, vitamin","extra bright, mencerahkan angkat sel kulit mati brightening kusam, membersihkan pori polusi debu kotoran",1,Perawatan Wajah dan Jerawat
skintific ceramide barrier moisturizer gel,skintific,moisturizer gel,ceramide,barrier,4,Brightening dan Perawatan Kulit Cerah
innisfree collagen green tea ceramide cream,innisfree,cream,collagen green tea ceramide,,3,Perawatan Kulit dan Pelembap
implora luminous brightening serum,implora,serum,,luminous brightening,4,Brightening dan Perawatan Kulit Cerah
nivea men facial foam extra bright dark spot,nivea men,facial foam,,extra bright dark spot,3,Perawatan Kulit dan Pelembap
jumiso day vitamin firming serum,jumiso,serum,vitamin,"day, firming",1,Perawatan Wajah dan Jerawat
esther serum,esther,serum,,,3,Perawatan Kulit dan Pelembap
skintific ceramide serum sunscreen spf50 pa,skintific,serum sunscreen,ceramide,spf50 pa,3,Perawatan Kulit dan Pelembap
skintific light serum sunscreen spf50 pa,skintific,serum sunscreen,,"spf50 pa, light",2,Anti-Aging dan Sunscreen
pond white beauty cleansing milk,pond,,milk,white beauty cleansing,4,Brightening dan Perawatan Kulit Cerah
anessa uv sunscreen milk,anessa,sunscreen,milk,uv,0,Skincare Dasar dan Hidrasi
hada labo shirojyun lotion,hada labo shirojyun,lotion,,,2,Anti-Aging dan Sunscreen
dermaster sunscreen gel ceramide,dermaster,"gel, sunscreen",ceramide,,2,Anti-Aging dan Sunscreen
leoleo perawatan wajah pria extra glowing facial wash scrub white face serum sunscreen uv filter spf 50 pa mencerahkan,leoleo,"serum sunscreen, facial wash scrub",,"white face, uv filter spf 50 pa mencerahkan, perawatan wajah pria extra glowing",0,Skincare Dasar dan Hidrasi
heimish matcha redness relief hydrating toner,heimish,toner,matcha,redness relief hydrating,2,Anti-Aging dan Sunscreen
innisfree hyaluronic moisturizer sunscreen spf50 pa untuk kulit kering,innisfree,moisturizer sunscreen,hyaluronic,spf50 pa untuk kulit kering,1,Perawatan Wajah dan Jerawat
benton snaill bee eye patch,benton,patch,snaill bee,eye,1,Perawatan Wajah dan Jerawat
metcovazin cream,metcovazin,cream,,,0,Skincare Dasar dan Hidrasi
safi white expert replenishing night cream,safi,cream,,white expert replenishing night,1,Perawatan Wajah dan Jerawat
ms glow men complite pencerah bersih pria,ms glow men,,,"complite pencerah bersih, pria",0,Skincare Dasar dan Hidrasi
dermaster daily brightening,dermaster,,,daily brightening,0,Skincare Dasar dan Hidrasi
dermaster serum anti wrinkle brightening,dermaster,serum,,anti wrinkle brightening,0,Skincare Dasar dan Hidrasi
viva milk cleanser cucumber berminyak facial wajah,viva,"wajah, cleanser","cucumber, milk",berminyak facial,2,Anti-Aging dan Sunscreen
atocalm daily cream,atocalm,cream,,daily,2,Anti-Aging dan Sunscreen
ponds white beauty facial foam,ponds,facial foam,,white beauty,4,Brightening dan Perawatan Kulit Cerah
roro mendut lulur spirulina kulit kusam kering bruntusan,roro mendut,lulur,spirulina,kulit kusam kering bruntusan,3,Perawatan Kulit dan Pelembap
elizabeth arden prevage anti - aging overnight cream,elizabeth arden,cream,,prevage anti - aging overnight,0,Skincare Dasar dan Hidrasi
skinlife foaming facial wash pump,skinlife,foaming facial wash pump,,,3,Perawatan Kulit dan Pelembap
safi age defy renewal night cream,safi,cream,,age defy renewal night,0,Skincare Dasar dan Hidrasi
wardah uv shield aqua fresh essence spf,wardah,essence,,"spf, uv shield aqua fresh",3,Perawatan Kulit dan Pelembap
hyaluronic acid sodium hyaluronate,,,hyaluronic acid sodium hyaluronate,,0,Skincare Dasar dan Hidrasi
biore uv aqua rich watery essence spf50,biore,essence,,"uv aqua rich watery, spf50",4,Brightening dan Perawatan Kulit Cerah
labore sensitive barrier revive cream,labore,cream,,"sensitive, barrier revive",3,Perawatan Kulit dan Pelembap
viva anti winkel cream,viva,cream,,anti winkel,4,Brightening dan Perawatan Kulit Cerah
hada labo tamagohada mild peeling make up remover face wash,hada labo tamagohada,face wash,,mild peeling make up remover,3,Perawatan Kulit dan Pelembap
allura oil control mild pore cleanser foam,allura,cleanser foam,,oil control mild pore,4,Brightening dan Perawatan Kulit Cerah
acnes natural care face wash deep pore,acnes natural care,face wash,,deep pore,0,Skincare Dasar dan Hidrasi
glad2glow vitamin c bright glow toner,glad2glow,toner,vitamin c,bright glow,4,Brightening dan Perawatan Kulit Cerah
emina bright face wash,emina,face wash,,bright,2,Anti-Aging dan Sunscreen
hada labo gokujyun,hada labo gokujyun,,,,0,Skincare Dasar dan Hidrasi
esther clean wash sabun wajah kulit berminyak jerawat,esther,clean wash sabun wajah,,kulit berminyak jerawat,1,Perawatan Wajah dan Jerawat
haruharu centella phyto peptide concentrate cream,haruharu,concentrate cream,"peptide, centella phyto",,2,Anti-Aging dan Sunscreen
innisfree men fresh lotion,innisfree,lotion,,men fresh,2,Anti-Aging dan Sunscreen
dermies max facial jerawat oily skin comedo extraction,dermies max,facial,,jerawat oily skin comedo extraction,3,Perawatan Kulit dan Pelembap
light and bright lightening serum mencerahkan niacinamide,,serum,niacinamide,"lightening, light and bright, mencerahkan",0,Skincare Dasar dan Hidrasi
bhumi,bhumi,,,,4,Brightening dan Perawatan Kulit Cerah
skins sake glow essentials vitamin c hexylresorcinol hocl mist untuk mencerahkan kulit meratakan warna mengurangi bekas jerawat menenangkan sensitif tanpa iritasi,skins sake,"essentials, mist","vitamin c, hexylresorcinol hocl","glow, untuk mencerahkan kulit meratakan warna mengurangi bekas jerawat menenangkan sensitif tanpa iritasi",2,Anti-Aging dan Sunscreen
diri essentials sunscreen spf 50 pa pelindung wajah dari sinar uv matahari,diri,"essentials, sunscreen",,spf 50 pa pelindung wajah dari sinar uv matahari,0,Skincare Dasar dan Hidrasi
natur e advanced age rejuve glow intensive firming serum wajah menjaga elastisitas kulit astaxanthin vitamin perawatan menutrisi,natur e,serum wajah,astaxanthin vitamin,"menjaga elastisitas kulit, advanced age rejuve glow intensive firming, perawatan menutrisi",0,Skincare Dasar dan Hidrasi
numbuzin firming cream,numbuzin,cream,,firming,0,Skincare Dasar dan Hidrasi
dermies max jerawat scar treatment,dermies max,,,jerawat scar treatment,2,Anti-Aging dan Sunscreen
b erl lightening facial serum mencerahkan perawatan wajah memudarkan flek hitam pencerah anti kusam,b erl,facial serum,,"lightening, mencerahkan perawatan wajah memudarkan flek hitam pencerah anti kusam",1,Perawatan Wajah dan Jerawat
sk ii facial treatment clear lotion,sk ii,lotion,,facial treatment clear,4,Brightening dan Perawatan Kulit Cerah
beauty of joseon revive eye cream ginseng retinal,beauty of joseon,revive eye cream,ginseng retinal,,1,Perawatan Wajah dan Jerawat
beauty of joseon green plum refreshing cleanser,beauty of joseon,cleanser,green plum,refreshing,1,Perawatan Wajah dan Jerawat
viva massage cream facial wajah,viva,cream facial wajah,,massage,1,Perawatan Wajah dan Jerawat
somethinc calm down skinpair bubble cleanser facial untuk kulit sensitif sabun cuci wajah centella,somethinc,"sabun cuci wajah, bubble cleanser facial",centella,"calm down skinpair, untuk kulit sensitif",3,Perawatan Kulit dan Pelembap
senka low ph calming cica,senka,,cica,low ph calming,3,Perawatan Kulit dan Pelembap
base daily renewal natural exfoliating,base daily,,,renewal natural exfoliating,1,Perawatan Wajah dan Jerawat
aizen brightening cleanser cleansing,aizen,cleanser,,"brightening, cleansing",0,Skincare Dasar dan Hidrasi
forever young rivya rejuvenation cream backhousia facial wash,rivya,"facial wash, cream",backhousia,"forever young, rejuvenation",2,Anti-Aging dan Sunscreen
wardah lightening exfoliator cleanser wajah scrub niacinamide,wardah,cleanser wajah scrub,niacinamide,"exfoliator, lightening",0,Skincare Dasar dan Hidrasi
erha light peeling face,erha,,,light peeling face,4,Brightening dan Perawatan Kulit Cerah
ultima ii absolutely flawless face mist,ultima ii,face mist,,absolutely flawless,3,Perawatan Kulit dan Pelembap
brightening booster vitamin 3 alpha arbutin,,,vitamin 3 alpha arbutin,brightening booster,2,Anti-Aging dan Sunscreen
paper filter 02 white,,paper filter 02,,white,1,Perawatan Wajah dan Jerawat
cleansing milk,,,milk,cleansing,3,Perawatan Kulit dan Pelembap
cerave moisturising cream pump skin barrier repair moisturizer ceramide dry pelembap untuk kulit kering,cerave,"pelembap, moisturizer, cream pump",ceramide,"dry, untuk kulit kering, skin barrier repair, moisturising",2,Anti-Aging dan Sunscreen
viva white advanced serum mencerahkan niacinamide vitamin,viva,serum,niacinamide vitamin,"mencerahkan, white advanced",1,Perawatan Wajah dan Jerawat
natur e face cream pelembab wajah ekstrak pomegranate vitamin membantu melembapkan menutrisi kulit,natur e,face cream pelembab wajah,ekstrak pomegranate vitamin,membantu melembapkan menutrisi kulit,0,Skincare Dasar dan Hidrasi
aizen jerawat skin repair combo treatment,aizen,,,jerawat skin repair combo treatment,3,Perawatan Kulit dan Pelembap
hanasui peeling serum,hanasui,serum,,peeling,4,Brightening dan Perawatan Kulit Cerah
nature soothing moisturizer aloe vera gel,nature,"gel, moisturizer",aloe vera,soothing,0,Skincare Dasar dan Hidrasi
erha face lips,erha,face lips,,,1,Perawatan Wajah dan Jerawat
aizen scar barrier,aizen,,,scar barrier,2,Anti-Aging dan Sunscreen
innisfree vitamin c tone up sunscreen spf50 pa mencerahkan wajah,innisfree,tone up sunscreen,vitamin c,spf50 pa mencerahkan wajah,3,Perawatan Kulit dan Pelembap
viva milk cleanser facial wajah membersihkan,viva,cleanser facial wajah,milk,membersihkan,2,Anti-Aging dan Sunscreen
lore crystal soap jerawat skin sabun wajah,lore,"sabun wajah, crystal soap",,jerawat skin,0,Skincare Dasar dan Hidrasi
erha jerawat cleanser scrub,erha,cleanser scrub,,jerawat,2,Anti-Aging dan Sunscreen
safi age defy serum,safi,serum,,age defy,2,Anti-Aging dan Sunscreen
viva cream extra care perawatan wajah pelembab mencerahkan vitamin a natural oil omega 3,viva,"pelembab, cream","vitamin a, omega 3","natural oil, extra care perawatan wajah, mencerahkan",0,Skincare Dasar dan Hidrasi
luxcrime ultra light sunscreen essence spf 50 pa,luxcrime,sunscreen essence,,"ultra light, spf 50 pa",3,Perawatan Kulit dan Pelembap
hayejin blessing of sprout vitality cream,hayejin,cream,,blessing of sprout vitality,1,Perawatan Wajah dan Jerawat
caudalie brightening glycolic essence pencerah wajah,caudalie,essence,glycolic,"pencerah wajah, brightening",2,Anti-Aging dan Sunscreen
glad2glow dark spot moisturizer,glad2glow,moisturizer,,dark spot,3,Perawatan Kulit dan Pelembap
alantoin allantoin,,,alantoin allantoin,,4,Brightening dan Perawatan Kulit Cerah
isdin vital eyes,isdin,,,vital eyes,1,Perawatan Wajah dan Jerawat
glad2glow vitamin c bright glow cleanser,glad2glow,cleanser,vitamin c,bright glow,4,Brightening dan Perawatan Kulit Cerah
martiderm night renew 30 ampoules,martiderm,,,night renew 30 ampoules,1,Perawatan Wajah dan Jerawat
true to skin hyaluronic hydrating barrier serum,true to skin,serum,hyaluronic,hydrating barrier,4,Brightening dan Perawatan Kulit Cerah
innisfree tone up watering sunscreen spf50 pa,innisfree,"tone up, sunscreen",,"watering, spf50 pa",0,Skincare Dasar dan Hidrasi
avoskin miraculous refining toner,avoskin,toner,,miraculous refining,2,Anti-Aging dan Sunscreen
finally found you soy bright moisturizer primer makeup gel pelembab cream siang malam,finally found you soy,moisturizer primer makeup gel pelembab cream,,"bright, siang malam",3,Perawatan Kulit dan Pelembap
abib sedum hyaluron pad hydrating touch,abib,"pad, sedum",hyaluron,hydrating touch,1,Perawatan Wajah dan Jerawat
pyunkang yul calming pore clear wash,pyunkang yul,,,calming pore clear wash,3,Perawatan Kulit dan Pelembap
mary may hyaluronics serum,mary may,serum,hyaluronics,,3,Perawatan Kulit dan Pelembap
esther toner,esther,toner,,,0,Skincare Dasar dan Hidrasi
beauty of joseon glow rice milk,beauty of joseon,,rice milk,glow,2,Anti-Aging dan Sunscreen
pyunkang yul jerawat facial cleanser,pyunkang yul,facial cleanser,,jerawat,3,Perawatan Kulit dan Pelembap
safi age defy youth,safi,,,age defy youth,0,Skincare Dasar dan Hidrasi
amaterasun sunscreen spf 50 pa,amaterasun,sunscreen,,spf 50 pa,3,Perawatan Kulit dan Pelembap
b erl berry jerawat treatment oil control cleanser facial sabun wajah mencerahkan,b erl,cleanser facial sabun wajah,berry,"mencerahkan, jerawat treatment oil control",3,Perawatan Kulit dan Pelembap
derma express triple cleansing,derma express,,,triple cleansing,2,Anti-Aging dan Sunscreen
heimish clean foam,heimish,foam,,clean,0,Skincare Dasar dan Hidrasi
rivya sleepcare serum facial wash moisturizer brightening cleanser,rivya,"serum facial wash moisturizer, cleanser",,"brightening, sleepcare",1,Perawatan Wajah dan Jerawat
viva white face cleanser soybean,viva,face cleanser,soybean,white,0,Skincare Dasar dan Hidrasi
susu cleanser wajah viva cucumber untuk kulit berminyak bernoda hitam,viva,cleanser wajah,"cucumber, susu",untuk kulit berminyak bernoda hitam,2,Anti-Aging dan Sunscreen
jumiso day vitamin glow facial toner,jumiso,facial toner,vitamin,"day, glow",2,Anti-Aging dan Sunscreen
somethinc calm down pha 3 soothing everyday toner,somethinc,toner,pha 3,"soothing everyday, calm down",2,Anti-Aging dan Sunscreen
dap jerawat puriying facial gel,dap,facial gel,,jerawat puriying,4,Brightening dan Perawatan Kulit Cerah
hada labo shirojyun cream,hada labo shirojyun,cream,,,3,Perawatan Kulit dan Pelembap
isdin eyes,isdin,,,eyes,4,Brightening dan Perawatan Kulit Cerah
wardah renew you ceramide martrixyl spf35 pa moisturizer,wardah,moisturizer,ceramide martrixyl,"renew you, spf35 pa",0,Skincare Dasar dan Hidrasi
johnson foaming wash,johnson,wash,,foaming,2,Anti-Aging dan Sunscreen
beaute glow brightening day cream spf 20,,cream,,"beaute glow brightening day, spf 20",0,Skincare Dasar dan Hidrasi
mary may white collagen cleansing foam,mary may,foam,collagen,"cleansing, white",4,Brightening dan Perawatan Kulit Cerah
ponds men white boost,ponds men,,,white boost,1,Perawatan Wajah dan Jerawat
elemis collagen rose serum,elemis,serum,collagen rose,,1,Perawatan Wajah dan Jerawat
adleeva daylight cream jerawat fighter night,adleeva,cream,,"jerawat fighter night, daylight",2,Anti-Aging dan Sunscreen
avoskin lactic acid kiwi niacinamide serum exfoliating untuk mencerahkan menghaluskan kulit,avoskin,serum,"niacinamide, kiwi, lactic acid",exfoliating untuk mencerahkan menghaluskan kulit,4,Brightening dan Perawatan Kulit Cerah
hyaluglow hydrating serum moisturizer,hyaluglow,serum moisturizer,,hydrating,4,Brightening dan Perawatan Kulit Cerah
natur e white bright glow tone up ringan vitamin gluthatione niacinamide toner moisturizer serum sunscreen spf 45 pa,natur e,"sunscreen, tone up ringan, toner moisturizer serum",vitamin gluthatione niacinamide,"white bright glow, spf 45 pa",1,Perawatan Wajah dan Jerawat
moisturizer,,moisturizer,,,2,Anti-Aging dan Sunscreen
dermies max bright treatment,dermies max,,,bright treatment,2,Anti-Aging dan Sunscreen
skin sake glycolic acid gel tranexamic,skin sake,gel,"tranexamic, glycolic acid",,4,Brightening dan Perawatan Kulit Cerah
some mi niacin anti blemish care cream,some mi,care cream,niacin,anti blemish,2,Anti-Aging dan Sunscreen
neutrogena deep clean foaming cleanser,neutrogena,foaming cleanser,,deep clean,2,Anti-Aging dan Sunscreen
kojiesan dream white anti - aging soap,kojiesan,soap,,dream white anti - aging,3,Perawatan Kulit dan Pelembap
wardah renew you retinol ceramide renewal serum,wardah,serum,"ceramide, retinol","renewal, renew you",2,Anti-Aging dan Sunscreen
gatsby cooling face wash oil control,gatsby,face wash,,"cooling, oil control",3,Perawatan Kulit dan Pelembap
erha21 erha moisturizer very dry skin wajah sangat kering,"erha21, erha",moisturizer,,very dry skin wajah sangat kering,0,Skincare Dasar dan Hidrasi
erha facial glow bright,erha,,,facial glow bright,3,Perawatan Kulit dan Pelembap
leoleo white face serum pencerah kulit wajah pria mencerahkan,leoleo,face serum,,"pencerah kulit wajah pria mencerahkan, white",3,Perawatan Kulit dan Pelembap
caudalie resveratrol lift firming eye gel cream mata,caudalie,gel cream,resveratrol,"lift firming eye, mata",0,Skincare Dasar dan Hidrasi
from this island plumping cream,from this island,cream,plumping,,0,Skincare Dasar dan Hidrasi
wardah lightening face toner,wardah,face toner,,lightening,1,Perawatan Wajah dan Jerawat
viva white clean mask refreshner skin,viva,mask,,"refreshner skin, white clean",2,Anti-Aging dan Sunscreen
cetaphil daily exfoliating cleanser,cetaphil,cleanser,,daily exfoliating,0,Skincare Dasar dan Hidrasi
viva rose face mist mawar,viva,face mist,"rose, mawar",,4,Brightening dan Perawatan Kulit Cerah
organic supply co pure argan oil,organic supply co pure,,argan oil,,2,Anti-Aging dan Sunscreen
kahf bright revitalizing amino gel face wash sabun cuci wajah pria,kahf,gel face wash sabun cuci wajah pria,amino,bright revitalizing,4,Brightening dan Perawatan Kulit Cerah
wardah white night cream,wardah,cream,,"night, white",1,Perawatan Wajah dan Jerawat
ponds cream oily skin,ponds,cream,,oily skin,3,Perawatan Kulit dan Pelembap
amaterasun uv sunscreen serum spf50 pa ringan untuk wajah anti kusam protection glowing finish,amaterasun,sunscreen serum,,"uv, spf50 pa ringan untuk wajah anti kusam protection glowing finish",3,Perawatan Kulit dan Pelembap
caudalie resveratrol lift firming cream,caudalie,cream,,resveratrol lift firming,0,Skincare Dasar dan Hidrasi
skintific aha bha exfoliating toner,skintific,toner,aha bha,exfoliating,1,Perawatan Wajah dan Jerawat
skintific glycolic acid daily clarifying toner exfoliating untuk kulit kusam jerawat mencerahkan wajah,skintific,toner,glycolic acid,"exfoliating untuk kulit kusam jerawat mencerahkan wajah, daily clarifying",0,Skincare Dasar dan Hidrasi
klairs midnight blue youth activating drop serum,klairs,serum,,midnight blue youth activating drop,0,Skincare Dasar dan Hidrasi
skintific niacinamide brightening essence toner glowing birghtening untuk pencerah wajah,skintific,essence toner,niacinamide,"brightening, glowing birghtening untuk pencerah wajah",3,Perawatan Kulit dan Pelembap
studio tropik rescue rx antibacterial face mist,studio tropik rescue rx,face mist,,antibacterial,1,Perawatan Wajah dan Jerawat
labore sensitive skin nutrition gel,labore,gel,,"skin nutrition, sensitive",2,Anti-Aging dan Sunscreen
safi white expert oil control facial cleanser toner,safi,facial cleanser toner,,white expert oil control,3,Perawatan Kulit dan Pelembap
sk ii,sk ii,,,,4,Brightening dan Perawatan Kulit Cerah
abib rose,abib,,rose,,0,Skincare Dasar dan Hidrasi
,,,,,4,Brightening dan Perawatan Kulit Cerah
roro mendut scrub wajah white lulur anti jerawat brotowali,"brotowali, roro mendut","lulur, scrub wajah",,"anti jerawat, white",2,Anti-Aging dan Sunscreen
npure centella asiatica jerawat toner merawat skin barrier,npure,toner,centella asiatica,"jerawat, merawat skin barrier",0,Skincare Dasar dan Hidrasi
emulgade,emulgade,,,,0,Skincare Dasar dan Hidrasi
skin game basic dry,skin game,,,basic dry,0,Skincare Dasar dan Hidrasi
skinlife clear facial foam,skinlife,facial foam,,clear,4,Brightening dan Perawatan Kulit Cerah
panty o ladies disposable,panty o,,,ladies disposable,3,Perawatan Kulit dan Pelembap
jumiso hyaluronic acid toner,jumiso,toner,hyaluronic acid,,3,Perawatan Kulit dan Pelembap
dermies max photopurifying,dermies max,,,photopurifying,1,Perawatan Wajah dan Jerawat
tirtir ceramic milk ampoule,tirtir,,ceramic milk,ampoule,2,Anti-Aging dan Sunscreen
lacoco aloe vera soothing mist,lacoco,mist,aloe vera,soothing,1,Perawatan Wajah dan Jerawat
abib sedum hyaluron hydrating,abib,,sedum hyaluron,hydrating,2,Anti-Aging dan Sunscreen
wardah make up barrier glow youth renewal matte radiant touch,wardah,,,"glow youth renewal matte radiant touch, make up barrier",4,Brightening dan Perawatan Kulit Cerah
wardah acnederm pore blackhead balm,wardah,balm,,acnederm pore blackhead,1,Perawatan Wajah dan Jerawat
pigeon teens complete your squad facial remaja,pigeon teens,,,complete your squad facial remaja,3,Perawatan Kulit dan Pelembap
isntree niacinamide serum,isntree,serum,niacinamide,,2,Anti-Aging dan Sunscreen
numbuzin daily multi vitamin cream,numbuzin,cream,vitamin,daily multi,3,Perawatan Kulit dan Pelembap
wardah uv shield jerawat calming sunscreen moisturizer spf35 pa,wardah,sunscreen moisturizer,,"spf35 pa, uv shield jerawat calming",3,Perawatan Kulit dan Pelembap
innisfree bha pore cleansing foam sabun cleanser wajah untuk kulit berminyak,innisfree,foam sabun cleanser wajah,bha,"untuk kulit berminyak, pore cleansing",4,Brightening dan Perawatan Kulit Cerah
bhumi anti - aging bakuchiol oil,bhumi,,bakuchiol oil,anti - aging,2,Anti-Aging dan Sunscreen
carasun healthy uv protector spf 50 pa,carasun,,,"healthy, uv protector spf 50 pa",1,Perawatan Wajah dan Jerawat
holika sun cream spf 50 pa,holika,sun cream,,spf 50 pa,2,Anti-Aging dan Sunscreen
natur e advanced intensive firming moisturizer gel,natur e,moisturizer gel,,advanced intensive firming,2,Anti-Aging dan Sunscreen
base day quick comfort face mist,base day,face mist,,quick comfort,4,Brightening dan Perawatan Kulit Cerah
somethinc calm down pha 3 soothing everyday toner,somethinc,toner,pha 3,"soothing everyday, calm down",2,Anti-Aging dan Sunscreen
somethinc acnedot treatment low ph cleanser,somethinc,cleanser,,acnedot treatment low ph,2,Anti-Aging dan Sunscreen
breylee sunscreen,breylee,sunscreen,,,1,Perawatan Wajah dan Jerawat
herbitus skin tonic,herbitus,skin tonic,,,1,Perawatan Wajah dan Jerawat
neutrogena hydro boost hydrating fluid spf50,neutrogena hydro,,fluid,"boost hydrating, spf50",2,Anti-Aging dan Sunscreen
mustika ratu penyegar gambir toner perawatan wajah,mustika ratu,toner,gambir,"perawatan wajah, penyegar",0,Skincare Dasar dan Hidrasi
vanav time white alat kecantikan,vanav time,alat kecantikan,,white,1,Perawatan Wajah dan Jerawat
clinelle aha cleanser,clinelle,cleanser,aha,,3,Perawatan Kulit dan Pelembap
clinelle whitenup brightening night cream,clinelle,cream,,whitenup brightening night,3,Perawatan Kulit dan Pelembap
dermabright,dermabright,,,,2,Anti-Aging dan Sunscreen
beneath bhumi essence toner,beneath bhumi,essence toner,,,2,Anti-Aging dan Sunscreen
brightening aging ginseng essence jumiso snail mucin peptide facial,jumiso snail,"essence, facial","peptide, ginseng, mucin",brightening aging,0,Skincare Dasar dan Hidrasi
labore sensitive cleanser,labore,cleanser,,sensitive,1,Perawatan Wajah dan Jerawat
erha21 erha peeling,"erha21, erha",,,peeling,2,Anti-Aging dan Sunscreen
dermaster brightening,dermaster,,,brightening,1,Perawatan Wajah dan Jerawat
garnier facial wash sensitive gel,garnier,"facial wash, gel",,sensitive,3,Perawatan Kulit dan Pelembap
wardah jerawat spot treatment gel,wardah,gel,,jerawat spot treatment,4,Brightening dan Perawatan Kulit Cerah
senka foam jerawat care,senka,foam,,jerawat care,3,Perawatan Kulit dan Pelembap
kiehl facial cleanser,kiehl,facial cleanser,,,4,Brightening dan Perawatan Kulit Cerah
softymo speedy cleansing oil makeup remover cleanser,softymo,cleanser,,speedy cleansing oil makeup remover,2,Anti-Aging dan Sunscreen
somethinc low ph jelly cleanser,somethinc,jelly cleanser,,low ph,4,Brightening dan Perawatan Kulit Cerah
leoleo leoelo sunscreen pria uv filter spf 50 pa,"leoelo, leoleo",sunscreen,,"pria, uv filter spf 50 pa",4,Brightening dan Perawatan Kulit Cerah
wardah defense face mist,wardah,face mist,,defense,2,Anti-Aging dan Sunscreen
safi white expert skin refiner,safi,,,white expert skin refiner,0,Skincare Dasar dan Hidrasi
caudalie brightening foam sabun cleanser wajah,caudalie,foam sabun cleanser wajah,,brightening,3,Perawatan Kulit dan Pelembap
elizabeth arden spf50,elizabeth arden,,,spf50,3,Perawatan Kulit dan Pelembap
npure probiotics moisturizer,npure,moisturizer,probiotics,,2,Anti-Aging dan Sunscreen
avoskin retinol ampoule,avoskin,,retinol,ampoule,1,Perawatan Wajah dan Jerawat
esther cream wajah untuk kulit sangat kering,esther,cream wajah,,untuk kulit sangat kering,4,Brightening dan Perawatan Kulit Cerah
rose day cleansing balm,rose day,balm,,cleansing,4,Brightening dan Perawatan Kulit Cerah
elizabeth arden visible difference refining moisturizer cream,elizabeth arden,moisturizer cream,,visible difference refining,2,Anti-Aging dan Sunscreen
avoskin alpha arbutin grapeseed,avoskin,,"grapeseed, alpha arbutin",,4,Brightening dan Perawatan Kulit Cerah
mary may vitamin c bifida lotion,mary may,lotion,vitamin c bifida,,0,Skincare Dasar dan Hidrasi
innisfree uv active poreless sunscreen spf50 pa untuk menyamarkan merawat pori,innisfree,sunscreen,,"uv active poreless, spf50 pa untuk menyamarkan merawat pori",0,Skincare Dasar dan Hidrasi
ponds white beauty serum,ponds,serum,,white beauty,0,Skincare Dasar dan Hidrasi
emina bright moisturizing cream,emina,cream,,"moisturizing, bright",4,Brightening dan Perawatan Kulit Cerah
qvs face razor,qvs,face razor,,,1,Perawatan Wajah dan Jerawat
numbuzin centella toner pad,numbuzin,toner pad,centella,,0,Skincare Dasar dan Hidrasi
bright anti - aging,,,,"bright, anti - aging",1,Perawatan Wajah dan Jerawat
innisfree green tea hyaluronic moisturizer serum spf 50 pa,innisfree,"moisturizer, serum",green tea hyaluronic,spf 50 pa,0,Skincare Dasar dan Hidrasi
mixsoon toner,mixsoon,toner,,,0,Skincare Dasar dan Hidrasi
,,,,,0,Skincare Dasar dan Hidrasi
skintific jerawat,skintific,,,jerawat,1,Perawatan Wajah dan Jerawat
dexskin derma express exfoliating solution succinic acid glycolic,dexskin derma express,,succinic acid glycolic,exfoliating solution,1,Perawatan Wajah dan Jerawat
esther cream,esther,cream,,,3,Perawatan Kulit dan Pelembap
lacoco darkspot essence,lacoco,essence,,darkspot,4,Brightening dan Perawatan Kulit Cerah
studio tropik oil cleanser,studio tropik,cleanser,,oil,3,Perawatan Kulit dan Pelembap
erha21 erha facial wash normal skin sabun wajah kulit mencerahkan,"erha21, erha","facial wash, sabun wajah",,"normal skin, kulit mencerahkan",0,Skincare Dasar dan Hidrasi
erha21 exfoliating cleansing scrub untuk kulit berminyak bha niacinamide,erha21,scrub,bha niacinamide,"exfoliating cleansing, untuk kulit berminyak",3,Perawatan Kulit dan Pelembap
erha facial timeless youth,erha,,,facial timeless youth,3,Perawatan Kulit dan Pelembap
innisfree vitamin e real cleansing foam,innisfree,foam,vitamin e,real cleansing,1,Perawatan Wajah dan Jerawat
judydoll sun defense moisturizer,judydoll,moisturizer,,sun defense,0,Skincare Dasar dan Hidrasi
garnier men acno fight brightening foam,garnier men,"acno fight, foam",,brightening,4,Brightening dan Perawatan Kulit Cerah
haruharu black rice hyaluronic toner,haruharu,toner,black rice hyaluronic,,4,Brightening dan Perawatan Kulit Cerah
scarlett white brightening,scarlett,,,"brightening, white",0,Skincare Dasar dan Hidrasi
safi age defy youth,safi,,,age defy youth,2,Anti-Aging dan Sunscreen
abib sunstick smoothing,abib,sunstick,,smoothing,3,Perawatan Kulit dan Pelembap
emina oat amino barrier low ph cleanser,emina,cleanser,oat amino,barrier low ph,0,Skincare Dasar dan Hidrasi
votre peau lavender facial cleanser,votre peau,facial cleanser,lavender,,0,Skincare Dasar dan Hidrasi
sea quill calendula soothing gel,sea quill,gel,calendula,soothing,2,Anti-Aging dan Sunscreen
crystallure activating overnight cream,crystallure,cream,,activating overnight,4,Brightening dan Perawatan Kulit Cerah
2 nivea sunscreen face serum extra protect instant aura spf50 pa sunblock mencerahkan brightening tone up spf uv lightweight tekstur ringan cepat meresap tidak lengket no whitecast licorice,2 nivea,"tone up, sunscreen face serum, sunblock",licorice,"extra protect instant aura spf50 pa, mencerahkan brightening, spf uv lightweight tekstur ringan cepat meresap tidak lengket no whitecast",0,Skincare Dasar dan Hidrasi
neogen bio peel gauze peeling green tea,neogen bio,peel gauze,green tea,peeling,4,Brightening dan Perawatan Kulit Cerah
wardah day moisturizer,wardah,moisturizer,,day,3,Perawatan Kulit dan Pelembap
safi age defy cream cleanser deep moisturizing,safi,cream cleanser,,"deep moisturizing, age defy",4,Brightening dan Perawatan Kulit Cerah
from this island plumping cream moisturizer brightening hydrating anti - aging,from this island,cream moisturizer,plumping,brightening hydrating anti - aging,1,Perawatan Wajah dan Jerawat
sk ii facial treatment essence,sk ii,essence,,facial treatment,1,Perawatan Wajah dan Jerawat
rivya timeless beauty,rivya,,,timeless beauty,4,Brightening dan Perawatan Kulit Cerah
b erl skin reborn retinol serum anti - aging bakuchiol hydroxypinacolone retinoate mencerahkan mengencangkan kerutan,b erl,serum,"bakuchiol hydroxypinacolone retinoate, retinol","mencerahkan mengencangkan kerutan, skin reborn, anti - aging",2,Anti-Aging dan Sunscreen
esther serum pengencangan,esther,serum,,pengencangan,4,Brightening dan Perawatan Kulit Cerah
natur e advanced age re juve glow intensive ultra light sun protection spf 45 pa sunscreen wajah ringan melembabkan meremajakan kulit vitamin astaxanthin,natur e,sunscreen,vitamin astaxanthin,"advanced age re juve glow intensive ultra light sun protection spf 45 pa, wajah ringan melembabkan meremajakan kulit",4,Brightening dan Perawatan Kulit Cerah
skin sake anti - aging melawan penuaan menghaluskan garis halus meratakan tekstur warna kulit wajah,skin sake,,,anti - aging melawan penuaan menghaluskan garis halus meratakan tekstur warna kulit wajah,1,Perawatan Wajah dan Jerawat
avoskin lactic acid kiwi niacinamide,avoskin,,"niacinamide, kiwi, lactic acid",,3,Perawatan Kulit dan Pelembap
bio beauty lab jerawat care,bio beauty lab,,,jerawat care,3,Perawatan Kulit dan Pelembap
numbuzin sleep mask serum,numbuzin,sleep mask serum,,,3,Perawatan Kulit dan Pelembap
toner hydrating exfoliating,,toner,,hydrating exfoliating,4,Brightening dan Perawatan Kulit Cerah
aizen jerawat scar perawatan treatment,aizen,,,"jerawat scar, perawatan treatment",4,Brightening dan Perawatan Kulit Cerah
wardah bright creamy foam oil control,wardah,creamy foam,,"bright, oil control",4,Brightening dan Perawatan Kulit Cerah
acnes creamy wash,acnes creamy,wash,,,0,Skincare Dasar dan Hidrasi
glowlabs soothe and shoot spf,glowlabs,,,"spf, soothe and shoot",1,Perawatan Wajah dan Jerawat
caudalie micellar cleansing water penghapus makeup,caudalie,"micellar, water",,"penghapus makeup, cleansing",1,Perawatan Wajah dan Jerawat
skintific pore clay stick,skintific,clay stick,,pore,1,Perawatan Wajah dan Jerawat
pinkberry glow brightening cleanser,,cleanser,pinkberry,glow brightening,3,Perawatan Kulit dan Pelembap
safi age defy essence,safi,essence,,age defy,0,Skincare Dasar dan Hidrasi
sk ii facial treatment repair,sk ii,,,facial treatment repair,0,Skincare Dasar dan Hidrasi
kose speedy cleansing makeup remover,kose,,,"makeup remover, speedy cleansing",0,Skincare Dasar dan Hidrasi
bhumi moisturizer,bhumi,moisturizer,,,3,Perawatan Kulit dan Pelembap
innisfree orchid eye cream,innisfree,cream,orchid,eye,2,Anti-Aging dan Sunscreen
mary may centella asiatica serum,mary may,serum,centella asiatica,,2,Anti-Aging dan Sunscreen
beneath moisturizer,beneath,moisturizer,,,4,Brightening dan Perawatan Kulit Cerah
diri essentials facial cleanser,diri,"facial cleanser, essentials",,,2,Anti-Aging dan Sunscreen
clinelle caviar firming cleanser,clinelle,cleanser,caviar,firming,2,Anti-Aging dan Sunscreen
hada labo gokujyun ultimate anti - aging lotion,hada labo gokujyun,lotion,anti,"ultimate, - aging",2,Anti-Aging dan Sunscreen
rose day sunscreen airy drop spf 50 pa,rose day,sunscreen,,airy drop spf 50 pa,4,Brightening dan Perawatan Kulit Cerah
clean clear oil controling toner,clean clear,toner,,oil controling,3,Perawatan Kulit dan Pelembap
b erl face toner hyaluronic acid melembapkan menyegarkan wajah,b erl,face toner,hyaluronic acid,melembapkan menyegarkan wajah,0,Skincare Dasar dan Hidrasi
d alba white spray serum,d alba,spray serum,,white,4,Brightening dan Perawatan Kulit Cerah
tavi 5 pha bha retexture toner,tavi 5,toner,pha bha,retexture,0,Skincare Dasar dan Hidrasi
rei skin,rei skin,,,,2,Anti-Aging dan Sunscreen
mary may cica tea tree aha pha blemish toner,mary may,blemish toner,cica tea tree aha pha,,2,Anti-Aging dan Sunscreen
2 nivea men facial foam deep jerawat oil clear face scrub sabun cuci wajah pria membersihkan bakteri penyebab komedo kontrol kulit berminyak mengecilkan pori angkat sel mati himalayan salt salicylic acid,2 nivea men,"facial foam, face scrub sabun cuci wajah pria",himalayan salt salicylic acid,"membersihkan bakteri penyebab komedo kontrol kulit berminyak mengecilkan pori angkat sel mati, deep jerawat oil clear",0,Skincare Dasar dan Hidrasi
b erl berry jerawat treatment oil control sunscreen oily kulit berminyak mencerahkan,b erl,sunscreen,berry,"oily kulit berminyak, mencerahkan, jerawat treatment oil control",2,Anti-Aging dan Sunscreen
jumiso soothing cica aloe facial serum,jumiso,facial serum,cica aloe,soothing,3,Perawatan Kulit dan Pelembap
bhumi defense daily sunscreen,bhumi,sunscreen,,defense daily,1,Perawatan Wajah dan Jerawat
b erl flek booster serum peeling retinol sunscreen,b erl,"sunscreen, serum",retinol,"booster, peeling, flek",0,Skincare Dasar dan Hidrasi
house of hur brightening skin essence pad,house of hur,essence pad,,brightening skin,0,Skincare Dasar dan Hidrasi
skintific niacinamide brightening serum pencerah wajah anti kusam noda hitam membuat glowing,skintific,serum,niacinamide,"brightening, pencerah wajah anti kusam noda hitam membuat glowing",0,Skincare Dasar dan Hidrasi
sebamed clear face foam,sebamed,face foam,,clear,1,Perawatan Wajah dan Jerawat
skin sake mandelic acid gel niacinamide,skin sake,gel,"niacinamide, mandelic acid",,0,Skincare Dasar dan Hidrasi
avoskin the great shield sun essence spf 50 pa,avoskin,essence,,"the great shield sun, spf 50 pa",4,Brightening dan Perawatan Kulit Cerah
cerave blemish control cleanser daily face jerawat prone skin,cerave,cleanser,,"daily, face jerawat prone skin, blemish control",4,Brightening dan Perawatan Kulit Cerah
labore sensitive sebum jerawat cleansing mousse,labore,,,"sebum jerawat cleansing mousse, sensitive",0,Skincare Dasar dan Hidrasi
emina bright face serum,emina,face serum,,bright,3,Perawatan Kulit dan Pelembap
skin sake cream moisturizer urea squalane,skin sake,cream moisturizer,urea squalane,,0,Skincare Dasar dan Hidrasi
biore men facial foam cool oil,biore men,facial foam,,cool oil,4,Brightening dan Perawatan Kulit Cerah
tavi cica sun shield,tavi,,cica,sun shield,1,Perawatan Wajah dan Jerawat
ponds age miracle youthful glow night cream moisturizer,ponds,cream moisturizer,,age miracle youthful glow night,2,Anti-Aging dan Sunscreen
skintific niacinamide bright boost clay stick,skintific,clay stick,niacinamide,bright boost,3,Perawatan Kulit dan Pelembap
rei skin betel leaf glycolic acid jerawat body wash,rei skin,body wash,betel leaf glycolic acid,jerawat,2,Anti-Aging dan Sunscreen
you radiance glow active night gel,you,gel,,radiance glow active night,3,Perawatan Kulit dan Pelembap
facerinna low ph gel cleanser,facerinna,gel cleanser,,low ph,0,Skincare Dasar dan Hidrasi
safi white expert deep exfoliating,safi,,,white expert deep exfoliating,0,Skincare Dasar dan Hidrasi
tavi shield mist,tavi,mist,,shield,3,Perawatan Kulit dan Pelembap
wardah lightening face mist,wardah,face mist,,lightening,2,Anti-Aging dan Sunscreen
abib spot pad calming touch,abib,spot pad,,calming touch,2,Anti-Aging dan Sunscreen
viva eye base gel vitamin treatment,viva,gel,vitamin,"treatment, eye base",4,Brightening dan Perawatan Kulit Cerah
sk ii essentials,sk ii,essentials,,,1,Perawatan Wajah dan Jerawat
retinol ceramide capsules skin renewing serum,,"capsules, serum","ceramide, retinol",skin renewing,0,Skincare Dasar dan Hidrasi
elizabeth arden hyaluronic acid ceramide capsules hydra plumping serum,elizabeth arden,"capsules, serum",hyaluronic acid ceramide,hydra plumping,0,Skincare Dasar dan Hidrasi
heimish matcha calming gel moisturizer,heimish,gel moisturizer,matcha,calming,2,Anti-Aging dan Sunscreen
skintific acid jerawat gel cleanser,skintific,gel cleanser,acid,jerawat,2,Anti-Aging dan Sunscreen
garnier light complete white speed brightening scrub foam,garnier,scrub foam,,light complete white speed brightening,3,Perawatan Kulit dan Pelembap
d alba balm,d alba,balm,,,1,Perawatan Wajah dan Jerawat
mixsoon centella sun cream,mixsoon,sun cream,centella,,3,Perawatan Kulit dan Pelembap
esther radiant night cream,esther,cream,,radiant night,3,Perawatan Kulit dan Pelembap
emina sun battle spf35 pa,emina,,,sun battle spf35 pa,2,Anti-Aging dan Sunscreen
dermaster mild foam cleanser,dermaster,foam cleanser,,mild,3,Perawatan Kulit dan Pelembap
jumiso snail mucin peptide facial essence,jumiso,facial essence,"peptide, snail mucin",,4,Brightening dan Perawatan Kulit Cerah
labore sensitive barrier revive cream,labore,cream,,"sensitive, barrier revive",0,Skincare Dasar dan Hidrasi
viva revitalizing eye cream vitamin,viva,cream,vitamin,revitalizing eye,0,Skincare Dasar dan Hidrasi
somethinc hyaluronic9 essence toner,somethinc,essence toner,hyaluronic9,,3,Perawatan Kulit dan Pelembap
anessa uv sunscreen gel spf 50 pa,anessa,"gel, sunscreen",,"uv, spf 50 pa",0,Skincare Dasar dan Hidrasi
garnier bright complete vitamin c,garnier,,vitamin c,bright complete,1,Perawatan Wajah dan Jerawat
numbuzin glowing essence toner,numbuzin,essence toner,,glowing,0,Skincare Dasar dan Hidrasi
tlf,tlf,,,,1,Perawatan Wajah dan Jerawat
mixsoon essence,mixsoon,essence,,,0,Skincare Dasar dan Hidrasi
animate mango salmon dna glowing gel,animate,gel,mango salmon dna,glowing,2,Anti-Aging dan Sunscreen
elizabeth arden prevage treatment boosting cleanser,elizabeth arden,cleanser,,prevage treatment boosting,4,Brightening dan Perawatan Kulit Cerah
viva air mawar rose penyegar,viva,penyegar,air mawar rose,,0,Skincare Dasar dan Hidrasi
pyunkang yul ultimate calming solution toner,pyunkang yul,toner,,ultimate calming solution,0,Skincare Dasar dan Hidrasi
esther derma bright foaming facial wash cleanser wajah,esther,foaming facial wash cleanser wajah,,derma bright,1,Perawatan Wajah dan Jerawat
caudalie high protection stick,caudalie,stick,,high protection,4,Brightening dan Perawatan Kulit Cerah
somethinc low ph gentle jelly cleanser,somethinc,gentle jelly cleanser,,low ph,4,Brightening dan Perawatan Kulit Cerah
innisfree black tea youth enhancing ampoule serum anti - aging untuk segarkan kulit lelah,innisfree,serum,black tea,"youth enhancing ampoule, anti - aging untuk segarkan kulit lelah",4,Brightening dan Perawatan Kulit Cerah
isntree hyaluronic acid stick,isntree,stick,hyaluronic acid,,2,Anti-Aging dan Sunscreen
surfaktan decyl glucoside,,,surfaktan decyl glucoside,,1,Perawatan Wajah dan Jerawat
avoskin vitamin c wrinkle balm moisturizing stick,avoskin,"balm, stick",vitamin c,"moisturizing, wrinkle",4,Brightening dan Perawatan Kulit Cerah
cetaphil skin renewing cleanser gel,cetaphil,cleanser gel,,skin renewing,1,Perawatan Wajah dan Jerawat
nature soothing moisturizer aloe 92 gel,nature,"gel, moisturizer",aloe 92,soothing,3,Perawatan Kulit dan Pelembap
skin sake lactic acid gel alpha arbutin,skin sake,gel,"lactic acid, alpha arbutin",,1,Perawatan Wajah dan Jerawat
avoskin vitamin c serum,avoskin,serum,vitamin c,,4,Brightening dan Perawatan Kulit Cerah
kahf matte sunscreen stick,kahf,matte sunscreen stick,,,0,Skincare Dasar dan Hidrasi
viva cucumber toner wajah,viva,toner wajah,cucumber,,4,Brightening dan Perawatan Kulit Cerah
tlf tempat tusuk gigi,tlf,tempat tusuk gigi,,,2,Anti-Aging dan Sunscreen
safi jerawat expert soothing gel moisturizer,safi,gel moisturizer,,jerawat expert soothing,4,Brightening dan Perawatan Kulit Cerah
dermaster,dermaster,,,,0,Skincare Dasar dan Hidrasi
jf anti jerawat protect mild care cleanser,jf,cleanser,,anti jerawat protect mild care,2,Anti-Aging dan Sunscreen
erha acneact oil jerawat control facial cleanser,erha,facial cleanser,,acneact oil jerawat control,3,Perawatan Kulit dan Pelembap
esther face mist,esther,face mist,,,0,Skincare Dasar dan Hidrasi
caudalie serum enhancing anti noda hitam,caudalie,serum,,enhancing anti noda hitam,4,Brightening dan Perawatan Kulit Cerah
the originote eye serum,the originote,serum,,eye,0,Skincare Dasar dan Hidrasi
elemis collagen serum,elemis,serum,collagen,,1,Perawatan Wajah dan Jerawat
roro mendut untuk jerawat tlf,"tlf, roro mendut",,,untuk jerawat,2,Anti-Aging dan Sunscreen
ms glow,ms glow,,,,3,Perawatan Kulit dan Pelembap
caudalie grape face mist,caudalie,face mist,grape,,2,Anti-Aging dan Sunscreen
elizabeth arden ceramide retinol eye treatment,elizabeth arden,,ceramide retinol,eye treatment,0,Skincare Dasar dan Hidrasi
true to skin spf 50 pa,true to skin,,,spf 50 pa,1,Perawatan Wajah dan Jerawat
cave face wash brightening,cave,face wash,,brightening,3,Perawatan Kulit dan Pelembap
hada labo tamagohada mild peeling face wash,hada labo tamagohada,face wash,,mild peeling,2,Anti-Aging dan Sunscreen
hada labo moisturizer milk,hada labo,moisturizer,milk,,4,Brightening dan Perawatan Kulit Cerah
revlon milk toner,revlon,toner,milk,,4,Brightening dan Perawatan Kulit Cerah
acnes creamy wash,acnes creamy,wash,,,3,Perawatan Kulit dan Pelembap
vaseline lip care,vaseline,lip care,,,2,Anti-Aging dan Sunscreen
esther bye aging skin,esther,,,bye aging skin,4,Brightening dan Perawatan Kulit Cerah
aizen scar barrier,aizen,,,scar barrier,1,Perawatan Wajah dan Jerawat
erha vitamin c peptides brightening serum,erha,serum,vitamin c peptides,brightening,1,Perawatan Wajah dan Jerawat
dermies max bright facial comedo extraction,dermies max,,,"bright, facial comedo extraction",3,Perawatan Kulit dan Pelembap
dermies max glow,dermies max,,,glow,4,Brightening dan Perawatan Kulit Cerah
b erl intense moisturizing facial wash pencuci wajah mencerahkan membersihkan kotoran,b erl,facial wash pencuci wajah,,"intense moisturizing, mencerahkan membersihkan kotoran",4,Brightening dan Perawatan Kulit Cerah
facetology triple care facial gel cleanser,facetology,facial gel cleanser,,triple care,0,Skincare Dasar dan Hidrasi
gel gamat moisturizer kolagen teripang gliserin regenerasi kerusakan kulit,,gel gamat moisturizer,kolagen teripang gliserin,regenerasi kerusakan kulit,0,Skincare Dasar dan Hidrasi
glad2glow pomegranate niacinamide brightening moisturizer,glad2glow,moisturizer,"niacinamide, pomegranate",brightening,0,Skincare Dasar dan Hidrasi
tocobo berry pore toner,tocobo,toner,berry,pore,0,Skincare Dasar dan Hidrasi
beneath bhumi essence toner,beneath bhumi,essence toner,,,4,Brightening dan Perawatan Kulit Cerah
somethinc hyaluronic9 essence toner,somethinc,essence toner,hyaluronic9,,2,Anti-Aging dan Sunscreen
elemis collagen serum wajah,elemis,serum wajah,collagen,,1,Perawatan Wajah dan Jerawat
somethinc calm down skinpair cream pelembab wajah moisturizer untuk kulit sensitif menjaga skin barrier,somethinc,cream pelembab wajah moisturizer,,"calm down skinpair, untuk kulit sensitif menjaga skin barrier",2,Anti-Aging dan Sunscreen
ultima ii clear white supreme protective day lotion spf 30 pa,ultima ii,lotion,,"clear white supreme protective day, spf 30 pa",0,Skincare Dasar dan Hidrasi
cosrx ultra light invisible sunscreen spf50 pa,cosrx,sunscreen,,"spf50 pa, ultra light invisible",3,Perawatan Kulit dan Pelembap
emina sun battle spf 35 pa jerawat clear cica allantoin airy soothing,emina,,cica allantoin,"airy soothing, sun battle spf 35 pa jerawat clear",0,Skincare Dasar dan Hidrasi
joylab moisturizer,joylab,moisturizer,,,4,Brightening dan Perawatan Kulit Cerah
skintific salicylic acid anti jerawat serum,skintific,serum,salicylic acid,anti jerawat,1,Perawatan Wajah dan Jerawat
ponds age miracle youthful glow day cream moisturizer,ponds,cream moisturizer,,age miracle youthful glow day,0,Skincare Dasar dan Hidrasi
base ultra soothe natural sunscreen spf 50 pa,base ultra,sunscreen,,"soothe natural, spf 50 pa",3,Perawatan Kulit dan Pelembap
azarine hydramax c sunscreen serum spf 50 pa,azarine,sunscreen serum,c,"hydramax, spf 50 pa",1,Perawatan Wajah dan Jerawat
dear me beauty skin barrier cream,dear me beauty,cream,,skin barrier,3,Perawatan Kulit dan Pelembap
clinelle uv defense spf50 pa,clinelle,,,uv defense spf50 pa,1,Perawatan Wajah dan Jerawat
skintific centella jerawat calming toner,skintific,toner,centella,jerawat calming,0,Skincare Dasar dan Hidrasi
wardah renew you retinol rejuvenate night moisturizer,wardah,moisturizer,retinol,"renew you, rejuvenate night",1,Perawatan Wajah dan Jerawat
b erl intense lightening day cream perawatan wajah mencerahkan niacinamide,b erl,cream,niacinamide,"perawatan wajah mencerahkan, intense lightening day",0,Skincare Dasar dan Hidrasi
belif cleanser,belif,cleanser,,,2,Anti-Aging dan Sunscreen
erha brightening milky essence,erha,essence,milky,brightening,0,Skincare Dasar dan Hidrasi
erha ultracalm face toner,erha,toner,,ultracalm face,0,Skincare Dasar dan Hidrasi
dermaster wrinkle care brightening,dermaster,,,wrinkle care brightening,4,Brightening dan Perawatan Kulit Cerah
somethinc propolis mist face hydrating menghidrasi kulit sepanjang hari,somethinc,mist face,propolis,hydrating menghidrasi kulit sepanjang hari,2,Anti-Aging dan Sunscreen
skin game cream moisturizer pelembab wajah untuk kulit sensitif hydrating menjaga barrier,skin game,cream moisturizer pelembab wajah,,untuk kulit sensitif hydrating menjaga barrier,0,Skincare Dasar dan Hidrasi
cosrx aha bha clarifying treatment toner,cosrx,toner,aha bha,clarifying treatment,2,Anti-Aging dan Sunscreen
skintific ceramide barrier repair serum hydrating untuk memperbaiki kulit sensitif,skintific,serum,ceramide,"barrier repair, hydrating untuk memperbaiki kulit sensitif",1,Perawatan Wajah dan Jerawat
house of hur brightening skin essence pad,house of hur,essence pad,,brightening skin,3,Perawatan Kulit dan Pelembap
dermaster lavijue wrinkle care serum,dermaster lavijue,serum,,wrinkle care,2,Anti-Aging dan Sunscreen
cetaphil cleanser,cetaphil,cleanser,,,0,Skincare Dasar dan Hidrasi
wardah micellar water bright nature daily lightening cleanser make up waterproof wajah,wardah,"cleanser, micellar water",,"make up waterproof wajah, bright nature daily lightening",3,Perawatan Kulit dan Pelembap
wardah renew you anti - aging facial wash,wardah,facial wash,,renew you anti - aging,3,Perawatan Kulit dan Pelembap
wardah white brightening eye cream,wardah,cream,,"brightening eye, white",3,Perawatan Kulit dan Pelembap
wardah white day cream,wardah,cream,,"day, white",3,Perawatan Kulit dan Pelembap
d alba white spray serum,d alba,spray serum,,white,1,Perawatan Wajah dan Jerawat
safi jerawat sebum cleanser,safi,cleanser,,"jerawat, sebum",2,Anti-Aging dan Sunscreen
lore eye care cream,lore,cream,,eye care,4,Brightening dan Perawatan Kulit Cerah
haruharu black rice hyaluronic essence,haruharu,essence,black rice hyaluronic,,4,Brightening dan Perawatan Kulit Cerah
,,,,,1,Perawatan Wajah dan Jerawat
kose lotion,kose,lotion,,,4,Brightening dan Perawatan Kulit Cerah
studio tropik oil cleanser,studio tropik,cleanser,,oil,0,Skincare Dasar dan Hidrasi
studio tropik rescue rx antibacterial face mist,studio tropik rescue rx,face mist,,antibacterial,1,Perawatan Wajah dan Jerawat
avoskin serum mandelic acid panthenol perilla,avoskin,serum,"mandelic acid, panthenol perilla",,1,Perawatan Wajah dan Jerawat
b erl berry jerawat treatment oil control,b erl,,berry,jerawat treatment oil control,4,Brightening dan Perawatan Kulit Cerah
rose day hydration barrier boost toner,rose day,toner,,hydration barrier boost,2,Anti-Aging dan Sunscreen
innisfree hyaluronic moisturizer sunscreen spf50 pa,innisfree,moisturizer sunscreen,hyaluronic,spf50 pa,0,Skincare Dasar dan Hidrasi
dermies max smooth skin,dermies max,,,smooth skin,3,Perawatan Kulit dan Pelembap
bio essence rose,bio,essence,rose,,4,Brightening dan Perawatan Kulit Cerah
elemis collagen cleanser,elemis,cleanser,collagen,,1,Perawatan Wajah dan Jerawat
nivea men anti kusam wajah segar sepanjang hari,nivea men,,,"wajah segar sepanjang hari, anti kusam",1,Perawatan Wajah dan Jerawat
cetaphil cleanser,cetaphil,cleanser,,,1,Perawatan Wajah dan Jerawat
elemis collagen glow boost exfoliator,elemis,,collagen,glow boost exfoliator,2,Anti-Aging dan Sunscreen
belif essence,belif,essence,,,2,Anti-Aging dan Sunscreen
mustika ratu brightening bengkoang face cleanser toner,mustika ratu,face cleanser toner,bengkoang,brightening,1,Perawatan Wajah dan Jerawat
derma express double cleansing,derma express,,,double cleansing,0,Skincare Dasar dan Hidrasi
wardah uv shield jerawat sunscreen spf 35 pa bright micellar water,wardah,"micellar water, sunscreen",,"uv shield jerawat, spf 35 pa bright",4,Brightening dan Perawatan Kulit Cerah
wardah bright moisturizer smooth glow spf 30 pa,wardah,moisturizer,,"smooth glow spf 30 pa, bright",0,Skincare Dasar dan Hidrasi
wardah gel moisturizer,wardah,gel moisturizer,,,3,Perawatan Kulit dan Pelembap
viva face tonic penyegar pelembab untuk kulit normal kering toner,viva,"pelembab, toner, face tonic",,"untuk kulit normal kering, penyegar",3,Perawatan Kulit dan Pelembap
perawatan anti - aging,,,,perawatan anti - aging,2,Anti-Aging dan Sunscreen
cosrx moisturizing lotion,cosrx,lotion,,moisturizing,0,Skincare Dasar dan Hidrasi
la roche posay facial gel cleanser,la roche posay,facial gel cleanser,,,1,Perawatan Wajah dan Jerawat
senka collagen,senka,,collagen,,3,Perawatan Kulit dan Pelembap
la roche posay cicaplast purifying soothing foaming gel,la roche posay,foaming gel,cicaplast,purifying soothing,2,Anti-Aging dan Sunscreen
sk ii essence,sk ii,essence,,,3,Perawatan Kulit dan Pelembap
dermies meso brightening perawatan mengencangkan wajah,dermies meso,,,brightening perawatan mengencangkan wajah,4,Brightening dan Perawatan Kulit Cerah
ponds ultra light gel hydrating moisturizer cera hyamino,ponds,"gel, moisturizer",cera hyamino,"ultra light, hydrating",3,Perawatan Kulit dan Pelembap
nuface me sun shield spf,nuface me,,,sun shield spf,1,Perawatan Wajah dan Jerawat
bio beauty lab,bio beauty lab,,,,1,Perawatan Wajah dan Jerawat
pigeon teens facial foam remaja wajah normal skin dry,pigeon teens,facial foam,,remaja wajah normal skin dry,0,Skincare Dasar dan Hidrasi
elvicto bright scrub wash face,elvicto,scrub wash face,,bright,2,Anti-Aging dan Sunscreen
erha shield hydra light,erha,,,shield hydra light,2,Anti-Aging dan Sunscreen
saekin face wash moisturizer,saekin,face wash moisturizer,,,0,Skincare Dasar dan Hidrasi
pyunkang yul moisturizer cream,pyunkang yul,moisturizer cream,,,4,Brightening dan Perawatan Kulit Cerah
herborist aloe vera gel,herborist,gel,aloe vera,,4,Brightening dan Perawatan Kulit Cerah
viva age advance face serum aging ceramide,viva,face serum,ceramide,"aging, age advance",3,Perawatan Kulit dan Pelembap
hanasui collagen sunscreen spf 30,hanasui,sunscreen,collagen,spf 30,1,Perawatan Wajah dan Jerawat
garnier light complete vitamin c booster serum,garnier,booster serum,vitamin c,light complete,0,Skincare Dasar dan Hidrasi
b2g3 sunscreen cream ringan fresh,b2g3,"cream, sunscreen",,ringan fresh,3,Perawatan Kulit dan Pelembap
enchanteur,enchanteur,,,,0,Skincare Dasar dan Hidrasi
labore hydrating face body cleanser,labore,body cleanser,,hydrating face,1,Perawatan Wajah dan Jerawat
aizen cleanser moisturizer,aizen,cleanser moisturizer,,,2,Anti-Aging dan Sunscreen
somethinc sunscreen spf 40 pa,somethinc,sunscreen,,spf 40 pa,2,Anti-Aging dan Sunscreen
somethinc sunscreen spf 40 pa,somethinc,sunscreen,,spf 40 pa,1,Perawatan Wajah dan Jerawat
wardah rose hyaluronic pentavitin deep barrier repair serum allantoin perawatan wajah untuk kulit resilient skin,wardah,serum,"allantoin, rose hyaluronic pentavitin","perawatan wajah untuk kulit resilient skin, deep barrier repair",0,Skincare Dasar dan Hidrasi
aizen cleanser,aizen,cleanser,,,3,Perawatan Kulit dan Pelembap
wardah micellar water bright nature daily lightening cleanser make up waterproof,wardah,"cleanser, micellar water",,"make up waterproof, bright nature daily lightening",0,Skincare Dasar dan Hidrasi
wardah solusi masalah kulit face wash moisturizer day cream,wardah,"cream, face wash moisturizer",,"day, solusi masalah kulit",4,Brightening dan Perawatan Kulit Cerah
himalaya dark spot treatment turmeric face wash,himalaya,face wash,turmeric,dark spot treatment,4,Brightening dan Perawatan Kulit Cerah
la roche posay niacinamide serum mencerahkan noda hitam,la roche posay,serum,niacinamide,mencerahkan noda hitam,4,Brightening dan Perawatan Kulit Cerah
breylee sunscreen spf 50 face sunblock,breylee,"face sunblock, sunscreen",,spf 50,2,Anti-Aging dan Sunscreen
erha glow booster hexyl resorcinol mencerahkan wajah vitamin kusam jerawat perawatan berminyak,erha,,"vitamin, hexyl resorcinol","glow booster, mencerahkan wajah, kusam jerawat perawatan berminyak",2,Anti-Aging dan Sunscreen
azarine toner mild purifying,azarine,toner,,mild purifying,1,Perawatan Wajah dan Jerawat
bioderma sebium serum mengatasi tanda penuaan jerawat,bioderma,serum,,"mengatasi tanda penuaan jerawat, sebium",4,Brightening dan Perawatan Kulit Cerah
erha algae cucumber serum mata panda wajah hitam niacinamide aging,erha,"panda, serum","niacinamide, algae, cucumber","wajah hitam, mata, aging",1,Perawatan Wajah dan Jerawat
nacific cream pelembab wajah,nacific,cream pelembab wajah,,,1,Perawatan Wajah dan Jerawat
erha serum kering wajah facial essence niacinamide jerawat vitamin ceramide,erha,"essence, serum","niacinamide, vitamin ceramide","jerawat, kering wajah facial",0,Skincare Dasar dan Hidrasi
sebamed multi protect sun cream spf50 sunscreen kulit sensitif wajah vitamin waterproof,sebamed,"sunscreen, sun cream",vitamin,"waterproof, kulit sensitif wajah, spf50, multi protect",4,Brightening dan Perawatan Kulit Cerah
garnier men acno fight wasabi foam,garnier men,fight wasabi foam,,acno,3,Perawatan Kulit dan Pelembap
wardah uv shield jerawat calming sunscreen serum spf 50 pelindung matahari,wardah,sunscreen serum,,"spf 50 pelindung matahari, uv shield jerawat calming",1,Perawatan Wajah dan Jerawat
sabun kojie san soap kojic acid pencerah membersihkan perawatan berminyak,kojie san,"sabun, soap",kojic acid,pencerah membersihkan perawatan berminyak,4,Brightening dan Perawatan Kulit Cerah
melano cc vitamin c brightening moisturizer normal to dry skin kulit kering lemon pelembab wajah pencerah perawatan,melano cc,"pelembab wajah, moisturizer","lemon, vitamin c","brightening, normal to dry skin kulit kering, pencerah perawatan",3,Perawatan Kulit dan Pelembap
skintific serum niacinamide brightening,skintific,serum,niacinamide,brightening,1,Perawatan Wajah dan Jerawat
megah sakti jerawat cleanser facial wash vitamin c untuk membersihkan mencerahkan menenangkan kulit,megah sakti,cleanser facial wash,vitamin c,"jerawat, untuk membersihkan mencerahkan menenangkan kulit",4,Brightening dan Perawatan Kulit Cerah
ceradan moisturizer lotion pelembab kulit sensitif eksim ceramide hydrating perawatan wajah facial,ceradan,moisturizer lotion,ceramide,"hydrating perawatan wajah facial, pelembab kulit sensitif eksim",3,Perawatan Kulit dan Pelembap
biore facial foam mild smooth,biore,facial foam,,mild smooth,0,Skincare Dasar dan Hidrasi
skintific moisturizer gel niacinamide brightening,skintific,moisturizer gel,niacinamide,brightening,2,Anti-Aging dan Sunscreen
nivea men white oil control cooling facial foam,nivea men,facial foam,,white oil control cooling,0,Skincare Dasar dan Hidrasi
senka facial foam sabun cleanser wajah,senka,"facial foam, sabun cleanser wajah",,,0,Skincare Dasar dan Hidrasi
bioderma spf 50 face body sunscreen,bioderma,sunscreen,,spf 50 face body,4,Brightening dan Perawatan Kulit Cerah
neutrogena eye cream repair mata untuk mengurangi kerutan,neutrogena,eye cream,,repair mata untuk mengurangi kerutan,4,Brightening dan Perawatan Kulit Cerah
garnier men fight anti jerawat,garnier men,,,fight anti jerawat,2,Anti-Aging dan Sunscreen
skintific serum salicylic acid anti jerawat,skintific,serum,salicylic acid,anti jerawat,3,Perawatan Kulit dan Pelembap
hada labo hadalabo shirojyun essence vitamin,hada labo hadalabo shirojyun,essence,vitamin,,4,Brightening dan Perawatan Kulit Cerah
erha intense oil control facial wash sabun cleanser wajah pria vitamin,erha,facial wash sabun cleanser,vitamin,"wajah pria, intense oil control",3,Perawatan Kulit dan Pelembap
acnes natural care complete white face wash facial komedo,acnes,face wash,,"facial komedo, natural care complete white",3,Perawatan Kulit dan Pelembap
jf sulfur anti jerawat cleanser,jf,cleanser,sulfur,anti jerawat,1,Perawatan Wajah dan Jerawat
you amino anti jerawat facial wash sabun cuci wajah acid hyaluronic,you,facial wash sabun cuci wajah,"acid hyaluronic, amino",anti jerawat,4,Brightening dan Perawatan Kulit Cerah
himalaya oil control lemon face wash cleanser wajah minyak,himalaya,face wash cleanser,lemon,"wajah minyak, oil control",4,Brightening dan Perawatan Kulit Cerah
cosrx low ph morning gel cleanser membersihkan wajah,cosrx,gel cleanser,,"morning, low ph, membersihkan wajah",0,Skincare Dasar dan Hidrasi
banana boat sunscreen lotion sensitive skin spf50,banana boat,sunscreen lotion,,"sensitive skin, spf50",0,Skincare Dasar dan Hidrasi
labore protect physical sunscreen melindungi kulit dari uva uvb,labore,sunscreen,,"protect physical, melindungi kulit dari uva uvb",1,Perawatan Wajah dan Jerawat
nacific calendula toner wajah,nacific,toner wajah,calendula,,3,Perawatan Kulit dan Pelembap
erha age corrector peptides soya phytoplacenta serum anti - aging wajah kering essence,erha,"essence, serum",peptides soya phytoplacenta,"age corrector, anti - aging wajah kering",2,Anti-Aging dan Sunscreen
ponds men ultra bright oil fighter,ponds men,,,ultra bright oil fighter,0,Skincare Dasar dan Hidrasi
the originote ceramella sunscreen spf 50 ceramide tremella vitamin c hyaluronic,the originote,sunscreen,"ceramella, ceramide tremella vitamin c, hyaluronic",spf 50,4,Brightening dan Perawatan Kulit Cerah
somethinc acnedot treatment moisturizer gel pelembab wajah,somethinc,moisturizer gel pelembab wajah,,acnedot treatment,3,Perawatan Kulit dan Pelembap
skintific serum barrier repair ceramide,skintific,serum,ceramide,barrier repair,2,Anti-Aging dan Sunscreen
skintific repair ceramide barrier,skintific,,ceramide,"repair, barrier",3,Perawatan Kulit dan Pelembap
kahf skin energizing brightening face wash sabun cleanser wajah pria,kahf,face wash sabun cleanser,,"skin energizing brightening, wajah pria",0,Skincare Dasar dan Hidrasi
azarine radiance barrier moisturizer pelembab wajah,azarine,moisturizer pelembab wajah,,radiance barrier,4,Brightening dan Perawatan Kulit Cerah
cetaphil cleanser wajah tubuh,cetaphil,cleanser,,wajah tubuh,4,Brightening dan Perawatan Kulit Cerah
parasol uv guard spf 30 pa sunscreen,parasol,sunscreen,,uv guard spf 30 pa,1,Perawatan Wajah dan Jerawat
clinelle purifying gel moisturizer pelembab kulit wajah,clinelle,gel moisturizer,,"purifying, pelembab kulit wajah",3,Perawatan Kulit dan Pelembap
light foam,,foam,,light,3,Perawatan Kulit dan Pelembap
nuface glow brighten supple skin serum niacinamide,nuface,serum,niacinamide,"brighten supple skin, glow",0,Skincare Dasar dan Hidrasi
derma facial wash normal dry skin,derma,facial wash,,normal dry skin,2,Anti-Aging dan Sunscreen
la roche posay serum,la roche posay,serum,,,1,Perawatan Wajah dan Jerawat
dermawand solusi kulit keriput noda hitam,dermawand,,,solusi kulit keriput noda hitam,3,Perawatan Kulit dan Pelembap
banana boat spray spf50,banana boat,spray,,spf50,3,Perawatan Kulit dan Pelembap
labore hydrating face body cleanser wajah tubuh,labore,body cleanser,,"wajah tubuh, hydrating face",0,Skincare Dasar dan Hidrasi
cetaphil moisturizing lotion tubuh untuk melembapkan kulit,cetaphil,lotion,,"moisturizing, tubuh untuk melembapkan kulit",3,Perawatan Kulit dan Pelembap
la roche posay sunscreen uvmune oil control,la roche posay,sunscreen,,"uvmune, oil control",1,Perawatan Wajah dan Jerawat
erha shield sunscreen oily skin spf 30 pa wajah berminyak,erha,sunscreen,,"shield, oily skin spf 30 pa wajah berminyak",2,Anti-Aging dan Sunscreen
kelly lemon soap,kelly,soap,lemon,,3,Perawatan Kulit dan Pelembap
skin aqua tone up uv essence spf 50 pa perlindungan terbaik untuk wajah tubuh segar natural hyaluronic,skin aqua,"tone up, essence",hyaluronic,"uv, spf 50 pa perlindungan terbaik untuk wajah tubuh segar natural",4,Brightening dan Perawatan Kulit Cerah
nuface glow acneprone care serum jerawat,nuface,serum,,"acneprone care, jerawat, glow",0,Skincare Dasar dan Hidrasi
fair lovely glow vitamin c mask,fair lovely,mask,vitamin c,glow,3,Perawatan Kulit dan Pelembap
bioderma spf sunscreen kulit sensitif,bioderma,sunscreen,,"kulit sensitif, spf",3,Perawatan Kulit dan Pelembap
banana boat ultra protect spf30 sunblock wajah,banana boat,sunblock wajah,,ultra protect spf30,4,Brightening dan Perawatan Kulit Cerah
cerave daily moisturising cream dry to very skin,cerave,cream,,"dry to very skin, daily moisturising",4,Brightening dan Perawatan Kulit Cerah
ponds men light,ponds men,,,light,4,Brightening dan Perawatan Kulit Cerah
himalaya brightening vitamin c orange face wash,himalaya,face wash,vitamin c orange,brightening,3,Perawatan Kulit dan Pelembap
azarine calm my jerawat sunscreen moisturizer spf35 tabir surya gel,azarine,"tabir surya gel, sunscreen moisturizer",,"spf35, calm my jerawat",2,Anti-Aging dan Sunscreen
hada labo gokujyun eye cream pelembab hitam hydrating,hada labo gokujyun,cream,,"pelembab hitam hydrating, eye",3,Perawatan Kulit dan Pelembap
bioderma moisturizer pelembap,bioderma,"pelembap, moisturizer",,,2,Anti-Aging dan Sunscreen
simple kind to skin hydrating light moisturizer pelembab wajah,simple kind to skin,moisturizer pelembab wajah,,hydrating light,3,Perawatan Kulit dan Pelembap
emina bright jerawat face wash untuk facial hitam,emina,face wash,,"jerawat, bright, untuk facial hitam",4,Brightening dan Perawatan Kulit Cerah
skin aqua shield serum uv spf 50 acid aging,skin aqua,serum,,"shield, uv spf 50 acid aging",3,Perawatan Kulit dan Pelembap
acnes natural care yoghurt face wash facial membersihkan,acnes,face wash,yoghurt,"facial membersihkan, natural care",1,Perawatan Wajah dan Jerawat
kahf face wash triple action oil and comedo,kahf,face wash,,triple action oil and comedo,2,Anti-Aging dan Sunscreen
senka facial foam white cleanser wajah,senka,"facial foam, cleanser wajah",,white,1,Perawatan Wajah dan Jerawat
vaseline aloe fresh hydrating pump,vaseline,pump,aloe,fresh hydrating,0,Skincare Dasar dan Hidrasi
melano vitamin c brightening toner mencerahkan wajah kusam hitam dark kering perawatan,melano,toner,vitamin c,"brightening, mencerahkan wajah kusam hitam dark kering perawatan",3,Perawatan Kulit dan Pelembap
himalaya men power glow licorice face wash cleanser wajah pria,himalaya men,face wash cleanser,licorice,"wajah pria, power glow",1,Perawatan Wajah dan Jerawat
la roche posay cleanser foaming gel,la roche posay,"cleanser, foaming gel",,,3,Perawatan Kulit dan Pelembap
cetaphil daily exfoliating cleanser,cetaphil,cleanser,,daily exfoliating,1,Perawatan Wajah dan Jerawat
neutrogena dry touch sunscreen spf face sunblock,neutrogena,"face sunblock, sunscreen",,"dry touch, spf",4,Brightening dan Perawatan Kulit Cerah
kahf exfoliating face scrub angkat sel kulit mati lawan noda hitam,kahf,face scrub,,"exfoliating, angkat sel kulit mati lawan noda hitam",4,Brightening dan Perawatan Kulit Cerah
cetaphil daily facial lotion spf15 sun care,cetaphil,lotion,,"spf15 sun care, daily facial",3,Perawatan Kulit dan Pelembap
cerave foaming cleanser normal to oily skin wajah,cerave,foaming cleanser,,normal to oily skin wajah,4,Brightening dan Perawatan Kulit Cerah
cetaphil serum bright healthy radiance perfecting,cetaphil,serum,,bright healthy radiance perfecting,2,Anti-Aging dan Sunscreen
skintific ceramide low ph cleanser sensitive skin,skintific,cleanser,ceramide,"low ph, sensitive skin",0,Skincare Dasar dan Hidrasi
bioderma sabun kulit kering sensitif,bioderma,sabun,,kulit kering sensitif,2,Anti-Aging dan Sunscreen
azarine hydrashoothe sunscreen gel spf45 tabir surya,azarine,"tabir surya, sunscreen gel",,"hydrashoothe, spf45",2,Anti-Aging dan Sunscreen
cerave hydrating cleanser normal to dry skin facial wash,cerave,"facial wash, cleanser",,"normal to dry skin, hydrating",2,Anti-Aging dan Sunscreen
hada labo tamagohada face wash make up remover,hada labo tamagohada,face wash,,make up remover,4,Brightening dan Perawatan Kulit Cerah
nivea men face wash deep jerawat attack scrub,nivea men,"face wash, scrub",,deep jerawat attack,4,Brightening dan Perawatan Kulit Cerah
erha niacinamide essence night cream moisturizer wajah pelembab lightening,erha,"cream moisturizer wajah pelembab, essence",niacinamide,"night, lightening",1,Perawatan Wajah dan Jerawat
garnier men turbo light whitet oilcontrol,garnier men,,,turbo light whitet oilcontrol,4,Brightening dan Perawatan Kulit Cerah
y o u amino oil control facial wash membersihkan pori mengeksfoliasi kulit hyaluronic acid,y o u,facial wash,"hyaluronic acid, amino","membersihkan pori mengeksfoliasi kulit, oil control",0,Skincare Dasar dan Hidrasi
neutrogena hydro boost hyaluronic acid water gel pelembap wajah,neutrogena hydro,water gel pelembap wajah,hyaluronic acid,boost,2,Anti-Aging dan Sunscreen
la roche posay sun screen uvmune spf50,la roche posay,sun screen,,"uvmune, spf50",3,Perawatan Kulit dan Pelembap
senka facial foam jerawat care cleanser wajah,senka,"facial foam, cleanser wajah",,jerawat care,2,Anti-Aging dan Sunscreen
erha age corrector aha bha red algae sabun wajah mencerahkan kering berminyak niacinamide facial,erha,sabun wajah,"niacinamide, aha bha red algae","mencerahkan kering berminyak, age corrector, facial",3,Perawatan Kulit dan Pelembap
ponds foam,ponds,foam,,,4,Brightening dan Perawatan Kulit Cerah
acnes creamy wash facial,acnes,creamy wash facial,,,4,Brightening dan Perawatan Kulit Cerah
cetaphil day protection cream spf15 pagi mencerahkan,cetaphil,cream,,"spf15 pagi mencerahkan, day protection",0,Skincare Dasar dan Hidrasi
cetaphil cleanser,cetaphil,cleanser,,,3,Perawatan Kulit dan Pelembap
sabun kojie san soap kojic acid,kojie san,"sabun, soap",kojic acid,,2,Anti-Aging dan Sunscreen
himalaya clear complexion white face wash pembasuh wajah,himalaya,face wash pembasuh wajah,,clear complexion white,0,Skincare Dasar dan Hidrasi
fair lovely vitamin cream,fair lovely,cream,vitamin,,4,Brightening dan Perawatan Kulit Cerah
biore mens facial foam bright oil clear,biore mens,facial foam,,bright oil clear,1,Perawatan Wajah dan Jerawat
carasun healthy uv protector spf 50 pa sunscreen lotion wajah berminyak facial,carasun,sunscreen lotion,,"healthy, uv protector spf 50 pa, wajah berminyak facial",0,Skincare Dasar dan Hidrasi
la roche posay face mist sensitive skin,la roche posay,face mist,,sensitive skin,0,Skincare Dasar dan Hidrasi
safi age defy serum anti - aging,safi,serum,,"age defy, anti - aging",1,Perawatan Wajah dan Jerawat
erha chamomile jerawat blemish toner mencerahkan wajah berminyak perawatan,erha,toner,chamomile,"mencerahkan wajah berminyak perawatan, jerawat blemish",4,Brightening dan Perawatan Kulit Cerah
ponds,ponds,,,,1,Perawatan Wajah dan Jerawat
nuface glow vitamin c serum pencerah kulit wajah kusam,nuface,serum,vitamin c,"pencerah kulit wajah kusam, glow",3,Perawatan Kulit dan Pelembap
modis facial cotton,modis,facial cotton,,,0,Skincare Dasar dan Hidrasi
safi white natural brightening cream mengontrol minyak strawberry lemon perawatan wajah mencerahkan vitamin,safi,cream,"strawberry lemon, vitamin","white natural brightening, perawatan wajah mencerahkan, mengontrol minyak",0,Skincare Dasar dan Hidrasi
clinelle face mist,clinelle,face mist,,,3,Perawatan Kulit dan Pelembap
erha shield daily sunscreen spf 50 pa sunblock facial,erha,"sunscreen, sunblock facial",,"shield, spf 50 pa, daily",3,Perawatan Kulit dan Pelembap
precious skin anti melasma white collagen facial soap sabun membersihkan kotoran memutihkan wajah,precious skin,facial soap sabun,collagen,"membersihkan kotoran memutihkan wajah, anti melasma white",2,Anti-Aging dan Sunscreen
aveeno daily moisturising body wash sabun mandi,aveeno,body wash sabun mandi,,daily moisturising,3,Perawatan Kulit dan Pelembap
bioderma sabun kulit kering sensitif,bioderma,sabun,,kulit kering sensitif,4,Brightening dan Perawatan Kulit Cerah
wardah bright creamy foam brightening oil control sabun pencuci wajah mencerahkan,wardah,"sabun pencuci wajah, creamy foam",,"brightening oil control, bright, mencerahkan",3,Perawatan Kulit dan Pelembap
momami sun spf50 pa,momami,sun,,spf50 pa,1,Perawatan Wajah dan Jerawat
emina bright face wash sabun cuci wajah mencerahkan glowing,emina,face wash sabun cuci wajah,,"bright, mencerahkan glowing",1,Perawatan Wajah dan Jerawat
hada labo shirojyun white serum mencerahkan wajah tranexamic acid hyaluronic,hada labo shirojyun,serum,tranexamic acid hyaluronic,"mencerahkan wajah, white",3,Perawatan Kulit dan Pelembap
senka facial foam collagen cleanser wajah,senka,"facial foam, cleanser wajah",collagen,,2,Anti-Aging dan Sunscreen
erha facial wash sabun wajah jerawat mencerahkan wanita cleanser kering berminyak perawatan,erha,"facial wash sabun wajah, cleanser",,"jerawat mencerahkan wanita, kering berminyak perawatan",2,Anti-Aging dan Sunscreen
cosrx salicylic acid daily cleanser,cosrx,cleanser,salicylic acid,daily,0,Skincare Dasar dan Hidrasi
vaseline repairing,vaseline,,,repairing,0,Skincare Dasar dan Hidrasi
becefort kaplet suplemen vitamin c,becefort,kaplet suplemen,vitamin c,,2,Anti-Aging dan Sunscreen
silcot,silcot,,,,1,Perawatan Wajah dan Jerawat
azarine cicamide barrier sunscreen moisturizer spf35 tabir surya gel,azarine,"tabir surya gel, sunscreen moisturizer",cicamide,"spf35, barrier",0,Skincare Dasar dan Hidrasi
erha moisturizer skin barrier,erha,moisturizer,,skin barrier,0,Skincare Dasar dan Hidrasi
ceradan soothing gel pereda gatal pada kulit,ceradan,gel,,"pereda gatal pada kulit, soothing",1,Perawatan Wajah dan Jerawat
ceradan skin barrier repair cream pereda iritasi pada kulit,ceradan,cream,,"skin barrier repair, pereda iritasi pada kulit",1,Perawatan Wajah dan Jerawat
you amino oil control facial wash hydrate brighten,you,facial wash,amino,"hydrate brighten, oil control",3,Perawatan Kulit dan Pelembap
kahf jerawat pore cleanse scrub face wash sabun cleanser wajah pria,kahf,scrub face wash sabun cleanser,,"jerawat pore cleanse, wajah pria",4,Brightening dan Perawatan Kulit Cerah
ceradan ceramide cleanser face body pump sabun,ceradan,"pump sabun, cleanser",ceramide,face body,4,Brightening dan Perawatan Kulit Cerah
erha zinc gluconate pore minimizing toner wajah mencerahkan wanita jerawat,erha,toner wajah,zinc gluconate,"mencerahkan wanita jerawat, pore minimizing",1,Perawatan Wajah dan Jerawat
ceradan ceramide cleanser face body pump,ceradan,"pump, cleanser",ceramide,face body,3,Perawatan Kulit dan Pelembap
nivea sun face protection serum spf 50 pa oil control,nivea,serum,,"spf 50 pa oil control, sun face protection",0,Skincare Dasar dan Hidrasi
you daily defense sunscreen serum spf30 perlindungan uv uva uvb blue light untuk kulit kering berminyak,you,sunscreen serum,,"spf30 perlindungan uv uva uvb blue light untuk kulit kering berminyak, daily defense",3,Perawatan Kulit dan Pelembap
cetaphil cleanser skin renewing,cetaphil,cleanser,,skin renewing,4,Brightening dan Perawatan Kulit Cerah
cosrx aha bha clarifying treatment toner exfoliating ringan untuk semua jenis kulit,cosrx,toner,aha bha,"exfoliating ringan untuk semua jenis kulit, clarifying treatment",4,Brightening dan Perawatan Kulit Cerah
jf jerawat protect mild care sabun,jf,sabun,,jerawat protect mild care,0,Skincare Dasar dan Hidrasi
himalaya moisturizing aloe vera face wash cleanser wajah,himalaya,face wash cleanser wajah,aloe vera,moisturizing,4,Brightening dan Perawatan Kulit Cerah
hada labo gokujyun anti - aging serum,hada labo gokujyun,serum,,anti - aging,1,Perawatan Wajah dan Jerawat
senka facial foam sabun cleanser wajah,senka,"facial foam, sabun cleanser wajah",,,2,Anti-Aging dan Sunscreen
,,,,,0,Skincare Dasar dan Hidrasi
clinelle purifying toner,clinelle,toner,,purifying,1,Perawatan Wajah dan Jerawat
banana boat ultra protect faces lotion spf50,banana boat,lotion,,"ultra protect faces, spf50",1,Perawatan Wajah dan Jerawat
kahf exfoliating face scrub cleanser noda hitam wajah kopi mencerahkan,kahf,face scrub cleanser,kopi,"exfoliating, noda hitam wajah, mencerahkan",2,Anti-Aging dan Sunscreen
bioderma sebium pore refiner cream pengecil pori wajah,bioderma,cream,,"pengecil pori wajah, sebium pore refiner",3,Perawatan Kulit dan Pelembap
acnes natural care oil control face wash facial komedo,acnes,face wash,,"facial komedo, natural care oil control",3,Perawatan Kulit dan Pelembap
banana boat simply protect moisturizer sunscreen lotion spf50,banana boat,moisturizer sunscreen lotion,,"simply protect, spf50",2,Anti-Aging dan Sunscreen
bioderma essence lotion toner pelembab wajah,bioderma,essence lotion toner pelembab wajah,,,1,Perawatan Wajah dan Jerawat
emina sun battle bright glow spf 35 pa sunscreen serum amino vitamin c,emina,sunscreen serum,amino vitamin c,sun battle bright glow spf 35 pa,1,Perawatan Wajah dan Jerawat
wardah aloe hydramild facial wash,wardah,facial wash,aloe,hydramild,0,Skincare Dasar dan Hidrasi
nuface hydra lock youthful skin serum anti - aging,nuface,serum,,"hydra lock youthful skin, anti - aging",4,Brightening dan Perawatan Kulit Cerah
nuface me sun shield spf 50 pa,nuface me,,,sun shield spf 50 pa,4,Brightening dan Perawatan Kulit Cerah
erha face wash sabun wajah kulit sensitif,erha,"face wash, sabun wajah",,kulit sensitif,2,Anti-Aging dan Sunscreen
skintific toner soothing ceramide repair skin barrier,skintific,toner,ceramide,"soothing, repair skin barrier",2,Anti-Aging dan Sunscreen
erha brightening pore toner pencerah wajah hitam pelembab hydrating tranexamic acid,erha,"toner, pelembab",tranexamic acid,"brightening pore, hydrating, pencerah wajah hitam",0,Skincare Dasar dan Hidrasi
bioderma gel moisturizer,bioderma,"gel, moisturizer",,,2,Anti-Aging dan Sunscreen
safi age defy radiant day cream emulsion spf 25 pa pagi,safi,cream emulsion,,"spf 25 pa pagi, age defy radiant day",3,Perawatan Kulit dan Pelembap
cerave facial moisturising lotion spf30 pelembab wajah,cerave,"pelembab wajah, lotion",,"facial moisturising, spf30",0,Skincare Dasar dan Hidrasi
neutrogena moisturizer repair regenerating cream pelembap untuk mengurangi kerutan,neutrogena,"cream pelembap, moisturizer",,"repair regenerating, untuk mengurangi kerutan",0,Skincare Dasar dan Hidrasi
skintific moisturizer gel ceramide repair skin barrier,skintific,moisturizer gel,ceramide,repair skin barrier,0,Skincare Dasar dan Hidrasi
cetaphil sunscreen spf50 light gel tabir surya ringan untuk kulit sensitif perlindungan uva uvb,cetaphil,"gel tabir surya, sunscreen",,"spf50 light, ringan untuk kulit sensitif perlindungan uva uvb",4,Brightening dan Perawatan Kulit Cerah
you amino anti jerawat facial wash sabun cuci wajah,you,facial wash sabun cuci wajah,amino,anti jerawat,3,Perawatan Kulit dan Pelembap
safi ultimate bright purifying cleanser wajah pori,safi,cleanser,,"wajah pori, ultimate bright purifying",0,Skincare Dasar dan Hidrasi
senka facial foam white sabun cleanser wajah,senka,"facial foam, sabun cleanser wajah",,white,0,Skincare Dasar dan Hidrasi
erha toner untuk kulit sensitif,erha,toner,,untuk kulit sensitif,0,Skincare Dasar dan Hidrasi
biore mens facial foam clean oil balance sabun wajah,biore mens,"facial foam, sabun wajah",,clean oil balance,0,Skincare Dasar dan Hidrasi
you amino anti bacterial facial wash acid berminyak,you,facial wash,"acid, amino","berminyak, anti bacterial",3,Perawatan Kulit dan Pelembap
you amino brightening facial wash pencerah wajah kuning hyaluronic acid asam untuk membersihkan pori angkat sel kulit mati,you,facial wash,"asam, hyaluronic acid, amino","brightening, pencerah wajah kuning, untuk membersihkan pori angkat sel kulit mati",3,Perawatan Kulit dan Pelembap
somethinc acnedot treatment moisturizer gel pelembab wajah,somethinc,moisturizer gel pelembab wajah,,acnedot treatment,2,Anti-Aging dan Sunscreen
nivea body spf,nivea,,,"spf, body",3,Perawatan Kulit dan Pelembap
you amino brightening facial wash pencerah wajah acid,you,facial wash,"acid, amino","pencerah wajah, brightening",0,Skincare Dasar dan Hidrasi
acnes creamy wash facial,acnes,creamy wash facial,,,4,Brightening dan Perawatan Kulit Cerah
erha facial wash jerawat berminyak wajah perawatan,erha,facial wash,,"jerawat, berminyak wajah perawatan",0,Skincare Dasar dan Hidrasi
azarine daily moisturizer oil brightening,azarine,moisturizer,,"oil brightening, daily",2,Anti-Aging dan Sunscreen
senka facial foam fresh anti shine,senka,facial foam,,fresh anti shine,4,Brightening dan Perawatan Kulit Cerah
erha21 erha facial wash normal dry skin sabun wajah wanita vitamin,erha21 erha,"facial wash, sabun wajah",vitamin,"wanita, normal dry skin",3,Perawatan Kulit dan Pelembap
labore repair cream pelembab kulit sangat kering sensitif,labore,cream,,"repair, pelembab kulit sangat kering sensitif",1,Perawatan Wajah dan Jerawat
momami soothing gel aloe vera,momami,gel,aloe vera,soothing,3,Perawatan Kulit dan Pelembap
natur e advanced intensive eye treatment serum perawatan mata astaxanthin cucumber vitamin,natur e,serum,"astaxanthin cucumber, vitamin","perawatan mata, advanced intensive eye treatment",4,Brightening dan Perawatan Kulit Cerah
bioderma cleanser wajah untuk kulit sensitif,bioderma,cleanser wajah,,untuk kulit sensitif,4,Brightening dan Perawatan Kulit Cerah
kahf triple protection sunscreen moisturizer spf 30 pa pelembap wajah pria melindungi dari sinar uv,kahf,"pelembap, sunscreen moisturizer",,"triple protection, wajah pria melindungi dari sinar uv, spf 30 pa",2,Anti-Aging dan Sunscreen
nivea men white oil control facial foam,nivea men,facial foam,,white oil control,1,Perawatan Wajah dan Jerawat
kahf sunscreen stick spf 50 pa tabir surya pria,kahf,"tabir surya, sunscreen stick",,"pria, spf 50 pa",4,Brightening dan Perawatan Kulit Cerah
spf 50 pa lotion wajah ultra protection sunscreen cooling perlindungan uv terbaik tahan air keringat segar pendinginan,,"sunscreen, lotion wajah",,"cooling perlindungan uv terbaik tahan air keringat segar pendinginan, spf 50 pa, ultra protection",1,Perawatan Wajah dan Jerawat
la roche posay balm,la roche posay,balm,,,0,Skincare Dasar dan Hidrasi
azarine hydrasoothe sunscreen gel spf45 pa tabir surya pelembab kulit,azarine,"tabir surya, sunscreen gel",,"pelembab kulit, hydrasoothe, spf45 pa",3,Perawatan Kulit dan Pelembap
cerave foaming cleanser normal to oily skin wajah,cerave,foaming cleanser,,normal to oily skin wajah,4,Brightening dan Perawatan Kulit Cerah
skin aqua uv moisturizer milk spf50 pa perawatan wajah melindungi kulit serta mencerahkan,skin aqua,moisturizer,milk,"uv, spf50 pa, perawatan wajah melindungi kulit serta mencerahkan",2,Anti-Aging dan Sunscreen
hanasui white serum,hanasui,serum,,white,2,Anti-Aging dan Sunscreen
verile jerawat care facial wash sabun pencuci wajah,verile,facial wash sabun pencuci wajah,,jerawat care,2,Anti-Aging dan Sunscreen
hanasui vitamin c serum orange,hanasui,serum,"orange, vitamin c",,4,Brightening dan Perawatan Kulit Cerah
erha jerawat sunscreen spf 45 pa wajah mencerahkan,erha,sunscreen,,"spf 45 pa wajah mencerahkan, jerawat",3,Perawatan Kulit dan Pelembap
la roche posay moisturizer untuk melembabkan kulit sensitif,la roche posay,moisturizer,,untuk melembabkan kulit sensitif,3,Perawatan Kulit dan Pelembap
bioderma ultra face body moisturizer pelembab kulit,bioderma,moisturizer,,"pelembab kulit, ultra face body",0,Skincare Dasar dan Hidrasi
scabimite blacksoap cleansing,scabimite,blacksoap,,cleansing,0,Skincare Dasar dan Hidrasi
clinelle hydracalm cream wajah,clinelle,cream wajah,,hydracalm,4,Brightening dan Perawatan Kulit Cerah
acnes natural care yoghurt face wash facial komedo,acnes,face wash,yoghurt,"facial komedo, natural care",0,Skincare Dasar dan Hidrasi
hada labo tamagohada lotion mild peeling,hada labo tamagohada,lotion,,mild peeling,4,Brightening dan Perawatan Kulit Cerah
nivea sun face serum instant aura spf 50 sunscreen wajah,nivea,"sunscreen wajah, sun face serum",,instant aura spf 50,2,Anti-Aging dan Sunscreen
clinelle hydracalm lotion melembabkan kulit wajah,clinelle,lotion,,"hydracalm, melembabkan kulit wajah",3,Perawatan Kulit dan Pelembap
la roche posay vitamin c12 mencerahkan menyamarkan kerutan,la roche posay,,vitamin c12,mencerahkan menyamarkan kerutan,3,Perawatan Kulit dan Pelembap
azarine hydramax c sunscreen serum spf 50 pa,azarine,sunscreen serum,c,"hydramax, spf 50 pa",0,Skincare Dasar dan Hidrasi
himalaya clear complexion white face wash cleanser wajah,himalaya,face wash cleanser wajah,,clear complexion white,4,Brightening dan Perawatan Kulit Cerah
emina bright face wash,emina,face wash,,bright,1,Perawatan Wajah dan Jerawat
glowsophy watermelon brightening moisturizer skin barrier niacinamide gel day and night pelembab wajah mencerahkan kulit bercahaya cream pencerah ceramide,glowsophy,"pelembab wajah, cream, gel, moisturizer","niacinamide, watermelon, ceramide","skin barrier, day and night, pencerah, mencerahkan kulit bercahaya, brightening",3,Perawatan Kulit dan Pelembap
erha age corrector day cream peptides hyaluronate moisturizer pelembab hitam perawatan,erha,"cream, moisturizer",peptides hyaluronate,"pelembab hitam perawatan, age corrector day",2,Anti-Aging dan Sunscreen
erha deep cleansing facial wash sabun wajah pria,erha,facial wash sabun wajah pria,,deep cleansing,2,Anti-Aging dan Sunscreen
biore uv aqua rich sunscreen,biore,sunscreen,aqua,"uv, rich",2,Anti-Aging dan Sunscreen
white neng skin cream penyamar noda hitam wajah,,skin cream,,"penyamar noda hitam wajah, white neng",1,Perawatan Wajah dan Jerawat
azarine toner acids glowing,azarine,toner,acids,glowing,1,Perawatan Wajah dan Jerawat
garnier men fight anti jerawat,garnier men,,,fight anti jerawat,3,Perawatan Kulit dan Pelembap
himalaya oil control lemon face wash cleanser wajah minyak,himalaya,face wash cleanser,lemon,"wajah minyak, oil control",0,Skincare Dasar dan Hidrasi
acnes natural care oil control face wash,acnes,face wash,,natural care oil control,3,Perawatan Kulit dan Pelembap
erha arbutin panthenol brightening day cream wajah niacinamide pelembab,erha,"pelembab, cream wajah","niacinamide, arbutin panthenol",brightening day,1,Perawatan Wajah dan Jerawat
skintific moisturizer cream gel,skintific,moisturizer cream gel,,,1,Perawatan Wajah dan Jerawat
erha niacinamide peptide dark spot corrector hitam perawatan wajah,erha,,niacinamide peptide,dark spot corrector hitam perawatan wajah,4,Brightening dan Perawatan Kulit Cerah
erha booster facial wash sabun wajah pencerah pria,erha,booster facial wash sabun wajah,,pencerah pria,3,Perawatan Kulit dan Pelembap
physiogel cream,physiogel,cream,,,2,Anti-Aging dan Sunscreen
erto why jerawat toner untuk kulit berminyak prone skin oil control anti inflamasi,erto why,toner,,"untuk kulit berminyak prone skin oil control anti inflamasi, jerawat",2,Anti-Aging dan Sunscreen
why jerawat facial wash ertos cleanser untuk kulit berminyak prone skin oil control wajah sabun cuci anti inflamasi,"why, ertos","facial wash, cleanser, sabun cuci",,"anti inflamasi, jerawat, untuk kulit berminyak prone skin oil control wajah",0,Skincare Dasar dan Hidrasi
clinelle hydracalm cleansing gel serum,clinelle,gel serum,,hydracalm cleansing,4,Brightening dan Perawatan Kulit Cerah
westcare uv protector spf 45 pa sunblock wajah,westcare,sunblock wajah,,uv protector spf 45 pa,4,Brightening dan Perawatan Kulit Cerah
sariayu age defense face serum,sariayu,face serum,,age defense,1,Perawatan Wajah dan Jerawat
clinelle calm care treatment cream pelembab kulit sensitif kemerahan,clinelle,cream pelembab,,"kulit sensitif, calm care treatment, kemerahan",0,Skincare Dasar dan Hidrasi
clinelle whitenup brightening cleanser,clinelle,cleanser,,whitenup brightening,2,Anti-Aging dan Sunscreen
clinelle purifying gel moisturizer pelembab wajah kulit berminyak jerawat,clinelle,gel moisturizer pelembab,,"purifying, wajah kulit berminyak jerawat",2,Anti-Aging dan Sunscreen
ovale facial lotion intense glow white aloe vera bengkoang,ovale,facial lotion,aloe vera bengkoang,intense glow white,2,Anti-Aging dan Sunscreen
viva face tonic lemon,viva,face tonic,lemon,,4,Brightening dan Perawatan Kulit Cerah
erto facial treatment centella asiatica wash sabun cuci wajah cleanser ph balance untuk semua jenis kulit,erto,wash sabun cuci wajah cleanser,centella asiatica,"ph balance untuk semua jenis kulit, facial treatment",1,Perawatan Wajah dan Jerawat
berryc spray patch stiker anti nyamuk pengusir gigitan serangga anak bayi dewasa kuat awet lucu mini pocket semprotan,berryc,"mini pocket semprotan, spray, patch stiker",,"anti nyamuk, pengusir gigitan serangga anak bayi dewasa, kuat awet lucu",2,Anti-Aging dan Sunscreen
erto sabun cuci wajah cleanser ph balance untuk semua jenis kulit membersihkan kotoran perawatan,erto,sabun cuci wajah cleanser,,ph balance untuk semua jenis kulit membersihkan kotoran perawatan,0,Skincare Dasar dan Hidrasi
sariayu spf 30 pa tone up sunscreen serum instant brightening mencerahkan non acnegenic comedogenic broad spectrum glowing sunblock,sariayu,"sunblock, tone up sunscreen serum",,"non acnegenic comedogenic broad spectrum glowing, instant brightening mencerahkan, spf 30 pa",2,Anti-Aging dan Sunscreen
physiogel daily moisturizer cream,physiogel,"cream, moisturizer",,daily,2,Anti-Aging dan Sunscreen
ertos serum retinol niacinamide,ertos,serum,retinol niacinamide,,4,Brightening dan Perawatan Kulit Cerah
,,,,,4,Brightening dan Perawatan Kulit Cerah
klinsen facial oil control white,klinsen,,,facial oil control white,1,Perawatan Wajah dan Jerawat
sariayu jeruk cleansing milk,sariayu,,"jeruk, milk",cleansing,0,Skincare Dasar dan Hidrasi
sariayu jeruk refreshing toner,sariayu,toner,jeruk,refreshing,3,Perawatan Kulit dan Pelembap
anti - aging serum hydrating anti flek hitam untuk semua jenis kulit,,serum,,"hydrating anti flek hitam untuk semua jenis kulit, anti - aging",1,Perawatan Wajah dan Jerawat
erto sunscreen gel sunblock untuk semua jenis kulit spf uva uvb protector skin barrier protect anti flek anti - aging,erto,sunscreen gel sunblock,,untuk semua jenis kulit spf uva uvb protector skin barrier protect anti flek anti - aging,1,Perawatan Wajah dan Jerawat
clinelle firming cream,clinelle,cream,,firming,2,Anti-Aging dan Sunscreen
erto men serum malam niacinamide centella brigtening white,erto men,serum,niacinamide centella,"brigtening white, malam",4,Brightening dan Perawatan Kulit Cerah
erto night cream malam mencerahkan glowing brightening untuk kulit normal kering white moisturizer pelembab wajah,erto,"cream, moisturizer pelembab wajah",,"night, malam mencerahkan glowing brightening untuk kulit normal kering white",0,Skincare Dasar dan Hidrasi
westcare exfoliating face wash,westcare,face wash,,exfoliating,1,Perawatan Wajah dan Jerawat
sabun aha bha pha cleanser wajah ph balanced untuk kulit jerawat,,"sabun, cleanser wajah",aha bha pha,ph balanced untuk kulit jerawat,2,Anti-Aging dan Sunscreen
erto glowing day cream siang mencerahkan brightening white untuk kulit kering normal,erto,cream,,"siang mencerahkan brightening white untuk kulit kering normal, glowing day",4,Brightening dan Perawatan Kulit Cerah
astaderm gel pelembab wajah,astaderm,gel pelembab wajah,,,4,Brightening dan Perawatan Kulit Cerah
sunscreen tone up serum sariayu spf 30 pa non alcohol,sariayu,sunscreen tone up serum,,spf 30 pa non alcohol,1,Perawatan Wajah dan Jerawat
sunscreen spf 30 pa tone up serum,,"tone up serum, sunscreen",,spf 30 pa,0,Skincare Dasar dan Hidrasi
sariayu hydraglow face serum,sariayu,face serum,,hydraglow,3,Perawatan Kulit dan Pelembap
sariayu mawar cleansing milk,sariayu,,"milk, mawar",cleansing,1,Perawatan Wajah dan Jerawat
erto expert spf 30 pa sunblock untuk semua jenis kulit,erto,sunblock,,"expert spf 30 pa, untuk semua jenis kulit",0,Skincare Dasar dan Hidrasi
ertos eyebag dark circle serum mata perawatan treatment eye cream menghilangkan kantong,ertos,"serum mata, cream",,"perawatan treatment eye, menghilangkan kantong, eyebag dark circle",1,Perawatan Wajah dan Jerawat
erto glowing gel mencerahkan brightening untuk kulit normal berminyak kering,erto,gel,,"mencerahkan brightening untuk kulit normal berminyak kering, glowing",0,Skincare Dasar dan Hidrasi
erto glowing facial toner untuk kulit kering brightening hydrating,erto,toner,,"untuk kulit kering brightening hydrating, glowing facial",2,Anti-Aging dan Sunscreen
physiogel moisturizer cleanser,physiogel,"cleanser, moisturizer",,,0,Skincare Dasar dan Hidrasi
clinelle skin smoothing scrub mask exfoliating wajah,clinelle,scrub mask,,"exfoliating wajah, skin smoothing",2,Anti-Aging dan Sunscreen
erto men serum siang niacinamide centella brigtening white,erto men,serum,niacinamide centella,"siang, brigtening white",1,Perawatan Wajah dan Jerawat
erto niacinamide serum mencerahkan noda hitam melembabkan meratakan warna kulit,erto,serum,niacinamide,mencerahkan noda hitam melembabkan meratakan warna kulit,0,Skincare Dasar dan Hidrasi
retinol serum untuk kulit berminyak glowing brightening vitamin anti - aging samarkan garis halus flek hitam,,serum,"retinol, vitamin","untuk kulit berminyak glowing brightening, anti - aging samarkan garis halus flek hitam",0,Skincare Dasar dan Hidrasi
sariayu moisturizer,sariayu,moisturizer,,,4,Brightening dan Perawatan Kulit Cerah
clinelle whitenup brightening spot essence,clinelle,essence,,whitenup brightening spot,3,Perawatan Kulit dan Pelembap
l oreal shampoo,l oreal,shampoo,,,3,Perawatan Kulit dan Pelembap
erto facial treatment sabun cuci wajah,erto,sabun cuci wajah,,facial treatment,3,Perawatan Kulit dan Pelembap
kelly lemon soap,kelly,soap,lemon,,3,Perawatan Kulit dan Pelembap
westcare rose hydrating toner,westcare,toner,rose,hydrating,1,Perawatan Wajah dan Jerawat
sariayu mawar cleansing milk,sariayu,,"milk, mawar",cleansing,3,Perawatan Kulit dan Pelembap
westcare glowing moisturizer,westcare,moisturizer,,glowing,4,Brightening dan Perawatan Kulit Cerah
astaderm cream pelembab kulit antioksidan,astaderm,cream pelembab kulit,,antioksidan,0,Skincare Dasar dan Hidrasi
astaderm cream pelembab kulit antioksidan,astaderm,cream pelembab kulit,,antioksidan,0,Skincare Dasar dan Hidrasi
ertos jerawat expert facial toner untuk kulit berminyak prone skin oil control anti inflamasi,ertos,toner,,"jerawat expert facial, untuk kulit berminyak prone skin oil control anti inflamasi",3,Perawatan Kulit dan Pelembap
erto eyelash serum bulu mata,erto,"eyelash serum, bulu mata",,,0,Skincare Dasar dan Hidrasi
ertos glowing kulit mencerahkan,ertos,,,"kulit mencerahkan, glowing",3,Perawatan Kulit dan Pelembap
dayman facial wash scrub extra cooling,dayman,facial wash scrub,,extra cooling,4,Brightening dan Perawatan Kulit Cerah
erto astaxanthine cream siang mencerahkan glowing untuk kulit normal kering white moisturizer anti flek hitam,erto,"cream, moisturizer",astaxanthine,"anti flek hitam, siang mencerahkan glowing untuk kulit normal kering white",4,Brightening dan Perawatan Kulit Cerah
physiogel moisturizer cleanser,physiogel,"cleanser, moisturizer",,,1,Perawatan Wajah dan Jerawat
westcare brightening face wash,westcare,face wash,,brightening,3,Perawatan Kulit dan Pelembap
erto glowing brightening white facial wash toner cream mencerahkan kulit wajah,erto,facial wash toner cream,,"glowing, mencerahkan kulit wajah, brightening white",2,Anti-Aging dan Sunscreen
erto glowing facial wash sabun cuci wajah cleanser ph balance untuk kulit normal kering brightening anti - aging hydrating mencerahkan,erto,"facial wash, sabun cuci wajah cleanser",,"glowing, ph balance untuk kulit normal kering brightening anti - aging hydrating mencerahkan",4,Brightening dan Perawatan Kulit Cerah
sariayu spf 30 pa tone up sunscreen serum,sariayu,tone up sunscreen serum,,spf 30 pa,1,Perawatan Wajah dan Jerawat
erto glowing night cream malam mencerahkan brightening white untuk kulit kering,erto,cream,,"malam mencerahkan brightening white untuk kulit kering, glowing night",3,Perawatan Kulit dan Pelembap
sariayu refreshing toner,sariayu,toner,,refreshing,3,Perawatan Kulit dan Pelembap
klinsen facial exfoliating,klinsen,,,facial exfoliating,1,Perawatan Wajah dan Jerawat
biokos nutrition nutrient cleanser,biokos,cleanser,nutrition nutrient,,4,Brightening dan Perawatan Kulit Cerah
mederma gel,mederma,gel,,,0,Skincare Dasar dan Hidrasi
sariayu age defense gel facial foam,sariayu,gel facial foam,,age defense,3,Perawatan Kulit dan Pelembap
dewi sri spa rose body mist,dewi sri spa,body mist,rose,,1,Perawatan Wajah dan Jerawat
biokos probiotic moisturizer cream gel,biokos,moisturizer cream gel,probiotic,,2,Anti-Aging dan Sunscreen
sariayu bright skin putih langsat moisturizer,sariayu,moisturizer,,bright skin putih langsat,1,Perawatan Wajah dan Jerawat
biokos pure balance oil control toner,biokos,toner,,pure balance oil control,1,Perawatan Wajah dan Jerawat
kahf face wash,kahf,face wash,,,2,Anti-Aging dan Sunscreen
renewage face wash,,face wash,,renewage,2,Anti-Aging dan Sunscreen
biokos nutrition facial foam,biokos,facial foam,nutrition,,0,Skincare Dasar dan Hidrasi
autan refresh,autan refresh,,,,3,Perawatan Kulit dan Pelembap
biokos age revitalize day cream spf30,biokos,cream,,"age revitalize day, spf30",3,Perawatan Kulit dan Pelembap
biokos age renew anti wrinkle revitalizing serum,biokos,serum,,age renew anti wrinkle revitalizing,3,Perawatan Kulit dan Pelembap
biokos daily protection sunscreen spray spf 50 vitamin c,biokos,sunscreen spray,vitamin c,"daily protection, spf 50",2,Anti-Aging dan Sunscreen
renewage face scrub,,face scrub,,renewage,2,Anti-Aging dan Sunscreen
happy green rosehip seed oil minyak biji,happy green,,rosehip seed oil minyak biji,,3,Perawatan Kulit dan Pelembap
fabil facial foam back young skin barrier cream melembabkan membersihkan wajah secara menyeluruh mencerahkan,fabil,"facial foam, cream",,"melembabkan membersihkan wajah secara menyeluruh, mencerahkan, back young skin barrier",1,Perawatan Wajah dan Jerawat
happy green almond oil,happy green,,almond oil,,3,Perawatan Kulit dan Pelembap
happy green maracuja oil minyak biji markisa,happy green,,maracuja oil minyak biji markisa,,3,Perawatan Kulit dan Pelembap
papain enzyme facial cleanser sabun cuci wajah pencerah jerawat pepaya bright mencerahkan,papain enzyme,"sabun cuci wajah, facial cleanser",pepaya,"bright, mencerahkan, pencerah jerawat",4,Brightening dan Perawatan Kulit Cerah
happy green black castor oil minyak hitam usda,happy green,,black castor oil minyak hitam usda,,1,Perawatan Wajah dan Jerawat
cerave foaming cleanser ceramide face wash oily skin,cerave,"face wash, foaming cleanser",ceramide,oily skin,3,Perawatan Kulit dan Pelembap
er 1 anti - aging intensive night cream aha txa aloe vera,er 1,cream,aha txa aloe vera,anti - aging intensive night,4,Brightening dan Perawatan Kulit Cerah
pure almond oil serum wajah,pure,serum wajah,almond oil,,1,Perawatan Wajah dan Jerawat
pure olive oil serum wajah,pure,serum wajah,olive oil,,1,Perawatan Wajah dan Jerawat
sulwhasoo ginseng rejuvenating ampoule perawatan wajah ampul anti - aging regenerating strengthening essence,sulwhasoo,essence,ginseng,"rejuvenating ampoule, perawatan wajah ampul anti - aging regenerating strengthening",0,Skincare Dasar dan Hidrasi
cerave hydrating cleanser moisturizing cream,cerave,"cream, cleanser",,"moisturizing, hydrating",2,Anti-Aging dan Sunscreen
er pure bright brightening pencerah serum night cream sunscreen facial wash cleanser toner,er,"sunscreen facial wash cleanser toner, cream, serum",,"pure bright, night, brightening pencerah",0,Skincare Dasar dan Hidrasi
sulwhasoo cleansing cleanser wajah anti - aging facial,sulwhasoo,cleanser,,"wajah anti - aging facial, cleansing",1,Perawatan Wajah dan Jerawat
cerave moisturising cream pump ceramide normal dry,cerave,cream pump,ceramide,"normal dry, moisturising",4,Brightening dan Perawatan Kulit Cerah
sulwhasoo ginseng rejuvenating cream rich moisturizer wajah pelembap anti - aging hydrating,sulwhasoo,cream rich moisturizer wajah pelembap,ginseng,"rejuvenating, anti - aging hydrating",1,Perawatan Wajah dan Jerawat
sulwhasoo ginseng brightening serum anti - aging wajah mencerahkan menenangkan kulit niacinamide essence pencerah,sulwhasoo,"essence, serum","niacinamide, ginseng","brightening, anti - aging wajah mencerahkan menenangkan kulit, pencerah",3,Perawatan Kulit dan Pelembap
happy green tamanu oil,happy green,,tamanu oil,,2,Anti-Aging dan Sunscreen
r1 kit cakep face wash calming essence toner refining bright serum uv watery shield sunscreen reviving midnight care,r1 kit cakep,"face wash, essence toner, sunscreen, serum",,"uv watery shield, refining bright, calming, reviving midnight care",4,Brightening dan Perawatan Kulit Cerah
happy green argan oil,happy green,,argan oil,,1,Perawatan Wajah dan Jerawat
happy green babassu oil,happy green,,babassu oil,,1,Perawatan Wajah dan Jerawat
sulwhasoo first activating serum 6th anti - aging essence boosting perawatan wajah strengthen skin barrier ginseng,sulwhasoo,"essence, serum",ginseng,"first, activating, 6th anti - aging, boosting perawatan wajah strengthen skin barrier",2,Anti-Aging dan Sunscreen
cerave normal to oily essential foaming cleanser moisturising lotion hydrating,cerave,"essential, lotion, foaming cleanser",,"moisturising, hydrating, normal to oily",2,Anti-Aging dan Sunscreen
er 1 brightening skin pencerah glowing day cream night toner wajah serum sunscreen facial cleanser,er 1,"cream, toner wajah serum sunscreen facial cleanser",,"brightening skin, night, pencerah glowing day",1,Perawatan Wajah dan Jerawat
sulwhasoo white ginseng radiance refining mask scrub exfoliating mencerahkan perawatan wajah anti - aging,sulwhasoo,mask scrub,ginseng,"exfoliating mencerahkan perawatan wajah anti - aging, radiance refining, white",3,Perawatan Kulit dan Pelembap
fabil basic hydration prep hydrasoothe barrier toner facial foam pelembap wajah mengatasi kemerahan iritasi kulit secara cepat cleanser yang tidak menimbulkan efek ketarik,fabil,"toner facial foam, cleanser",,"pelembap wajah mengatasi kemerahan iritasi kulit secara cepat, yang tidak menimbulkan efek ketarik, basic hydration prep hydrasoothe barrier",4,Brightening dan Perawatan Kulit Cerah
er daily calming soothing toner chamomile aha,er,toner,chamomile aha,daily calming soothing,1,Perawatan Wajah dan Jerawat
cerave resurfacing retinol serum jerawat prone skin,cerave,serum,retinol,"jerawat prone skin, resurfacing",1,Perawatan Wajah dan Jerawat
papain facial wash cleanser bright jerawat face sabun cuci wajah pepaya pencerah berminyak,papain,"facial wash, cleanser, sabun cuci wajah",pepaya,"bright jerawat face, pencerah berminyak",1,Perawatan Wajah dan Jerawat
happy green lavender,happy green,,lavender,,2,Anti-Aging dan Sunscreen
r1 mencerahkan tuntas,r1,,,mencerahkan tuntas,2,Anti-Aging dan Sunscreen
er 1 pure bright sunscreen niacinamide spf panthenol day cream uv matahari white dark spot pelembab,er 1,"pelembab, cream, sunscreen","niacinamide, panthenol","pure bright, spf, day, uv matahari white dark spot",1,Perawatan Wajah dan Jerawat
sulwhasoo ginseng rejuvenating cream anti - aging moisturizer wajah peptides,sulwhasoo,"moisturizer wajah, cream","peptides, ginseng","rejuvenating, anti - aging",0,Skincare Dasar dan Hidrasi
cerave daily moisturizing cream hydrating cleanser,cerave,"cream, cleanser",,"hydrating, daily moisturizing",3,Perawatan Kulit dan Pelembap
papain facial wash cleanser bright and jerawat face sabun cuci wajah pepaya pencerah,papain,"facial wash cleanser, sabun cuci wajah",pepaya,"bright and jerawat face, pencerah",0,Skincare Dasar dan Hidrasi
papain facial wash cleanser bright jerawat face sabun cuci wajah pepaya pencerah berminyak,papain,"facial wash, cleanser, sabun cuci wajah",pepaya,"bright jerawat face, pencerah berminyak",2,Anti-Aging dan Sunscreen
cerave foaming cleanser,cerave,foaming cleanser,,,1,Perawatan Wajah dan Jerawat
r1 calming essence toner wajah pria,r1,"pria, essence toner",,"wajah, calming",3,Perawatan Kulit dan Pelembap
essenli face and hair oil serum pelembab wajah,essenli,"pelembab wajah, face and hair oil serum",,,1,Perawatan Wajah dan Jerawat
fabil moringa sunscreen mist spf 45 pa spray melembabkan melindungi dari sinar uv halus tidak pedih mata mudah diserap tanpa alkohol,fabil,"sunscreen mist, spray",moringa,"melembabkan melindungi dari sinar uv, halus tidak pedih mata, mudah diserap tanpa alkohol, spf 45 pa",3,Perawatan Kulit dan Pelembap
fabil bakuchiol nephelium revitalizing serum mengurangi garis halus kerutan memperbaiki tekstur kulit retinol moringa cica alpha arbutin,fabil,serum,"cica alpha arbutin, retinol, moringa, bakuchiol nephelium","revitalizing, mengurangi garis halus kerutan, memperbaiki tekstur kulit",1,Perawatan Wajah dan Jerawat
r1 bersih tuntas face wash calming essence toner,r1,"face wash, essence toner",,"calming, bersih tuntas",2,Anti-Aging dan Sunscreen
happy green rosehip seed oil minyak biji,happy green,,rosehip seed oil minyak biji,,4,Brightening dan Perawatan Kulit Cerah
er 1 pure bright serum high anti oxidant alpha arbutin mencerahkan,er 1,serum,alpha arbutin,"pure bright, mencerahkan, high anti oxidant",0,Skincare Dasar dan Hidrasi
pure grapeseed oil minyak biji anggur serum wajah,pure,serum wajah,grapeseed oil minyak biji anggur,,4,Brightening dan Perawatan Kulit Cerah
lume facial cleanser komedo wajah,lume,facial cleanser,,"wajah, komedo",4,Brightening dan Perawatan Kulit Cerah
er pure bright purifying toner lactic acid aha,er,toner,lactic acid aha,pure bright purifying,4,Brightening dan Perawatan Kulit Cerah
cerave moisturising cream ceramide moisturizer normal dry skin,cerave,"cream, moisturizer",ceramide,"normal dry skin, moisturising",3,Perawatan Kulit dan Pelembap
dermapro cream pelembab kulit,dermapro,"pelembab, cream",,kulit,2,Anti-Aging dan Sunscreen
suu balm lotion pelembab tubuh untuk kulit kering sensitif rentan eksim aman ibu hamil menyusui ceramide lawan gatal no steroid cooling menthol,suu balm,lotion,ceramide,"pelembab tubuh untuk kulit kering sensitif rentan eksim, lawan gatal, aman ibu hamil menyusui, no steroid cooling menthol",2,Anti-Aging dan Sunscreen
er advanced anti - aging kerutan serum night cream day sunscreen facial wash cleanser toner,er,"sunscreen facial wash cleanser toner, cream, serum",,"night, advanced anti - aging, day, kerutan",4,Brightening dan Perawatan Kulit Cerah
hydrasoothe barrier toner infused serum pelembap wajah meredakan kemerahan mengatasi iritasi kulit,,toner infused serum,,"pelembap wajah meredakan kemerahan mengatasi iritasi kulit, hydrasoothe barrier",3,Perawatan Kulit dan Pelembap
sulwhasoo uv daily essential sunscreen tabir surya semua jenis kulit,sulwhasoo,essential sunscreen tabir surya,,"semua jenis kulit, uv daily",0,Skincare Dasar dan Hidrasi
happy green rose water damascena,happy green,,rose water damascena,,2,Anti-Aging dan Sunscreen
happy green jojoba oil,happy green,,jojoba oil,,2,Anti-Aging dan Sunscreen
sulwhasoo first activating serum 6th anti - aging essence boosting perawatan wajah strengthen skin barrier ginseng,sulwhasoo,"essence, serum",ginseng,"first, activating, 6th anti - aging, boosting perawatan wajah strengthen skin barrier",3,Perawatan Kulit dan Pelembap
r1 reviving midnight care cream malam wajah pria,r1,"wajah, cream",,"pria, malam, reviving midnight care",0,Skincare Dasar dan Hidrasi
r1 pagi face wash uv watery shield sunscreen,r1,"face wash, sunscreen",,"uv watery shield, pagi",1,Perawatan Wajah dan Jerawat
r1 face wash sabun wajah pria,r1,face wash sabun wajah pria,,,0,Skincare Dasar dan Hidrasi
sulwhasoo uv daily tone up sunscreen tabir surya semua jenis kulit,sulwhasoo,tone up sunscreen tabir surya,,"semua jenis kulit, uv daily",0,Skincare Dasar dan Hidrasi
er pure bright moisturizer night cream arbutin,er,"cream, moisturizer",arbutin,"pure bright, night",0,Skincare Dasar dan Hidrasi
happy green rice bran oil bekatul,happy green,,rice bran oil bekatul,,3,Perawatan Kulit dan Pelembap
sulwhasoo,sulwhasoo,,,,1,Perawatan Wajah dan Jerawat
fabil niacinamide centella bright serum mencerahkan menghilangkan noda hitam meratakan warna kulit wajah tetap terhidrasi sepanjang hari sehat cica licorice,fabil,serum,"niacinamide centella, cica licorice","mencerahkan menghilangkan noda hitam meratakan warna kulit wajah tetap terhidrasi sepanjang hari sehat, bright",4,Brightening dan Perawatan Kulit Cerah
20 niacinamide rice glow booster serum mencerahkan menghilangkan noda hitam meratakan warna kulit wajah,20,serum,niacinamide rice,"glow booster, mencerahkan menghilangkan noda hitam meratakan warna kulit wajah",3,Perawatan Kulit dan Pelembap
bdl soap sabun pepaya membersihkan,bdl,"sabun, soap",pepaya,membersihkan,0,Skincare Dasar dan Hidrasi
flacenta brightening soap pearl,flacenta,soap,pearl,brightening,3,Perawatan Kulit dan Pelembap
bdl moisturizer night cream papaya pelembab wajah mencerahkan meratakan warna kulit vitamin e,bdl,"cream, moisturizer","vitamin e, papaya","night, pelembab wajah mencerahkan meratakan warna kulit",4,Brightening dan Perawatan Kulit Cerah
bdl facial wash papaya bengkuang manggis sabun cuci wajah untuk mencerahkan menghilangkan jerawat flek hitam,bdl,"facial wash, sabun cuci wajah",papaya bengkuang manggis,untuk mencerahkan menghilangkan jerawat flek hitam,0,Skincare Dasar dan Hidrasi
bdl facial wash papaya bengkuang manggis sabun cuci wajah untuk mencerahkan menghilangkan jerawat flek hitam,bdl,"facial wash, sabun cuci wajah",papaya bengkuang manggis,untuk mencerahkan menghilangkan jerawat flek hitam,4,Brightening dan Perawatan Kulit Cerah
bdl brightening soap,bdl,soap,,brightening,2,Anti-Aging dan Sunscreen
bdl papaya facial wash,bdl,facial wash,papaya,,2,Anti-Aging dan Sunscreen
bdl facial wash,bdl,facial wash,,,1,Perawatan Wajah dan Jerawat
bdl sabun papaya facial wash brightening soap untuk kulit berminyak jerawat,bdl,"sabun, facial wash, soap",papaya,"brightening, untuk kulit berminyak jerawat",3,Perawatan Kulit dan Pelembap
poise facial foam anti bacterial,poise,facial foam,,anti bacterial,1,Perawatan Wajah dan Jerawat
poise sabun wajah white,poise,sabun wajah,,white,0,Skincare Dasar dan Hidrasi
poise facial foam clearshine,poise,facial foam,,clearshine,2,Anti-Aging dan Sunscreen
poise facial foam anti jerawat,poise,facial foam,,anti jerawat,3,Perawatan Kulit dan Pelembap
poise facial foam white,poise,facial foam,,white,3,Perawatan Kulit dan Pelembap
dojako basic glowing perawatan kulit optimal amino acid cleanser toner cream spf 50 pa,dojako,"cleanser toner, cream",amino acid,"basic glowing perawatan kulit optimal, spf 50 pa",1,Perawatan Wajah dan Jerawat
dojako milk hydrating toner face mist setting spray,dojako,toner face mist setting spray,milk,hydrating,1,Perawatan Wajah dan Jerawat
wardah bright creamy foam brightening smooth glow,wardah,creamy foam,,"brightening smooth glow, bright",2,Anti-Aging dan Sunscreen
glikoderm clarifying facial cleanser,glikoderm,facial cleanser,,clarifying,0,Skincare Dasar dan Hidrasi
paul joe hydrating gel,paul joe,gel,,hydrating,3,Perawatan Kulit dan Pelembap
glikoderm moisturizing cream,glikoderm,cream,,moisturizing,2,Anti-Aging dan Sunscreen
labore sensitive cream,labore,cream,,sensitive,3,Perawatan Kulit dan Pelembap
garnier men turbolight oil control brightening scrub,garnier men,scrub,,turbolight oil control brightening,0,Skincare Dasar dan Hidrasi
do skin brightening serum aging,do skin,serum,,"brightening, aging",1,Perawatan Wajah dan Jerawat
dojako basic bumil busui facial foam amino acid cleanser toner sunscreen spf50 pa,dojako,"facial foam, cleanser toner, sunscreen",amino acid,"spf50 pa, basic bumil busui",3,Perawatan Kulit dan Pelembap
dojako lawan bintik flek hitam cream sunscreen facial foam,dojako,cream sunscreen facial foam,,lawan bintik flek hitam,2,Anti-Aging dan Sunscreen
dojako serum proxylane mencerahkan mengencangkan wajah kulit kering jerawat glutathione anti - aging kerutan oat,dojako,serum,"oat, glutathione, proxylane","anti - aging kerutan, mencerahkan mengencangkan wajah kulit kering jerawat",0,Skincare Dasar dan Hidrasi
wardah lightening face toner clean white,wardah,face toner,,"clean white, lightening",0,Skincare Dasar dan Hidrasi
jf jerawat spot care cleanser,jf,cleanser,,jerawat spot care,1,Perawatan Wajah dan Jerawat
topicare soothing cream,topicare,cream,,soothing,4,Brightening dan Perawatan Kulit Cerah
dojako glowing awet muda amino acid cleanser toner serum anti kerut pelembab cream spf 50 pa,dojako,"pelembab cream, cleanser toner, serum",amino acid,"spf 50 pa, glowing awet muda, anti kerut",3,Perawatan Kulit dan Pelembap
white flek hitam jerawat dojako,dojako,,,white flek hitam jerawat,1,Perawatan Wajah dan Jerawat
toner jerawat treatment obat totol facial wash dojako,dojako,"obat totol facial wash, toner",,jerawat treatment,4,Brightening dan Perawatan Kulit Cerah
kahf oil and jerawat care face wash,kahf,face wash,,oil and jerawat care,3,Perawatan Kulit dan Pelembap
mata bintitan timbilan pengempis benjolan kelopak propolis sm,sm,,propolis,mata bintitan timbilan pengempis benjolan kelopak,4,Brightening dan Perawatan Kulit Cerah
cream anti noda bintik flek hitam hilang dojako memutihkan mencerahkan pelembab penghilang hyaluronic acid vitamin c,dojako,"pelembab, cream",hyaluronic acid vitamin c,"memutihkan mencerahkan, penghilang, anti noda bintik flek hitam hilang",0,Skincare Dasar dan Hidrasi
paul joe lotion,paul joe,lotion,,,3,Perawatan Kulit dan Pelembap
ichtiyol zalf,ichtiyol zalf,,,,0,Skincare Dasar dan Hidrasi
paul joe cleansing gel,paul joe,gel,,cleansing,2,Anti-Aging dan Sunscreen
viva milk cleanser cucumber,viva,cleanser,"cucumber, milk",,2,Anti-Aging dan Sunscreen
complete easy,complete easy,,,,2,Anti-Aging dan Sunscreen
glowing jerawat dojako,dojako,,,glowing jerawat,2,Anti-Aging dan Sunscreen
facial foam serum jerawat dojako,dojako,facial foam serum,,jerawat,4,Brightening dan Perawatan Kulit Cerah
oilum hydrating care facial,oilum,facial,,hydrating care,3,Perawatan Kulit dan Pelembap
do skin daily day cream sunscreen spf,do skin,cream sunscreen,,"spf, daily day",2,Anti-Aging dan Sunscreen
derma xp white serum,derma xp,serum,,white,0,Skincare Dasar dan Hidrasi
blink n clean,blink n clean,,,,4,Brightening dan Perawatan Kulit Cerah
do skin brightening night cream,do skin,cream,,brightening night,1,Perawatan Wajah dan Jerawat
labore sensitive skin nutrition gel,labore,gel,,"skin nutrition, sensitive",3,Perawatan Kulit dan Pelembap
paul joe,paul joe,,,,1,Perawatan Wajah dan Jerawat
propolis sm penghilang panu anak kulit badan wajah,sm,,propolis,"kulit badan wajah, penghilang panu anak",2,Anti-Aging dan Sunscreen
melanox cream,melanox,cream,,,3,Perawatan Kulit dan Pelembap
hanasui vitamin c collagen serum,hanasui,serum,vitamin c collagen,,2,Anti-Aging dan Sunscreen
octenilin gel,octenilin,gel,,,0,Skincare Dasar dan Hidrasi
amino acid cleanser facial foam sabun cuci wajah dojako mengencangkan membersihkan cleansing mencerahkan natural bamboo charcoal,dojako,cleanser facial foam sabun cuci wajah,"bamboo charcoal, amino acid",mengencangkan membersihkan cleansing mencerahkan natural,3,Perawatan Kulit dan Pelembap
do skin jerawat cleanser,do skin,cleanser,,jerawat,0,Skincare Dasar dan Hidrasi
do skin facial toner,do skin,facial toner,,,3,Perawatan Kulit dan Pelembap
bio oil,bio oil,,,,4,Brightening dan Perawatan Kulit Cerah
jf sulfur jerawat protect soap,jf,soap,sulfur,jerawat protect,1,Perawatan Wajah dan Jerawat
dear doer cleansing mask cleanser,dear doer,mask cleanser,,cleansing,2,Anti-Aging dan Sunscreen
cream glowing white facial foam dojako,dojako,"facial foam, cream",,glowing white,3,Perawatan Kulit dan Pelembap
xpeditions mcs ss jerawat,xpeditions mcs ss,,,jerawat,0,Skincare Dasar dan Hidrasi
wardah bright creamy foam oil control,wardah,creamy foam,,"bright, oil control",2,Anti-Aging dan Sunscreen
ovale facial lotion lemon,ovale,facial lotion,lemon,,3,Perawatan Kulit dan Pelembap
dojako anti - aging cream glowing serum anti kerut facial foam,dojako,"facial foam, cream, serum",,"glowing, anti kerut, anti - aging",2,Anti-Aging dan Sunscreen
ovale facial lotion white bengkoang,ovale,facial lotion,bengkoang,white,2,Anti-Aging dan Sunscreen
cream glowing flek hitam dojako,dojako,cream,,glowing flek hitam,2,Anti-Aging dan Sunscreen
pixy white serum mist,pixy,serum mist,,white,1,Perawatan Wajah dan Jerawat
olay perawatan kulit anti - aging wajah moisturizer cleanser,olay,moisturizer cleanser,,perawatan kulit anti - aging wajah,2,Anti-Aging dan Sunscreen
revox b77 glycolic acid serum peeling exfoliating wajah,revox b77,serum,glycolic acid,peeling exfoliating wajah,1,Perawatan Wajah dan Jerawat
olay anti ageing serum,olay,serum,,anti ageing,1,Perawatan Wajah dan Jerawat
olay regenerist day cream serum antiaging,olay,cream serum,,"day, regenerist, antiaging",0,Skincare Dasar dan Hidrasi
olay regenerist cream pelembab pagi malam anti - aging,olay,cream pelembab,,"regenerist, pagi malam anti - aging",0,Skincare Dasar dan Hidrasi
olay regenerist mircro cream night,olay,cream,,"night, regenerist mircro",1,Perawatan Wajah dan Jerawat
olay white radiance night cream,olay,cream,,white radiance night,4,Brightening dan Perawatan Kulit Cerah
argan oil essential,,essential,argan oil,,2,Anti-Aging dan Sunscreen
you vitamin orange,you,,vitamin orange,,3,Perawatan Kulit dan Pelembap
parasol face sunscreen cream spf 33,parasol,face sunscreen cream,,spf 33,4,Brightening dan Perawatan Kulit Cerah
olay revitalising night cream antiaging niacinamide,olay,cream,niacinamide,"revitalising night, antiaging",4,Brightening dan Perawatan Kulit Cerah
olay moisturising cream spf15 anti - aging,olay,cream,,"moisturising, spf15 anti - aging",0,Skincare Dasar dan Hidrasi
parasol cooling mist sun spray tabir surya spf25 pa,parasol,mist sun spray tabir surya,,"cooling, spf25 pa",3,Perawatan Kulit dan Pelembap
peau jeune serum dry skin daily hydrating shot untuk kulit kering wajah essence,peau jeune,"essence, serum",,dry skin daily hydrating shot untuk kulit kering wajah,4,Brightening dan Perawatan Kulit Cerah
parasol sunscreen lotion skin whitener spf 45 pa,parasol,sunscreen lotion,,skin whitener spf 45 pa,2,Anti-Aging dan Sunscreen
olay regenerist moisturizer uv cream,olay,"cream, moisturizer",,"uv, regenerist",1,Perawatan Wajah dan Jerawat
melanox face scrub,melanox,face scrub,,,2,Anti-Aging dan Sunscreen
vitamin c serum wajah ferulic acid untuk mencerahkan melindungi kulit kusam,,serum wajah,"ferulic acid, vitamin c",untuk mencerahkan melindungi kulit kusam,1,Perawatan Wajah dan Jerawat
melanox facial cleansing gel cleanser wajah lemon papaya oat,melanox,gel cleanser wajah,lemon papaya oat,facial cleansing,2,Anti-Aging dan Sunscreen
olay perawatan kulit sensitif,olay,,,perawatan kulit sensitif,1,Perawatan Wajah dan Jerawat
olay regenerist collagen peptide moisturizer,olay,moisturizer,collagen peptide,regenerist,1,Perawatan Wajah dan Jerawat
olay regenerist perawatan kulit anti - aging serum cream pagi malam,olay,serum cream,,"pagi malam, regenerist perawatan kulit anti - aging",0,Skincare Dasar dan Hidrasi
parasol moisturizing spray,parasol,spray,,moisturizing,4,Brightening dan Perawatan Kulit Cerah
melanox cleansing gel toner uv protection perawatan mencerahkan wajah,melanox,"toner, gel",,"uv protection perawatan mencerahkan wajah, cleansing",2,Anti-Aging dan Sunscreen
minimalist oat cleanser face wash sabun cuci wajah hyaluronic acid untuk kulit sensitif,minimalist,cleanser face wash sabun cuci wajah,"oat, hyaluronic acid",untuk kulit sensitif,4,Brightening dan Perawatan Kulit Cerah
sun flower sunflower oil minyak biji bunga matahari,sun flower,,sunflower oil minyak biji bunga matahari,,0,Skincare Dasar dan Hidrasi
olay perawatan wajah anti - aging,olay,,,"perawatan wajah, anti - aging",3,Perawatan Kulit dan Pelembap
reglow,reglow,,,,1,Perawatan Wajah dan Jerawat
niacinamide serum wajah untuk mengurangi minyak noda ha hyaluronic,,serum wajah,"niacinamide, ha, hyaluronic",untuk mengurangi minyak noda,1,Perawatan Wajah dan Jerawat
olay retinol serum wajah anti - aging,olay,serum wajah,retinol,anti - aging,4,Brightening dan Perawatan Kulit Cerah
olay luminous niacinamide vitamin c cream pelembab brightening,olay,cream pelembab,niacinamide vitamin c,"brightening, luminous",1,Perawatan Wajah dan Jerawat
olay regenerist cream pelembab pagi sabun wajah anti - aging,olay,"sabun wajah, cream pelembab",,"regenerist, pagi, anti - aging",4,Brightening dan Perawatan Kulit Cerah
olay niacinamide antiaging cream serum,olay,cream serum,niacinamide,antiaging,4,Brightening dan Perawatan Kulit Cerah
minimalist salicylic acid cleanser anti jerawat face wash sabun cuci wajah untuk kulit berminyak,minimalist,"face wash, cleanser, sabun cuci wajah",salicylic acid,"untuk kulit berminyak, anti jerawat",3,Perawatan Kulit dan Pelembap
olay antiaging niacinamide day cream serum,olay,cream serum,niacinamide,"day, antiaging",0,Skincare Dasar dan Hidrasi
pixy uv sunscreen hydra cream spf50 pa,pixy,"cream, sunscreen",,"uv, spf50 pa, hydra",4,Brightening dan Perawatan Kulit Cerah
olay regenerist sabun cuci wajah pelembab retinol moisturizer antiaging,olay,"sabun cuci wajah pelembab, moisturizer",retinol,"regenerist, antiaging",4,Brightening dan Perawatan Kulit Cerah
peau jeune toner daily purifying skin booster untuk kulit jerawat berminyak wajah mencerahkan,peau jeune,toner,,daily purifying skin booster untuk kulit jerawat berminyak wajah mencerahkan,0,Skincare Dasar dan Hidrasi
parasol sunscreen cream,parasol,sunscreen cream,,,0,Skincare Dasar dan Hidrasi
olay white radiance brightening niacinamide essence,olay,essence,niacinamide,white radiance brightening,4,Brightening dan Perawatan Kulit Cerah
olay regenerist micro cream,olay,cream,,regenerist micro,1,Perawatan Wajah dan Jerawat
pixy vitamin infused protecting mist,pixy,mist,vitamin,infused protecting,2,Anti-Aging dan Sunscreen
astalift white emulsion,astalift,emulsion,,white,3,Perawatan Kulit dan Pelembap
derma xp txa white serum mencerahkan kulit wajah,derma xp txa,serum,,"mencerahkan kulit wajah, white",1,Perawatan Wajah dan Jerawat
olay luminous niacinamide brightening serum,olay,serum,niacinamide,"brightening, luminous",4,Brightening dan Perawatan Kulit Cerah
ceramide madecassoside barrier repair moisturizing cream moisturizer pelembab wajah ursolic acid untuk kulit berminyak pagi malam hyaluronic,,cream moisturizer pelembab wajah,"hyaluronic, ursolic acid, ceramide madecassoside","untuk kulit berminyak, barrier repair moisturizing, pagi malam",2,Anti-Aging dan Sunscreen
olay cream pelembab retinol 24 anti - aging,olay,cream pelembab,retinol,24 anti - aging,1,Perawatan Wajah dan Jerawat
pixy white facial wash,pixy,facial wash,,white,4,Brightening dan Perawatan Kulit Cerah
melanox double power eyes perawatan serum cream mata,melanox,serum cream,,"double power eyes perawatan, mata",3,Perawatan Kulit dan Pelembap
olay regenerist retinol niacinamide moisturizer cream pelembab malam anti - aging,olay,moisturizer cream pelembab,"niacinamide, retinol","regenerist, malam anti - aging",3,Perawatan Kulit dan Pelembap
olay moisturizer cream pencerah pelembab wajah,olay,"pelembab wajah, moisturizer cream",,pencerah,3,Perawatan Kulit dan Pelembap
niacinamide serum zinc untuk mengurangi minyak noda,,serum,"niacinamide, zinc",untuk mengurangi minyak noda,4,Brightening dan Perawatan Kulit Cerah
revox b77 resveratrol ferulic acid serum,revox b77 resveratrol,serum,ferulic acid,,3,Perawatan Kulit dan Pelembap
olay regenerist moisturizer wajah micro sculpting day cream retinol 24 night anti - aging,olay,"moisturizer wajah, cream",retinol,"regenerist, 24 night anti - aging, micro sculpting day",0,Skincare Dasar dan Hidrasi
olay luminous intensive white cream pencerah,olay,cream,,"pencerah, luminous intensive white",0,Skincare Dasar dan Hidrasi
olay luminous intensive lotion,olay,lotion,,luminous intensive,0,Skincare Dasar dan Hidrasi
olay foaming face wash cleanser,olay,foaming face wash cleanser,,,4,Brightening dan Perawatan Kulit Cerah
pixy white aqua brightening moisturizer,pixy,moisturizer,,white aqua brightening,4,Brightening dan Perawatan Kulit Cerah
olay anti ageing night cream perawatan pelembab wajah,olay,cream,,"perawatan pelembab wajah, anti ageing night",2,Anti-Aging dan Sunscreen
olay retinol perawatan wajah cream moisturizer malam cleanser regenerist anti - aging,olay,"cream moisturizer, cleanser",retinol,"perawatan wajah, regenerist anti - aging, malam",2,Anti-Aging dan Sunscreen
minimalist marula oil moisturizer hyaluronic acid vitamin e kulit kering,minimalist,moisturizer,"hyaluronic acid vitamin e, marula oil",kulit kering,3,Perawatan Kulit dan Pelembap
peau jeune toner hydrating skin booster untuk kulit kering,peau jeune,toner,,hydrating skin booster untuk kulit kering,4,Brightening dan Perawatan Kulit Cerah
minimalist vitamin c serum wajah untuk pencerah kulit brightening kusam mencerahkan,minimalist,serum wajah,vitamin c,untuk pencerah kulit brightening kusam mencerahkan,2,Anti-Aging dan Sunscreen
olay perawatan malam,olay,,,perawatan malam,0,Skincare Dasar dan Hidrasi
revox retinol age control jerawat prone skin safe,revox,,retinol,age control jerawat prone skin safe,0,Skincare Dasar dan Hidrasi
luckymen purifying deep facial wash membantu bersihkan kotoran menghilangkan jerawat,luckymen,facial wash,,"membantu bersihkan kotoran menghilangkan jerawat, purifying deep",2,Anti-Aging dan Sunscreen
melanox facial cleansing gel membersihkan mencerahkan wajah extract lemon papaya oat face cleanser,melanox,"face cleanser, facial cleansing gel",extract lemon papaya oat,membersihkan mencerahkan wajah,4,Brightening dan Perawatan Kulit Cerah
parasol sunscreen spray cooling mist moisturing,parasol,"sunscreen spray, mist",,"cooling, moisturing",1,Perawatan Wajah dan Jerawat
astalift aquarysta astaxanthin anti - aging serum booster moisturizer,astalift,serum booster moisturizer,"astaxanthin, aquarysta",anti - aging,1,Perawatan Wajah dan Jerawat
olay regenerist mircro serum perawatan wajah,olay,serum,,"perawatan wajah, regenerist mircro",4,Brightening dan Perawatan Kulit Cerah
revox b77 lactic acid peeling solution serum exfoliating mencerahkan wajah,revox b77,serum,lactic acid,"exfoliating mencerahkan wajah, peeling solution",2,Anti-Aging dan Sunscreen
revox daily sun shield sunscreen spf50,revox,sunscreen,,"daily sun shield, spf50",1,Perawatan Wajah dan Jerawat
labore sensitive barrier revive cream,labore,cream,,"sensitive, barrier revive",0,Skincare Dasar dan Hidrasi
olay day cream spf,olay,cream,,"day, spf",0,Skincare Dasar dan Hidrasi
olay regenerist pelembab wajah anti - aging,olay,pelembab wajah,,"regenerist, anti - aging",3,Perawatan Kulit dan Pelembap
olay sabun wajah,olay,sabun wajah,,,0,Skincare Dasar dan Hidrasi
melanox toner melembabkan mencerahkan wajah extract lemon oat papaya,melanox,toner,extract lemon oat papaya,melembabkan mencerahkan wajah,2,Anti-Aging dan Sunscreen
olay regenerist sabun cuci wajah pelembab retinol moisturizer anti - aging,olay,"sabun cuci wajah pelembab, moisturizer",retinol,"regenerist, anti - aging",2,Anti-Aging dan Sunscreen
parasol lotion tabir surya spf45 pa,parasol,lotion tabir surya,,spf45 pa,3,Perawatan Kulit dan Pelembap
olay day cream,olay,cream,,day,2,Anti-Aging dan Sunscreen
olay perawatan wajah noda hitam kerutan anti - aging day night cream,olay,cream,,perawatan wajah noda hitam kerutan anti - aging day night,4,Brightening dan Perawatan Kulit Cerah
olay day cream spf,olay,cream,,"day, spf",2,Anti-Aging dan Sunscreen
pixy uv sunscreen gel spf50 pa,pixy,"gel, sunscreen",,"uv, spf50 pa",3,Perawatan Kulit dan Pelembap
luckymen purifying facial wash ampuh bersihkan kotoran kurangi minyak berlebih cegah jerawat,luckymen,facial wash,,"purifying, ampuh bersihkan kotoran kurangi minyak berlebih cegah jerawat",3,Perawatan Kulit dan Pelembap
olay antiaging cream niacinamide,olay,cream,niacinamide,antiaging,2,Anti-Aging dan Sunscreen
olay regenerist retinol24 night serum revitalising cream cleanser sabun wajah antiaging,olay,"cream cleanser sabun wajah, serum",retinol24,"night, regenerist, revitalising, antiaging",2,Anti-Aging dan Sunscreen
olay perawatan wajah regenerist pelembab advanced anti - aging cream pagi malam serum,olay,"pelembab, cream, serum",,"perawatan wajah regenerist, advanced anti - aging, pagi malam",2,Anti-Aging dan Sunscreen
formula brave glowing membantu bersihkan kotoran,formula,,,"membantu bersihkan kotoran, brave glowing",2,Anti-Aging dan Sunscreen
aha bha exfoliator hyaluronic acid untuk warna tekstur kulit wajah merata essence vitamin,,essence,"aha bha, hyaluronic acid, vitamin","exfoliator, untuk warna tekstur kulit wajah merata",2,Anti-Aging dan Sunscreen
olay sabun wajah,olay,sabun wajah,,,4,Brightening dan Perawatan Kulit Cerah
minimalist peptide serum anti - aging collagen boosting,minimalist,serum,"peptide, collagen","boosting, anti - aging",1,Perawatan Wajah dan Jerawat
melanox white cream perawatan mencerahkan,melanox,cream,,"perawatan mencerahkan, white",0,Skincare Dasar dan Hidrasi
olay regenerist collagen peptide serum,olay,serum,collagen peptide,regenerist,3,Perawatan Kulit dan Pelembap
astalift white essence serum brightening astaxanthin,astalift,essence serum,,"brightening, astaxanthin, white",2,Anti-Aging dan Sunscreen
olay pencerah white,olay,,,pencerah white,0,Skincare Dasar dan Hidrasi
olay age protect cream pelembab,olay,cream pelembab,,age protect,3,Perawatan Kulit dan Pelembap
pixy vitamin infused brightening mist,pixy,mist,vitamin,infused brightening,3,Perawatan Kulit dan Pelembap
olay perawatan wajah retinol serum pelembab malam cream moisturizer anti - aging,olay,"cream moisturizer, serum pelembab",retinol,"perawatan wajah, anti - aging, malam",2,Anti-Aging dan Sunscreen
parasol moisturizing spray aloe vera vitamin c,parasol,spray,aloe vera vitamin c,moisturizing,2,Anti-Aging dan Sunscreen
parasol moisturizing spray soothing relaxing aloe vera menenangkan kulit terbakar matahari sunburn,parasol,spray,aloe vera,"moisturizing, soothing relaxing, menenangkan kulit terbakar matahari sunburn",4,Brightening dan Perawatan Kulit Cerah
carmed essence moisturizing lotion pelembab kulit kering moisturizer,carmed,"moisturizer, essence, lotion",,"moisturizing, pelembab kulit kering",2,Anti-Aging dan Sunscreen
minimalist salicylic acid serum wajah untuk basmi jerawat komedo minyak berlebih hyaluronic,minimalist,serum wajah,"salicylic acid, hyaluronic",untuk basmi jerawat komedo minyak berlebih,0,Skincare Dasar dan Hidrasi
minimalist granactive retinoid moisturizer pelembab wajah cream malam anti - aging hyaluronic acid untuk menyamarkan garis halus kerutan vitamin,minimalist,moisturizer pelembab wajah cream,"hyaluronic acid, vitamin, granactive retinoid","untuk menyamarkan garis halus kerutan, malam anti - aging",1,Perawatan Wajah dan Jerawat
olay regenerist antiaging niacinamide serum,olay,serum,niacinamide,"regenerist, antiaging",4,Brightening dan Perawatan Kulit Cerah
olay cream perawatan wajah spf,olay,cream,,"perawatan wajah, spf",0,Skincare Dasar dan Hidrasi
olay perawatan kulit normal,olay,,,perawatan kulit normal,3,Perawatan Kulit dan Pelembap
guasha jade facial wajah kering,guasha jade,,,facial wajah kering,2,Anti-Aging dan Sunscreen
olay antiaging niacinamide cleanser day night cream,olay,"cream, cleanser",niacinamide,"antiaging, day night",3,Perawatan Kulit dan Pelembap
lanore cleansing gel white antiaging serum,lanore,"cleansing gel, serum",,white antiaging,1,Perawatan Wajah dan Jerawat
olay regenerist revitalising cleanser wajah,olay,cleanser wajah,,regenerist revitalising,4,Brightening dan Perawatan Kulit Cerah
acnemed facial wash oily skin cleanser membersihkan kulit wajah berminyak,acnemed,"facial wash, cleanser",,"oily skin, wajah berminyak, membersihkan kulit",1,Perawatan Wajah dan Jerawat
olay regenerist revitalising hydration uv cream,olay,cream,,regenerist revitalising hydration uv,3,Perawatan Kulit dan Pelembap
rosehip cold pressed,rosehip,,,cold pressed,2,Anti-Aging dan Sunscreen
olay pelembab anti - aging,olay,pelembab,,anti - aging,0,Skincare Dasar dan Hidrasi
pixy beauty protecting mist,pixy,mist,,beauty protecting,0,Skincare Dasar dan Hidrasi
olay regenerist retinol 24 night serum antiaging,olay,serum,retinol,"regenerist, antiaging, 24 night",4,Brightening dan Perawatan Kulit Cerah
olay luminous niacinamide vitamin c serum wajah,olay,serum wajah,niacinamide vitamin c,luminous,4,Brightening dan Perawatan Kulit Cerah
parasol cooling mist sun spray spf 25 pa,parasol,mist sun spray,,"cooling, spf 25 pa",3,Perawatan Kulit dan Pelembap
olay pencerah white radiance,olay,,,pencerah white radiance,4,Brightening dan Perawatan Kulit Cerah
olay day cream spf,olay,cream,,"day, spf",4,Brightening dan Perawatan Kulit Cerah
melanox serum cream mencerahkan wajah,melanox,serum cream,,mencerahkan wajah,4,Brightening dan Perawatan Kulit Cerah
lunamer foam facial wash cleanser anti jerawat sabun cuci wajah,lunamer,"sabun cuci wajah, foam facial wash cleanser",,anti jerawat,2,Anti-Aging dan Sunscreen
olay luminous intensive lotion,olay,lotion,,luminous intensive,2,Anti-Aging dan Sunscreen
kaleido patch,kaleido,patch,,,4,Brightening dan Perawatan Kulit Cerah
olay regenerist pelembab pagi retinol serum moisturizer anti - aging,olay,"pelembab, serum moisturizer",retinol,"regenerist, pagi, anti - aging",3,Perawatan Kulit dan Pelembap
olay anti - aging,olay,,,anti - aging,2,Anti-Aging dan Sunscreen
parasol sunscreen lotion spf 30 pa vitamin e aloe vera,parasol,sunscreen lotion,vitamin e aloe vera,spf 30 pa,2,Anti-Aging dan Sunscreen
lanore white anti - aging serum mencerahkan glutathione perawatan antiaging,lanore,serum,glutathione,"perawatan antiaging, white anti - aging, mencerahkan",4,Brightening dan Perawatan Kulit Cerah
sabun spirulina facial soap wajah,,"sabun, facial soap wajah",spirulina,,0,Skincare Dasar dan Hidrasi
olay antiaging niacinamide day cream,olay,cream,niacinamide,"day, antiaging",3,Perawatan Kulit dan Pelembap
olay regenerist micro cream,olay,cream,,regenerist micro,0,Skincare Dasar dan Hidrasi
olay foaming cleanser,olay,foaming cleanser,,,3,Perawatan Kulit dan Pelembap
acnemed facial wash oily skin membersihkan wajah berminyak,acnemed,facial wash,,"oily skin, membersihkan wajah berminyak",4,Brightening dan Perawatan Kulit Cerah
melanox white serum mencerahkan wajah membantu menyamarkan flek hitam,melanox,serum,,"mencerahkan wajah membantu menyamarkan flek hitam, white",4,Brightening dan Perawatan Kulit Cerah
ms glow jerawat serum membantu merawat kulit,ms glow,serum,,"jerawat, membantu merawat kulit",1,Perawatan Wajah dan Jerawat
ms glow flawless gel pencerah pelembap,ms glow,gel,,"flawless, pencerah pelembap",0,Skincare Dasar dan Hidrasi
jf cleanser sabun antibakteri untuk gatal kulit,jf,"sabun, cleanser",,antibakteri untuk gatal kulit,4,Brightening dan Perawatan Kulit Cerah
ms glow men facial wash cleanser wajah pria,ms glow men,facial wash cleanser,,wajah pria,1,Perawatan Wajah dan Jerawat
ms glow jerawat toner,ms glow,toner,,jerawat,3,Perawatan Kulit dan Pelembap
jf anti jerawat facial foam sabun cleanser wajah,jf,"facial foam, sabun cleanser wajah",,anti jerawat,4,Brightening dan Perawatan Kulit Cerah
parasol face sunscreen cream spf 33 tabir surya pelindung kulit dari sinar uv,parasol,"face sunscreen cream, tabir surya",33,"pelindung kulit dari sinar uv, spf",3,Perawatan Kulit dan Pelembap
ms glow ultimate night cream malam untuk anti - aging,ms glow,cream,,"ultimate night, malam untuk anti - aging",4,Brightening dan Perawatan Kulit Cerah
ms glow facial wash sabun cleanser wajah,ms glow,facial wash sabun cleanser wajah,,,3,Perawatan Kulit dan Pelembap
glycore cream menyamarkan kulit gelap flek hitam,glycore,cream,,menyamarkan kulit gelap flek hitam,4,Brightening dan Perawatan Kulit Cerah
cetaphil cleanser wajah tubuh,cetaphil,cleanser,,wajah tubuh,4,Brightening dan Perawatan Kulit Cerah
derma xp uv protector cream spf 30 sunscreen oily and jerawat skin,derma xp,"cream, sunscreen",,"uv protector, spf 30, oily and jerawat skin",4,Brightening dan Perawatan Kulit Cerah
clean clear foaming face wash sabun cleanser wajah,clean clear,foaming face wash sabun cleanser wajah,,,0,Skincare Dasar dan Hidrasi
topicare cleanser wajah tubuh kulit kering,topicare,cleanser wajah,,tubuh kulit kering,0,Skincare Dasar dan Hidrasi
ms glow white serum,ms glow,serum,,white,3,Perawatan Kulit dan Pelembap
sodermix cream merawat scar atau bekas luka,sodermix,cream,,merawat scar atau bekas luka,1,Perawatan Wajah dan Jerawat
sabun papaya brightening face wash cleanser wajah,papaya,"sabun, face wash cleanser wajah",,brightening,4,Brightening dan Perawatan Kulit Cerah
derma cream pelembab kulit antioksidant,derma,cream,,pelembab kulit antioksidant,1,Perawatan Wajah dan Jerawat
soft u derm intensive hydro cream pelembab kulit kering,soft u derm,cream,,"pelembab kulit kering, intensive hydro",4,Brightening dan Perawatan Kulit Cerah
atocalm daily cream pelembab kulit kering,atocalm,cream pelembab,,"kulit kering, daily",1,Perawatan Wajah dan Jerawat
ms glow white day cream pagi untuk mencerahkan kulit,ms glow,cream,,"white day, pagi untuk mencerahkan kulit",3,Perawatan Kulit dan Pelembap
jf jerawat protect care facial foam cleanser wajah kulit,jf,facial foam cleanser,,"wajah kulit, jerawat protect care",0,Skincare Dasar dan Hidrasi
seger co ultimate brightening facial wash wajah cleanser sulfate niacinamide vitamin e membersihkan kotoran tanpa menyebabkan iritasi kulit kering sekaligus melembabkan mencerahkan,seger co,"facial wash, cleanser",sulfate niacinamide vitamin e,"wajah, membersihkan kotoran tanpa menyebabkan iritasi kulit kering sekaligus melembabkan mencerahkan, ultimate brightening",1,Perawatan Wajah dan Jerawat
seger snow lightening cream perawatan wajah mencerahkan pelembab kulit niacinamide vitamin b3 melembutkan meningkatkan elastisitas menyamarkan noda hitam moisturizer,seger snow,"pelembab, cream, moisturizer",niacinamide vitamin b3,"perawatan wajah mencerahkan, lightening, melembutkan meningkatkan elastisitas menyamarkan noda hitam, kulit",3,Perawatan Kulit dan Pelembap
seger snow lightening cream perawatan dewasa anak menjaga kelembaban kulit wajah badan,seger snow,cream,,"lightening, perawatan dewasa anak menjaga kelembaban kulit wajah badan",4,Brightening dan Perawatan Kulit Cerah
seger snow moisturizer cream pelembab wajah,seger snow,moisturizer cream,,pelembab wajah,4,Brightening dan Perawatan Kulit Cerah
seger snow ultimate anti - aging night cream anti penuaan dini melembabkan membantu menyamarkan noda hitam pelembab wajah pencerah moisturizer,seger snow,"pelembab wajah, cream, moisturizer",,"anti penuaan dini melembabkan membantu menyamarkan noda hitam, pencerah, ultimate anti - aging night",4,Brightening dan Perawatan Kulit Cerah
seger snow lightening cream perawatan wajah pencerah pelembab melembabkan mencerahkan kulit hitam,seger snow,"pelembab, cream",,"lightening, melembabkan mencerahkan kulit hitam, perawatan wajah pencerah",4,Brightening dan Perawatan Kulit Cerah
seger co pelembab wajah ultimate lightening serum cream niacinamide,seger co,"pelembab wajah, serum cream",niacinamide,ultimate lightening,2,Anti-Aging dan Sunscreen
seger snow cream moisturizer pelembab pencerah wajah,seger snow,"cream, moisturizer",,pelembab pencerah wajah,0,Skincare Dasar dan Hidrasi
seger snow sunscreen cream spf 30 pa perawatan wajah tabir surya facial melindungi dari paparan sinar matahari mencerahkan mencegah noda hitam,seger snow,"sunscreen cream, tabir surya",,"perawatan wajah, facial melindungi dari paparan sinar matahari mencerahkan mencegah noda hitam, spf 30 pa",3,Perawatan Kulit dan Pelembap
seger snow ultimate anti - aging night cream anti penuaan dini melembabkan membantu menyamarkan noda hitam perawatan pencerah pelembab moisturizer,seger snow,"cream, pelembab moisturizer",,"anti penuaan dini melembabkan membantu menyamarkan noda hitam perawatan pencerah, ultimate anti - aging night",4,Brightening dan Perawatan Kulit Cerah
seger snow vanishing cream pelembab pencerah wajah mencerahkan,seger snow,cream pelembab,,"vanishing, pencerah wajah mencerahkan",0,Skincare Dasar dan Hidrasi
seger snow ultimate lightening anti - aging cream moisturizer vitamin b3 perawatan wajah mencegah penuaan dini menghidrasi mencerahkan kulit pelembab pencerah menghilangkan noda hitam,seger snow,"pelembab, cream moisturizer",vitamin b3,"perawatan wajah mencegah penuaan dini menghidrasi mencerahkan kulit, ultimate lightening anti - aging, pencerah menghilangkan noda hitam",1,Perawatan Wajah dan Jerawat
seger snow moisturizer cream perawatan wajah pelembab melembutkan mencerahkan melembabkan kulit,seger snow,moisturizer cream,,perawatan wajah pelembab melembutkan mencerahkan melembabkan kulit,4,Brightening dan Perawatan Kulit Cerah
seger snow lightening cream untuk wajah lebih mencerahkan menjaga kelembaban kulit meratakan warna pelembab pencerah moisturizer perawatan hitam,seger snow,"cream, moisturizer",,"untuk wajah lebih mencerahkan menjaga kelembaban kulit meratakan warna pelembab pencerah, perawatan hitam, lightening",3,Perawatan Kulit dan Pelembap
seger co ultimate brightening oil control facial wash cleansing wajah bersih mencerahkan bebas minyak jerawat tanpa cekit kotoran angkat cleanser,seger co,facial wash,,"cleansing wajah bersih mencerahkan bebas minyak jerawat tanpa cekit kotoran angkat cleanser, ultimate brightening oil control",4,Brightening dan Perawatan Kulit Cerah
1 seger snow lightening cream membantu mencerahkan wajah niacinamide pencerah pelembab moisturizer vitamin,1 seger snow,"cream, pelembab moisturizer","niacinamide, vitamin","lightening, pencerah, membantu mencerahkan wajah",2,Anti-Aging dan Sunscreen
seger snow ultimate lightening cream niacinamide vitamin e melembutkan menutrisi kulit melembabkan wajah pelembab mencerahkan wanita,seger snow,"pelembab, cream",niacinamide vitamin e,"melembutkan menutrisi kulit melembabkan wajah, mencerahkan wanita, ultimate lightening",0,Skincare Dasar dan Hidrasi
seger co ultimate brightening cleansing oil control facial wash cleanser pelembab wajah tanpa cekit sulfate kulit bersih iritasi perawatan pencerah,seger co,facial wash cleanser,sulfate,"pelembab wajah tanpa cekit, kulit bersih, iritasi, ultimate brightening cleansing oil control, perawatan pencerah",2,Anti-Aging dan Sunscreen
seger snow glowing elsa wajah moisturizer lightening cream niacinamide membersihkan melembabkan kulit kering kusam gelap meratakan warna melembutkan mencerahkan hitam,"seger snow, elsa","cream, moisturizer",niacinamide,"wajah, glowing, lightening, membersihkan melembabkan kulit kering kusam gelap meratakan warna melembutkan mencerahkan hitam",2,Anti-Aging dan Sunscreen
seger co cleansing oil control facial wash cleanser membersihkan kotoran mengurangi kelebihan minyak melembutkan mencerahkan untuk kulit berminyak,seger co,facial wash cleanser,,"melembutkan mencerahkan untuk kulit berminyak, membersihkan kotoran mengurangi kelebihan minyak, cleansing oil control",1,Perawatan Wajah dan Jerawat
seger snow lightening cream sunscreen spf30 melindungi menjaga kelembaban kulit dari paparan sinar matahari,seger snow,"cream, sunscreen",,"lightening, spf30 melindungi menjaga kelembaban kulit dari paparan sinar matahari",3,Perawatan Kulit dan Pelembap
seger co ultimate brightening facial wash sulfate cleanser ph mencerahkan membersihkan wajah,seger co,"facial wash, cleanser","sulfate, ph","mencerahkan membersihkan wajah, ultimate brightening",3,Perawatan Kulit dan Pelembap
seger snow cream glyserin lotion perawatan kulit dewasa bayi anak,seger snow,"cream, lotion",glyserin,perawatan kulit dewasa bayi anak,2,Anti-Aging dan Sunscreen
seger snow ultimate moisturizing serum wajah membantu meningkatkan kelembaban kulit menyamarkan bintik hitam lebih sehat bercahaya perawatan kering,seger snow,serum wajah,,"membantu meningkatkan kelembaban kulit menyamarkan bintik hitam lebih sehat bercahaya perawatan kering, ultimate moisturizing",2,Anti-Aging dan Sunscreen
skintific niacinamide brightening cleanser facial wash sabun cuci wajah,skintific,cleanser facial wash sabun cuci wajah,niacinamide,brightening,4,Brightening dan Perawatan Kulit Cerah
skintific massager lifting eye cream mata anti - aging,skintific,cream,,"mata anti - aging, massager lifting eye",1,Perawatan Wajah dan Jerawat
viva white cream mencerahkan flek hitam bekas jerawat,viva,cream,,"mencerahkan flek hitam bekas jerawat, white",1,Perawatan Wajah dan Jerawat
dew it sunscreen mist sunblock perawatan badan,dew it,"sunscreen mist, sunblock",,perawatan badan,2,Anti-Aging dan Sunscreen
facetology triple care lip protector sunscreen spf 40 pa,facetology,sunscreen,,"triple care lip protector, spf 40 pa",2,Anti-Aging dan Sunscreen
cleora beauty natural exfoliating gel peeling scrub wajah jerawat cleanser kulit mati,cleora beauty,"gel peeling scrub wajah, cleanser",,"kulit mati, jerawat, natural exfoliating",3,Perawatan Kulit dan Pelembap
citra aloe bright uv,citra,,aloe,bright uv,2,Anti-Aging dan Sunscreen
cleora hydro boost cleansing gel face wash brightening niacinamide mencerahkan memperbaiki skin barrier wanita pria sabun cuci wajah ceramide facial membersihkan kotoran cleanser hydrating,cleora,"sabun cuci wajah, cleanser, gel face wash","niacinamide, ceramide","facial membersihkan kotoran, hydro boost cleansing, wanita pria, brightening, hydrating, mencerahkan memperbaiki skin barrier",3,Perawatan Kulit dan Pelembap
fair lovely bright glow facial foam,fair lovely,facial foam,,"bright, glow",4,Brightening dan Perawatan Kulit Cerah
cleora pore glow exfoliating toner centella asiatica aha 3 bha pha menyamarkan pori mencerahkan menghaluskan kulit mengurangi komedo jerawat acid wajah berminyak glycolic,cleora,toner,"acid, glycolic, centella asiatica aha 3 bha pha","wajah berminyak, pore glow exfoliating, menyamarkan pori mencerahkan menghaluskan kulit mengurangi komedo jerawat",4,Brightening dan Perawatan Kulit Cerah
la roche posay uvmune oil control gel cream sunscreen,la roche posay,gel cream sunscreen,,uvmune oil control,0,Skincare Dasar dan Hidrasi
clean clear oil control face paper minyak wajah,clean clear,face paper,,"minyak wajah, oil control",0,Skincare Dasar dan Hidrasi
safi ultimate bright night essential cleanser toner cream,safi,"essential, cleanser toner cream",,ultimate bright night,4,Brightening dan Perawatan Kulit Cerah
cetaphil cleanser moisturizing lotion,cetaphil,"cleanser, lotion",,moisturizing,1,Perawatan Wajah dan Jerawat
cetaphil daily exfoliating cleanser,cetaphil,cleanser,,daily exfoliating,0,Skincare Dasar dan Hidrasi
safi age defy advanced retinoid intense renewal moisturizer cream wajah anti - aging kulit lembap kenyal retinol,safi,moisturizer cream,"retinol, retinoid","wajah anti - aging kulit lembap kenyal, intense renewal, age defy advanced",0,Skincare Dasar dan Hidrasi
golden viera soap sabun multifungsi mengatasi jerawat wajah punggung,golden viera,soap sabun,,multifungsi mengatasi jerawat wajah punggung,0,Skincare Dasar dan Hidrasi
golden viera soap sabun multifungsi mengatasi jerawat wajah punggung,golden viera,soap sabun,,multifungsi mengatasi jerawat wajah punggung,3,Perawatan Kulit dan Pelembap
bright day cleanser safi ultimate purifying makeup remover,safi,cleanser,,"bright day, ultimate purifying makeup remover",3,Perawatan Kulit dan Pelembap
la roche posay foaming gel cleanser sabun wajah,la roche posay,"cleanser sabun wajah, foaming gel",,,3,Perawatan Kulit dan Pelembap
npure face toner wash centella asiatica cica,npure,face toner wash,centella asiatica cica,,2,Anti-Aging dan Sunscreen
mustela soothing cleansing gel sabun mandi bayi kulit sensitif,mustela,gel sabun mandi,,"bayi kulit sensitif, soothing cleansing",4,Brightening dan Perawatan Kulit Cerah
serum moisturizer cleanser sunscreen,,"serum moisturizer cleanser, sunscreen",,,2,Anti-Aging dan Sunscreen
la roche posay hyalu anti - aging serum skin sensitive,la roche posay,serum,hyalu,"skin sensitive, anti - aging",4,Brightening dan Perawatan Kulit Cerah
trueve moisturizer gel pelembab wajah pagi malam memperbaiki skin barrier rusak iritasi cocok untuk semua jenis kulit ceramide,trueve,moisturizer gel pelembab wajah,ceramide,pagi malam memperbaiki skin barrier rusak iritasi cocok untuk semua jenis kulit,3,Perawatan Kulit dan Pelembap
la roche posay vitamin c serum,la roche posay,serum,vitamin c,,4,Brightening dan Perawatan Kulit Cerah
viva peeling cream,viva,cream,,peeling,4,Brightening dan Perawatan Kulit Cerah
lumecolors compact powder pore blurring effect oil control,lumecolors,compact powder,,pore blurring effect oil control,3,Perawatan Kulit dan Pelembap
viva cleanser wajah milk spirulina,viva,cleanser wajah,milk spirulina,,4,Brightening dan Perawatan Kulit Cerah
viva vitamin c collagen serum,viva,serum,vitamin c collagen,,2,Anti-Aging dan Sunscreen
skintific panthenol jerawat calming water gel pelembab wajah,skintific,water gel pelembab wajah,panthenol,jerawat calming,1,Perawatan Wajah dan Jerawat
bromen ceramide moisturizer pelembab wajah pria perawatan mencerahkan,bromen,moisturizer pelembab,ceramide,wajah pria perawatan mencerahkan,1,Perawatan Wajah dan Jerawat
biore men scrub cool oil clear,biore men,scrub,,cool oil clear,3,Perawatan Kulit dan Pelembap
sariayu refreshing toner,sariayu,toner,,refreshing,0,Skincare Dasar dan Hidrasi
cetaphil cleanser,cetaphil,cleanser,,,1,Perawatan Wajah dan Jerawat
sunscreen facetology triple care hybrid,,"facetology, sunscreen",,triple care hybrid,0,Skincare Dasar dan Hidrasi
focalskin moisturizer lasting hydration cream calming soothing repair barrier panthenol ceramides hyaluronic acid hydrating perawatan wajah glowing vitamin menyegarkan menenangkan kemerahan melembabkan,focalskin,"cream, moisturizer","panthenol ceramides hyaluronic acid, vitamin","menyegarkan menenangkan kemerahan melembabkan, lasting hydration, hydrating perawatan wajah glowing, calming soothing repair barrier",0,Skincare Dasar dan Hidrasi
anua hyaluronic acid hydrating foaming cleanser,anua,foaming cleanser,hyaluronic acid,hydrating,3,Perawatan Kulit dan Pelembap
serum pelembap safi age defy advanced retinoid youthful renewal ampoule intense moisturizer wajah glowing cream anti - aging retinol,safi,"serum pelembap, cream, moisturizer","retinol, retinoid","youthful renewal ampoule intense, wajah glowing, anti - aging, age defy advanced",0,Skincare Dasar dan Hidrasi
cetaphil cleanser niacinamide glycerin panthenol sabun wajah untuk segala jenis kulit,cetaphil,"cleanser, sabun wajah",niacinamide glycerin panthenol,untuk segala jenis kulit,1,Perawatan Wajah dan Jerawat
glow safi age defy youth essence day cream,safi,"cream, essence",,"age defy youth, day, glow",0,Skincare Dasar dan Hidrasi
npure licorice light up brightening pad,npure,pad,licorice,light up brightening,4,Brightening dan Perawatan Kulit Cerah
anua cleansing oil quercetinol foam clear,anua,foam,quercetinol,"cleansing oil, clear",3,Perawatan Kulit dan Pelembap
safi glow cleanser,safi,cleanser,,glow,1,Perawatan Wajah dan Jerawat
anua moisturizing finish sunscreen,anua,sunscreen,,moisturizing finish,4,Brightening dan Perawatan Kulit Cerah
anua calm bright skin cleansing oil soothing toner serum,anua,"toner, serum",,calm bright skin cleansing oil soothing,1,Perawatan Wajah dan Jerawat
guasha oleca gel,guasha oleca,gel,,,3,Perawatan Kulit dan Pelembap
golden viera soap sabun multifungsi mengatasi jerawat wajah punggung,golden viera,soap sabun,,multifungsi mengatasi jerawat wajah punggung,1,Perawatan Wajah dan Jerawat
npure centella asiatica jerawat clear barrier moisturizer,npure,moisturizer,centella asiatica,jerawat clear barrier,2,Anti-Aging dan Sunscreen
cetaphil cleanser moisturizing lotion,cetaphil,"cleanser, lotion",,moisturizing,2,Anti-Aging dan Sunscreen
scora soothe micellar cleansing water low ph cleanser,scora,"cleanser, micellar",,"soothe, cleansing water low ph",4,Brightening dan Perawatan Kulit Cerah
npure face toner centella asiatica cica,npure,face toner,centella asiatica cica,,4,Brightening dan Perawatan Kulit Cerah
brighty glow it up body serum exfoliating toner mengurangi noda hitam pencerah kulit melembabkan memperkuat skin barier white menyamarkan penghilang,brighty,"toner, body serum",,"exfoliating, glow it up, mengurangi noda hitam pencerah kulit melembabkan memperkuat skin barier white menyamarkan penghilang",0,Skincare Dasar dan Hidrasi
brighty glow it up body serum glowing underarm mengurangi noda hitam pencerah kulit melembabkan memperkuat skin barier white menyamarkan penghilang,brighty,body serum,,"glow it up, glowing underarm mengurangi noda hitam pencerah kulit melembabkan memperkuat skin barier white menyamarkan penghilang",1,Perawatan Wajah dan Jerawat
brighty aha bha pha lha peeling solution glow bright soap sabun mandi white badan pencerah kulit exfoliating serum cleanser komedo bekas jerawat,brighty,"serum cleanser, soap sabun mandi",aha bha pha lha,"white badan pencerah kulit exfoliating, komedo bekas jerawat, peeling solution glow bright",2,Anti-Aging dan Sunscreen
biokos anti wrinkle overnight treatment,biokos,,,anti wrinkle overnight treatment,3,Perawatan Kulit dan Pelembap
viva anti wrinkle cream,viva,cream,,anti wrinkle,3,Perawatan Kulit dan Pelembap
cleora natural exfoliating gel perawatan wajah kusam melembutkan perontok bersihkan memudarkan komedo hitam facial scrub,cleora,"facial scrub, gel",,"memudarkan komedo hitam, perawatan wajah kusam melembutkan perontok bersihkan, natural exfoliating",4,Brightening dan Perawatan Kulit Cerah
duvaderm elderberry mild cleanser toner hyaluronic calming serum moisturizer face mist,duvaderm,"toner, face mist, cleanser, serum moisturizer","elderberry, hyaluronic","calming, mild",0,Skincare Dasar dan Hidrasi
brighty glow it up body serum bright soap,brighty,"body serum, soap",,"glow it up, bright",3,Perawatan Kulit dan Pelembap
utama balancing face serum,utama,face serum,,balancing,3,Perawatan Kulit dan Pelembap
cetaphil daily facial cleanser sabun cuci wajah untuk kulit berminyak sensitif gel foaming,cetaphil,"gel foaming, cleanser sabun cuci wajah",,"untuk kulit berminyak sensitif, daily facial",0,Skincare Dasar dan Hidrasi
facetology non comedogenic triple care sunscreen spf 40 pa,facetology,sunscreen,,"non comedogenic, triple care, spf 40 pa",3,Perawatan Kulit dan Pelembap
dew it face sun mist sunscreen spray kolagen spf 50 pa wajah waterproof sunblock,dew it,"face sun mist, sunscreen spray, sunblock",kolagen,spf 50 pa wajah waterproof,0,Skincare Dasar dan Hidrasi
anua heartleaf moisturizer sun cream,anua,moisturizer sun cream,heartleaf,,2,Anti-Aging dan Sunscreen
anua hyaluronic acid moisturizing gel cleanser,anua,gel cleanser,hyaluronic acid,moisturizing,2,Anti-Aging dan Sunscreen
cetaphil brightness reveal creamy cleanser,cetaphil,creamy cleanser,,brightness reveal,1,Perawatan Wajah dan Jerawat
cetaphil cleanser sabun cuci wajah,cetaphil,cleanser sabun cuci wajah,,,3,Perawatan Kulit dan Pelembap
duvaderm clarifying serum untuk kulit berminyak wajah jerawat oily,duvaderm,serum,,"untuk kulit berminyak, wajah jerawat oily, clarifying",3,Perawatan Kulit dan Pelembap
npure licorice toner,npure,toner,licorice,,1,Perawatan Wajah dan Jerawat
elsheskin purifying hydra toner facial treatment essence perawatan wajah pelembab centella hyaluronic acid ceramide calming hydrating,elsheskin,"toner, pelembab, essence",centella hyaluronic acid ceramide,"perawatan wajah, calming hydrating, facial treatment, purifying hydra",4,Brightening dan Perawatan Kulit Cerah
safi age defy cream cleanser wajah anti - aging,safi,cream cleanser,,"wajah anti - aging, age defy",2,Anti-Aging dan Sunscreen
npure cica jerawat face toner,npure,face toner,cica,jerawat,4,Brightening dan Perawatan Kulit Cerah
mustela hydrabebe facial cream wajah,mustela,facial cream wajah,hydrabebe,,0,Skincare Dasar dan Hidrasi
brighty aha white concentrate booster serum glowing moisturizing body bright kojic,brighty,serum,"kojic, aha","glowing moisturizing body bright, white concentrate booster",0,Skincare Dasar dan Hidrasi
brighty aha white concentrate booster serum,brighty,serum,aha,white concentrate booster,3,Perawatan Kulit dan Pelembap
anua birch moisturizer boosting serum,anua,"moisturizer, serum",birch,boosting,2,Anti-Aging dan Sunscreen
cetaphil daily facial moisturizer cleanser,cetaphil,"cleanser, moisturizer",,daily facial,4,Brightening dan Perawatan Kulit Cerah
viva white soothing aloe gel,viva,gel,aloe,white soothing,0,Skincare Dasar dan Hidrasi
ms glow facial wash sabun wajah cleanser jerawat bright anti - aging,ms glow,facial wash sabun wajah cleanser,,jerawat bright anti - aging,1,Perawatan Wajah dan Jerawat
viva white advanced face serum,viva,serum,,white advanced face,3,Perawatan Kulit dan Pelembap
yessica glowing cream wajah goat milk moisturizer pelembab,yessica,"pelembab, moisturizer, cream wajah",goat milk,glowing,3,Perawatan Kulit dan Pelembap
the originote hyalucera moisturizer gel hyaluronic acid ceramide menyembuhkan wajah,the originote,moisturizer gel,"hyalucera, hyaluronic acid ceramide",menyembuhkan wajah,0,Skincare Dasar dan Hidrasi
viva cleanser wajah air mawar,viva,cleanser wajah,air mawar,,0,Skincare Dasar dan Hidrasi
gatsby face wash oil clear solution clean charcoal,gatsby,face wash,charcoal,oil clear solution clean,0,Skincare Dasar dan Hidrasi
glycore cream,glycore,cream,,,0,Skincare Dasar dan Hidrasi
tree organic aloe vera mist rose,tree organic,mist,"aloe vera, rose",,1,Perawatan Wajah dan Jerawat
cleora glow exfoliating toner hydrating moisturizer gel centella asiatica aha bha pha hyaluronic acid mencerahkan menghaluskan melembabkan membersihkan wajah kulit berminyak kering jerawat,cleora,"moisturizer gel, toner",centella asiatica aha bha pha hyaluronic acid,"glow exfoliating, mencerahkan menghaluskan melembabkan membersihkan wajah kulit berminyak kering jerawat, hydrating",3,Perawatan Kulit dan Pelembap
ms glow pore away spot treatment pengecil pori,ms glow,,,pore away spot treatment pengecil pori,2,Anti-Aging dan Sunscreen
npure sunscreen cica sun glow matte spf 50 pa sunblock,npure,"sunblock, sunscreen",cica,sun glow matte spf 50 pa,3,Perawatan Kulit dan Pelembap
elformula intensive peeling solution serum dark spot exfoliating wajah,elformula,intensive peeling solution serum,,dark spot exfoliating wajah,3,Perawatan Kulit dan Pelembap
cicaplast,,,cicaplast,,2,Anti-Aging dan Sunscreen
ms glow men,ms glow men,,,,4,Brightening dan Perawatan Kulit Cerah
la roche posay anti jerawat darkspot,la roche posay,,,anti jerawat darkspot,0,Skincare Dasar dan Hidrasi
biore pore pack plester cleanser komedo wajah wanita,biore,pore pack plester cleanser,,komedo wajah wanita,2,Anti-Aging dan Sunscreen
anua bright and glow skin cleansing oil rice toner,anua,toner,oil rice,bright and glow skin cleansing,2,Anti-Aging dan Sunscreen
cetaphil cleanser moisturizing lotion,cetaphil,"cleanser, lotion",,moisturizing,1,Perawatan Wajah dan Jerawat
anua hyaluronic acid capsule serum,anua,"capsule, serum",hyaluronic acid,,0,Skincare Dasar dan Hidrasi
safi age defy essence,safi,essence,,age defy,2,Anti-Aging dan Sunscreen
anua heartleaf quercetinol pore deep cleansing foam,anua,foam,heartleaf quercetinol,pore deep cleansing,4,Brightening dan Perawatan Kulit Cerah
la roche posay cicaplast lotion toner wajah kulit kering,la roche posay,lotion toner,cicaplast,wajah kulit kering,2,Anti-Aging dan Sunscreen
anua rice milky toner,anua,toner,rice milky,,3,Perawatan Kulit dan Pelembap
camellia body mist,camellia,body mist,,,3,Perawatan Kulit dan Pelembap
npure gel cleanser,npure,gel cleanser,,,2,Anti-Aging dan Sunscreen
la roche posay cleanser peeling face wash anti noda hitam,la roche posay,"face wash, cleanser",,"anti noda hitam, peeling",3,Perawatan Kulit dan Pelembap
