text,merek,jenis_produk,kandungan,manfaat
bioaqua sheet mask hydrating essence face brightening moisturizing anti - aging wajah,bioaqua,"essence face, sheet mask",,"hydrating, brightening moisturizing, anti - aging wajah"
elformula intensive peeling solution serum exfoliating wajah mencerahkan dark spot angkat sel kulit mati aha bha pha,elformula,intensive peeling solution serum,aha bha pha,exfoliating wajah mencerahkan dark spot angkat sel kulit mati
rorec hchana mask sheet,rorec hchana,mask sheet,,
mask bubuk lea gloria size,lea gloria,mask bubuk,,size
patch pimple jerawat sticker menghilangkan angkat speedy solution anti trouble,,patch pimple jerawat sticker,,menghilangkan angkat speedy solution anti trouble
npure toner cica jerawat kulit berminyak travel size acid hydrating mencerahkan wajah kotoran,npure,toner,"cica, acid","jerawat kulit berminyak travel size, hydrating mencerahkan wajah kotoran"
facetology non comedogenic sunscreen triple care spf 40 pa,facetology,sunscreen,,"non comedogenic, triple care spf 40 pa"
camille,camille,,,
bioaqua sheet mask wajah white anti - aging repair moisturizing facial,bioaqua,sheet mask,,wajah white anti - aging repair moisturizing facial
the originote cicamide facial cleanser face wash sabun cuci wajah mencerahkan melembabkan ceramide niacinamide,the originote,facial cleanser face wash sabun cuci wajah,"ceramide niacinamide, cicamide",mencerahkan melembabkan
the originote hyalucera moisturizer gel pelembab wajah memperbaiki skin barrier primer menghidrasi kulit hyaluronic acid ceramide,the originote,moisturizer gel pelembab wajah,"hyaluronic acid ceramide, hyalucera",memperbaiki skin barrier primer menghidrasi kulit
glowsophy watermelon brightening moisturizer,glowsophy,moisturizer,watermelon,brightening
sadoer mask pelembab menghidrasi mengecilkan pori,sadoer,"mask, pelembab",,menghidrasi mengecilkan pori
the originote niaceramide sunscreen mist spf 50 pa spray melindungi wajah dari sinar matahari mencerahkan niacinamide ceramide,the originote,"spray, sunscreen mist","pa, niaceramide, niacinamide ceramide","spf 50, melindungi wajah dari sinar matahari mencerahkan"
poupeepou mask scrub lulur badan,poupeepou,"scrub lulur badan, mask",,
the originote mugwort b3 clay stick mask wajah jerawat menenangkan membuat kencang halus niacinamide,the originote,clay stick mask wajah,"mugwort b3, niacinamide",jerawat menenangkan membuat kencang halus
glad2glow centella soothing moisturizer gel cica pelembab wajah oil control hydrating jerawat cream day night memperbaiki skin barrier primer menghidrasi kulit,glad2glow,"moisturizer gel, jerawat cream, pelembab wajah, night","cica, centella soothing","day, oil control hydrating, memperbaiki skin barrier primer menghidrasi kulit"
wardah uv shield aqua fresh essence active protection serum spf 50 pa sunscreen sun screen,wardah,"sunscreen sun screen, serum, essence",,"active protection, uv shield aqua fresh, spf 50 pa"
green mask stick meidian wajah stik tea cleansing,meidian,"green mask stick, wajah stik",tea,cleansing
glad2glow blueberry moisturizer cream ceramide skin barrier repair pelembab wajah white facial day night malam,glad2glow,"pelembab wajah white, moisturizer cream","blueberry, ceramide","facial day night malam, skin barrier repair"
natur90 peel off mask goat milk charcoal naturgo jerawat wajah,"natur90, naturgo",peel off mask,"charcoal, goat milk",jerawat wajah
scora salicylic acid low ph cleanser sabun cuci wajah oily jerawat prone skin,scora,cleanser sabun cuci wajah,salicylic acid,"low ph, oily jerawat prone skin"
the originote bha charcoal clay mask wajah exfoliating angkat sel kulit mati menghilangkan minyak berlebih,the originote,clay mask wajah,bha charcoal,exfoliating angkat sel kulit mati menghilangkan minyak berlebih
the originote ceramella sunscreen spf50 pa serum untuk skin barrier protect melindungi dari sinar matahari ceramide vitamin c,the originote,"serum, sunscreen","ceramide vitamin c, ceramella","spf50 pa, untuk skin barrier protect melindungi dari sinar matahari"
skintific ceramide barrier moisturizer gel cream white wajah calming brightening dark spot pelembab facial day night niacinamide centella marine collagen hyaluronic acid,skintific,"moisturizer gel cream white wajah, pelembab facial","niacinamide centella marine collagen hyaluronic acid, ceramide","barrier, day night, calming brightening dark spot"
bioaqua sheet mask brightening moisturizing hydrating essence anti - aging wajah glowing,bioaqua,"essence, sheet mask",,"anti - aging wajah glowing, hydrating, brightening moisturizing"
little pop face mist camille,"little pop, camille",face mist,,
glad2glow pelembab wajah pomegranate niacinamide brightening moisturizer white cream serum pencerah blueberry ceramide skin barrier repair clay mask,glad2glow,"moisturizer white cream serum, clay mask, pelembab wajah","pomegranate, niacinamide, blueberry ceramide","pencerah, skin barrier repair, brightening"
whitelab brightening facial wash sabun cleanser wajah pencerah niacinamide hyaluronic collagen,whitelab,facial wash sabun cleanser wajah,niacinamide hyaluronic collagen,"pencerah, brightening"
jerawat patch penghilang kempes asam salisilat pengobatan menghilangkan wajah untuk perawatan kulit,,jerawat patch,asam salisilat,"pengobatan menghilangkan wajah untuk perawatan kulit, penghilang kempes"
scora niacinamide hydramoist gel pelembab wajah yang mencerahkan kulit memperbaiki skin barrier perfecting make up,scora,gel pelembab wajah,niacinamide,"yang mencerahkan kulit memperbaiki skin barrier perfecting make up, hydramoist"
sadoer sheet mask,sadoer,sheet mask,,
glad2glow clay mask wajah face cleansing stick salicylic acid anti pores jerawat penghilangkomedo centella facial wash mugwort menenangkan membuat kencang halus,glad2glow,"facial wash, clay mask wajah face cleansing stick","centella, mugwort, salicylic acid","menenangkan membuat kencang halus, anti pores jerawat penghilangkomedo"
facetology non comedogenic sunscreen triple care spf 40 pa,facetology,sunscreen,,"non comedogenic, triple care spf 40 pa"
the originote brightening moisturizer pelembab wajah untuk mencerahkan meratakan warna kulit niacinamide,the originote,moisturizer pelembab wajah,niacinamide,"untuk mencerahkan meratakan warna kulit, brightening"
azarine hydrasoothe sunscreen gel spf45 pa kulit berminyak jerawat,azarine,sunscreen gel,,"spf45 pa kulit berminyak jerawat, hydrasoothe"
npure cica jerawat toner kulit berminyak mencerahkan acid beruntusan hydrating wajah hitam,npure,toner,"cica, acid","kulit berminyak mencerahkan, jerawat, beruntusan hydrating wajah hitam"
azarine hydrasoothe sunscreen gel spf spf50 pa spf45 hydramax sunmoist toneup mist,azarine,"sunscreen gel, sunmoist toneup mist",,"spf spf50 pa spf45 hydramax, hydrasoothe"
bioaqua mask wajah face glowing rice milk oat red bean com protein soybean white firming delicate skin brightening moisturizing,bioaqua,mask wajah,rice milk oat red bean com protein soybean,"white firming delicate skin brightening moisturizing, face glowing"
implora shield sunscreen spf 40 pa sun screen tabir surya sunblock,implora,"sun screen tabir surya sunblock, sunscreen",,"shield, spf 40 pa"
viva milk cleanser susu face tonic penyegar toner air mawar,viva,"face tonic, milk cleanser, toner","susu, air mawar",penyegar
azarine calm my jerawat sunscreen moisturizer spf35 pa gel untuk kulit berminyak sensitif,azarine,"gel, sunscreen moisturizer",,"untuk kulit berminyak sensitif, spf35 pa, calm my jerawat"
jerawat pimple patch penghilang siang malam asam salisilat perawatan kulit skin repair,,jerawat pimple patch,asam salisilat,"siang malam, perawatan kulit skin repair, penghilang"
bioaqua essence sheet mask,bioaqua,essence sheet mask,,
azarine hydrasoothe sunscreen gel spf spf45 pa spf50,azarine,sunscreen gel,,"spf spf45 pa spf50, hydrasoothe"
jca20 spatula mask silikon facial kuas,jca20,"facial kuas, spatula mask",silikon,
viva milk cleanser face tonic air mawar susu toner penyegar,viva,"milk cleanser face tonic, toner",air mawar susu,penyegar
viva milk cleanser face tonic air mawar,viva,milk cleanser face tonic,air mawar,
the originote cica soothing moisturizer menenangkan kulit kemerahan mengunci hidrasi centella asiatica,the originote,moisturizer,"cica, centella asiatica","soothing, menenangkan kulit kemerahan mengunci hidrasi"
the originote hyalucera moisturizer gel hyaluron ceramide chlorelina pelembap wajah,the originote,"moisturizer gel, pelembap wajah","hyalucera, hyaluron ceramide chlorelina",
facetology non comedogenic sunscreen triple care spf 40 pa,facetology,sunscreen,,"non comedogenic, triple care spf 40 pa"
bioaqua sheet mask plant flowers eye facial brightening glowing moisturizing hydrating essence anti jerawat honey vitamin c pelembab kulit,bioaqua,"essence, pelembab, sheet mask","honey vitamin c, plant flowers","kulit, anti jerawat, hydrating, eye facial brightening glowing moisturizing"
skintific niacinamide brightening moisturizer gel cream white wajah calming dark spot pelembab facial day night arbutin acid,skintific,"moisturizer gel cream, pelembab facial","arbutin acid, niacinamide","white wajah calming dark spot, day night, brightening"
yessica tea tree strawberry anti pores jerawat clay stick mask,yessica,clay stick mask,tea tree strawberry,anti pores jerawat
azarine calm my jerawat sunscreen moisturizer spf35 pa gel untuk kulit berminyak sensitif,azarine,"gel, sunscreen moisturizer",,"untuk kulit berminyak sensitif, spf35 pa, calm my jerawat"
rorec hchana mask sheet,rorec hchana,mask sheet,,
meidian green tea stick mask cleanser pori komedo penghilang,meidian,stick mask cleanser,green tea,pori komedo penghilang
somethinc calm down skinpair cream moisturizer centella asiatica skin barrier kulit sensitif iritasi,somethinc,cream moisturizer,centella asiatica,"skin barrier kulit sensitif iritasi, calm down skinpair"
jerawat patch stiker hydrocolloid pimple,,"jerawat patch stiker, pimple",hydrocolloid,
bioaqua moisturizer cream white wajah penghilang flek hitam fade dark spot mencerahkan day night pelembab kering kusam moisturizing brightening,bioaqua,"cream white wajah, moisturizer, pelembab",,"penghilang flek hitam fade dark spot mencerahkan day night, kering kusam moisturizing brightening"
skin aqua uv white milk spf 50 pa putih,skin aqua,white milk,,"uv, spf 50 pa putih"
jerawat pimple patch stiker perawatan kulit penghilang acnes,,jerawat pimple patch stiker,,perawatan kulit penghilang acnes
poupeepou mask komedo gelatin,poupeepou,mask komedo,gelatin,
fleuri mask wajah lea gloria,"lea gloria, fleuri",mask wajah,,
gmeelan orange exfoliating gel peeling face gluta white cream day,gmeelan orange,"exfoliating gel peeling face, cream",gluta,"day, white"
meidian green tea mask cleansing clay stick wajah cleanser komedo,meidian,"mask, clay stick wajah cleanser",green tea,"komedo, cleansing"
the originote retinol b3 serum anti - aging menyamarkan garis halus meratakan warna kulit merawat jerawat vitamin niacinamide,the originote,serum,"retinol b3, vitamin, niacinamide",anti - aging menyamarkan garis halus meratakan warna kulit merawat jerawat
bioaqua sheet mask hydrating essence brightening face,bioaqua,"essence, sheet mask",,"hydrating, brightening face"
youbuy white and freckle removing cream serum brighten skin essence,youbuy,"cream serum, essence",,"brighten skin, white and freckle removing"
cream white putih,,cream,,white putih
some mi mask,some mi,mask,,
scora niacinamide hydramoist gel pelembab wajah yang mencerahkan kulit memperbaiki skin barrier perfecting make up,scora,gel pelembab wajah,niacinamide,"yang mencerahkan kulit memperbaiki skin barrier perfecting make up, hydramoist"
elformula intensive peeling solution,elformula,solution,,intensive peeling
elformula intensive cerahydro barrier repair moisturizer gel pelembab wajah untuk melembabkan kulit mencerahkan hyaluronic acid extract ceramide,elformula,moisturizer gel pelembab wajah,"hyaluronic acid, extract ceramide","untuk melembabkan kulit mencerahkan, intensive cerahydro barrier repair"
skin1004 centella ampoule,skin1004,ampoule,centella,
the originote ceratinol moisturizer retinol cream gel serum pelembab wajah menyamarkan garis halus mengencangkan ceramide,the originote,"moisturizer, cream gel serum pelembab wajah","retinol, ceratinol, ceramide",menyamarkan garis halus mengencangkan
whitelab intense brightening serum niacinamide pencerah wajah intensif oxy229 hyaluronic,whitelab,serum,"niacinamide, oxy229 hyaluronic","pencerah wajah intensif, intense brightening"
azarine aqua essence sun shield serum spf 50 pa hydrasoothe sunscreen gel spf45 bodyguard body saver moisturizer,azarine,"essence sun shield serum, moisturizer, sunscreen gel",aqua,"body saver, spf45 bodyguard, spf 50 pa hydrasoothe"
wardah uv shield jerawat calming sunscreen moisturizer spf 35 pa,wardah,sunscreen moisturizer,,"spf 35 pa, uv shield jerawat calming"
the originote ceraluronic essence toner melembabkan wajah menjaga skin barrier ceramide hyaluronic acid,the originote,essence toner,"ceraluronic, ceramide hyaluronic acid",melembabkan wajah menjaga skin barrier
madame gie protect sunscreen spf 30 pa calendula sunblock,madame gie,"sunblock, sunscreen",calendula,"spf 30 pa, protect"
bioaqua ceramide skin barrier repair moisturizer cream pelembab wajah white day night gel siang malam mousturizer moizturizer,bioaqua,"gel, mousturizer moizturizer, moisturizer cream pelembab wajah",ceramide,"siang malam, skin barrier repair, white day night"
sunny day cream sunscreen camille,camille,cream sunscreen,,sunny day
the originote gluta bright serum brightening untuk mencerahkan meratakan warna kulit wajah niacinamide,the originote,"bright, serum","niacinamide, gluta",brightening untuk mencerahkan meratakan warna kulit wajah
sabun papaya,papaya,sabun,,
you hy amino anti jerawat facial wash kulit berminyak,you hy,facial wash,amino,"anti jerawat, kulit berminyak"
the originote day night hyalu serum retinol,the originote,serum,"retinol, hyalu","day, night"
viva glowing white serum anti - aging peeling jerawat,viva,serum,,"anti - aging peeling jerawat, glowing white"
skinever peeling gel niacinamide white pengelupasan pembersihan mendalam mencerahkan wajah,skinever,peeling gel,niacinamide,white pengelupasan pembersihan mendalam mencerahkan wajah
ms glow night cream,ms glow,cream,,night
skin aqua uv white milk spf 50 pa putih,skin aqua,white milk,,"uv, spf 50 pa putih"
wardah uv shield essential sunscreen gel spf 35 pa tekstur ringan tidak lengket melembabkan semua jenis kulit mencegah penuaan dini,wardah,sunscreen gel,,"spf 35 pa, uv shield essential, tekstur ringan tidak lengket melembabkan semua jenis kulit mencegah penuaan dini"
azarine cicamide barrier calm my jerawat sunscreen moisturizer,azarine,sunscreen moisturizer,cicamide,barrier calm my jerawat
azarine cicamide barrier sunscreen moisturizer spf35 pa gel untuk skin protection kulit kering jerawat sensitif,azarine,"gel, sunscreen moisturizer",cicamide,"barrier, spf35 pa, untuk skin protection kulit kering jerawat sensitif"
alivee jerawat pimple patch stiker komedo untuk perawatan,alivee,pimple patch stiker,,"jerawat, komedo untuk perawatan"
ms glow facial wash,ms glow,facial wash,,
stiker jerawat hydrocolloid pimple patch,,"stiker jerawat, pimple patch",hydrocolloid,
ariul mask sheet,ariul,mask sheet,,
night cream ms glow malam jerawat ultimate white,ms glow,cream,,"malam, jerawat ultimate white, night"
jerawat patch penghilang kempes stiker,,"jerawat patch, stiker",,penghilang kempes
ms glow night cream white ultimate jerawat serum facial wash sabun men poreaway siang fight toner glowing darkspot acnespot,ms glow,"serum facial wash, sabun men, night cream, toner",,"glowing darkspot acnespot, poreaway siang fight, white ultimate jerawat"
the originote cica b5 soothing essence toner wajah menenangkan kulit kemerahan menyegarkan centella asiatica,the originote,essence toner wajah,"cica b5, centella asiatica","soothing, menenangkan kulit kemerahan menyegarkan"
cordycep cream cordy,"cordycep, cordy",cream,,
hanasui white serum,hanasui,serum,,white
you acneplus spot care obat totol jerawat centella,you,acneplus spot care obat totol jerawat,centella,
cetaphil gentle skin cleanser niacinamide glycerin panthenol sabun wajah untuk segala jenis kulit,cetaphil gentle skin,"sabun wajah, cleanser",niacinamide glycerin panthenol,untuk segala jenis kulit
salep glowing zayora untuk kulit susah putih,zayora,salep,,"glowing, untuk kulit susah putih"
skintific clay mask stick mugwort jerawat alaska volcano exfoliating pore detox komedo sleeping gel,skintific,"sleeping gel, clay mask stick, alaska volcano",mugwort,"exfoliating pore detox komedo, jerawat"
green tea mask stik cleansing wajah cleanser komedo,,"wajah cleanser, mask stik",green tea,"komedo, cleansing"
bioaqua sheet mask flowers,bioaqua,sheet mask,flowers,
salep flek,,salep flek,,
skintific panthenol gel cleanser facial wash acnes face sabun cuci wajah acner glowing barrier anti - aging exfoliating brightening white blackhead removal calming peeling dark spot cleansing amino acid ceramide,skintific,gel cleanser facial wash acnes face sabun cuci wajah,"amino acid ceramide, panthenol",acner glowing barrier anti - aging exfoliating brightening white blackhead removal calming peeling dark spot cleansing
choice cleora exfoliating gel aha bha pha untuk wanita pria niacinamide angkat sel kulit mati smooth brightening peeling face scrub pencerah,choice cleora,"exfoliating gel, peeling face","niacinamide, aha bha pha","angkat sel kulit mati smooth brightening, scrub pencerah, untuk wanita pria"
bioaqua sheet mask flowers,bioaqua,sheet mask,flowers,
glycore cream menyamarkan kulit gelap flek hitam,glycore,cream,,menyamarkan kulit gelap flek hitam
bioaqua sheet mask plant flowers eye facial brightening glowing moisturizing hydrating essence anti jerawat honey vitamin c pelembab kulit,bioaqua,"essence, sheet mask","honey vitamin c, plant flowers","pelembab kulit, anti jerawat, hydrating, eye facial brightening glowing moisturizing"
poupeepou mask wajah,poupeepou,mask wajah,,
alivee jerawat patch sticker penutuh pelindung,alivee,"sticker, jerawat patch",,penutuh pelindung
whitelab brightening toner pencerah wajah anti kusam niacinamide hyaluronic collagen,whitelab,toner,niacinamide hyaluronic collagen,"pencerah wajah anti kusam, brightening"
acnaway jerawat cream spot treatment obat totol anti penghilang bekas sulfur salicylic acid totarol,acnaway,"jerawat cream spot, obat totol",sulfur salicylic acid totarol,"treatment, anti penghilang bekas"
acnaway mugwort water gel moisturizer centella panthenol only jerawat skin,acnaway,water gel moisturizer,"centella panthenol, mugwort",only jerawat skin
skintific ceramide skin barrier moisturize gel moisturizer cream white wajah day night pelembab,skintific,"pelembab, moisturize gel moisturizer cream",ceramide,"white wajah day night, skin barrier"
implora serum wajah hydrating jerawat brightening peeling midnight,implora,serum wajah,,hydrating jerawat brightening peeling midnight
innisfree sheet mask,innisfree,sheet mask,,
ms glow day cream,ms glow,cream,,day
the originote dark spot serum,the originote,serum,,dark spot
skintific lactic acid skin renewal exfoliating serum peeling wajah mencerahkan dark spot tumpas komedo anti - aging anti acnedan angkat sel kulit mati aha succinic grapefruit,skintific,exfoliating serum peeling wajah,"lactic acid, aha succinic, grapefruit","mencerahkan dark spot tumpas komedo anti - aging anti acnedan angkat sel kulit mati, skin renewal"
jerawat patch penghilang acnes spot care plester stiker,,"jerawat patch, plester, stiker",,penghilang acnes spot care
skintific mugwort clay stick cleansing mask anti pores jerawat facial wajah wash green alaska volcano,skintific,"clay stick cleansing mask, facial wajah wash, green alaska volcano",mugwort,anti pores jerawat
yessica clay stick mask tea tree strawberry kulit berminyak jerawat membersihkan pori melembutkan menghaluskan tekstur mencegah mengatasi praktis mudah aplikasikan mengurangi sebum diwajah,yessica,clay stick mask,tea tree strawberry,"kulit berminyak jerawat membersihkan pori melembutkan menghaluskan tekstur mencegah mengatasi, praktis mudah aplikasikan mengurangi sebum diwajah"
gelatin komedo mask,,komedo mask,gelatin,
salep bl cream obat jerawat gatal eksim jamur,bl,"cream obat jerawat, salep",,gatal eksim jamur
sadoer sheet mask perawatan wajah,sadoer,sheet mask,,perawatan wajah
facetology triple care sunscreen spf 40 pa gel cleanser,facetology,"gel cleanser, sunscreen",,"triple care, spf 40 pa"
mask wajah green stick greentea penghilang komedo,,"mask wajah, stick","green, greentea",penghilang komedo
aqua uv moisturizer milk spf 50 tone up essence gel 30 25 white spf50,aqua,"moisturizer, tone up essence gel",milk,"30, 25 white spf50, uv, spf 50"
glad2glow mugwort salicylic acid jerawat clay stick mask stik cleanser komedo penghilang bekas,glad2glow,jerawat clay stick mask stik cleanser,mugwort salicylic acid,"penghilang bekas, komedo"
jerawat pimple patch sticker salicylic acid penghilang kempes asam salisilat pengobatan menghilangkan wajah untuk perawatan kulit,,jerawat pimple patch sticker,"asam salisilat, salicylic acid","pengobatan menghilangkan wajah untuk perawatan kulit, penghilang kempes"
bioaqua niacinamide brightening jerawat serum hydrating essence wajah menyamarkan flek hitam,bioaqua,"essence, jerawat serum",niacinamide,"hydrating, wajah menyamarkan flek hitam, brightening"
scora niacinamide hydramoist gel pelembab wajah yang mencerahkan kulit memperbaiki skin barrier perfecting make up,scora,gel pelembab wajah,niacinamide,"yang mencerahkan kulit memperbaiki skin barrier perfecting make up, hydramoist"
the originote jerawat serum anti inflamasi untuk merawat mencegah pertumbuhan salicylic acid,the originote,serum,salicylic acid,"jerawat, anti inflamasi untuk merawat mencegah pertumbuhan"
gmeelan orange exfoliating white gel meng angkat sel kulit mati,gmeelan orange,exfoliating white gel,,meng angkat sel kulit mati
bioaqua sheet mask sachet tissue wajah,bioaqua,sheet mask sachet tissue wajah,,
skin1004 madagascar centella tea trica spot patch,skin1004,spot patch,madagascar centella tea trica,
stickers jerawat patch,,"stickers, patch",,jerawat
skintific ceramide serum sunscreen spf50 pa sun repair invisible sunblock glowing barrier anti - aging brightening white mencerahkan wajah,skintific,"serum sunscreen, sunblock",ceramide,"glowing barrier anti - aging brightening white mencerahkan wajah, spf50 pa sun repair invisible"
pigeon teens series facial foam sabun cuci wajah moisturizer sleeping mask serum sunscreen,pigeon teens series,"facial foam sabun cuci wajah moisturizer, sleeping mask serum sunscreen",,
elsheskin radiant advance serum brightening anti kusam mencerahkan maksimal pudarkan noda hitam bekas jerawat tranexamic acid niacinamide symwhite kojic alpha arbutin,,elsheskin radiant advance serum,"tranexamic acid, kojic alpha arbutin, niacinamide symwhite",brightening anti kusam mencerahkan maksimal pudarkan noda hitam bekas jerawat
skin aqua sunscreen moisturizer milk gel white mild tone up uv,skin aqua,"tone up, gel, moisturizer, sunscreen",milk,"white mild, uv"
glowsophy cica panthenol soothing moisturizer,glowsophy,moisturizer,cica panthenol,soothing
scora panthenol low ph cleanser sabun cuci wajah sensitive skin,scora,cleanser sabun cuci wajah,panthenol,"low ph, sensitive skin"
wardah uv shield airy smooth sunscreen serum spf 50 pa ringan,wardah,sunscreen serum,,"uv shield airy smooth, ringan, spf 50 pa"
azarine hydrasoothe sunscreen gel spf 45 pa,azarine,sunscreen gel,,"spf 45 pa, hydrasoothe"
the originote mugwort b3 clay stick mask wajah membantu exfoliating menghilangkan minyak berlebih jerawat niacinamide,the originote,clay stick mask wajah,"mugwort b3, niacinamide",membantu exfoliating menghilangkan minyak berlebih jerawat
bioaqua sheet mask brightening moisturizing hydrating essence anti - aging wajah,bioaqua,"essence, sheet mask",,"hydrating, brightening moisturizing, anti - aging wajah"
you triple uv sunscreen spf50 pa tabir surya oil control untuk kulit berminyak uva uvb blue light oily skin selling,you,"tabir surya, sunscreen",,"spf50 pa, triple uv, oil control untuk kulit berminyak uva uvb blue light oily skin selling"
ghaniyyah cream erna,"ghaniyyah, erna",cream,,
viva face serum peeling glowing white anti - aging,viva,face serum,,peeling glowing white anti - aging
jerawat pimple patch stiker penghilang,,jerawat pimple patch stiker,,penghilang
skintific acid anti jerawat gel moisturizer melembabkan menghilangkan bekas kulit beruntusan exfoliating perawatan wajah calming pelembab white facial day cream night,skintific,"pelembab, gel moisturizer",acid,"white facial day cream night, melembabkan menghilangkan bekas kulit beruntusan exfoliating perawatan wajah calming, anti jerawat"
skintific ceramide low ph cleanser facial wash face sabun cuci wajah acner glowing barrier anti - aging exfoliating brightening white blackhead removal calming peeling dark spot amino acid hyaluronic,skintific,cleanser facial wash face sabun cuci wajah,"ceramide, amino acid hyaluronic","low ph, acner glowing barrier anti - aging exfoliating brightening white blackhead removal calming peeling dark spot"
viva white cream,viva,cream,,white
bioaqua sheet mask,bioaqua,sheet mask,,
dorskin matcha glow sleeping mask jerawat brightening pelembap cream pagi malam gel,dorskin,"sleeping mask, pelembap cream, gel",matcha,"glow, pagi malam, jerawat brightening"
seca skin renewal exfoliating peeling gel,seca,exfoliating peeling gel,,skin renewal
bioaqua sheet mask brightening moisturizing hydrating essence anti - aging,bioaqua,"essence, sheet mask",,"anti - aging, hydrating, brightening moisturizing"
white serum pencerah wajah,,serum,,"white, pencerah wajah"
somethinc biospicule renewal serum,somethinc,biospicule renewal serum,,
wardah bright creamy foam smooth glow oil control,wardah,bright creamy foam,,smooth glow oil control
hchana natural skin mask sheet rorec,"rorec, hchana",mask sheet,,natural skin
bioaqua sheet mask,bioaqua,sheet mask,,
natur90 peel off mask goat milk charcoal naturgo jerawat wajah,"natur90, naturgo",peel off mask,"charcoal, goat milk",jerawat wajah
bioaqua scrub wajah peeling gel niacinamide brightening smooth facial exfoliating face,bioaqua,scrub wajah peeling gel,niacinamide,brightening smooth facial exfoliating face
the originote jelly booster serum moisturizer mencerahkan meratakan warna kulit glutathione,the originote,jelly booster serum moisturizer,glutathione,mencerahkan meratakan warna kulit
implora face serum hydrating jerawat brightening peeling midnight white milkyampoule sunscreen sun shield tabir surya spf,implora,"face serum, tabir surya, sunscreen",milkyampoule,"sun shield, hydrating jerawat brightening peeling midnight white, spf"
grace and glow brightening sun lotion body serum spf 30 pa sunscreen sunblock badan anti uv arbutin bearberry,grace and glow,"sun lotion body serum, sunscreen sunblock",arbutin bearberry,"spf 30 pa, badan anti uv, brightening"
focallure spot patch jerawat treatment day night,focallure,spot patch jerawat,,treatment day night
jerawat patch penghilang acnes spot menghilangkan angkat speedy solution anti trouble,,jerawat patch,,"penghilang acnes spot, menghilangkan angkat speedy solution anti trouble"
jerawat patch transparan plester pagi malam ultra thin spot,,"jerawat patch transparan plester, ultra thin spot",,pagi malam
finally found you soy bright moisturizer primer makeup gel pelembab cream siang malam,finally found you soy,moisturizer primer makeup gel pelembab cream,,"bright, siang malam"
azarine hydrasoothe sunscreen gel spf45 pa sun screen tabir surya cream hydramax suncreen serum spf tone,azarine,"sunscreen gel, sun screen tabir surya cream, tone, suncreen serum",,"hydramax, spf, spf45 pa, hydrasoothe"
implora serum wajah,implora,serum wajah,,
exfoliating pad npure jerawat clear cica acid extract glycolic pha wajah bruntusan,npure,exfoliating pad,"cica, acid extract glycolic pha","jerawat clear, wajah bruntusan"
everpure sul jerawat spot drying lotion obat totol mengeringkan sulfur bha,everpure sul,lotion obat totol,sulfur bha,"jerawat spot drying, mengeringkan"
you daily defense sunscreen serum spf30 tabir surya uva uvb blue light lightweight dry skin,you,"tabir surya, sunscreen serum",,"daily defense, dry skin, uva uvb blue light lightweight, spf30"
azarine cicamide barrier sunscreen moisturizer spf35 pa,azarine,sunscreen moisturizer,cicamide,"barrier, spf35 pa"
bioaqua sheet mask fruits veggies buah sayur facial brightening moisturizing anti - aging wajah glowing glow,bioaqua,sheet mask,"buah sayur, fruits veggies","facial brightening moisturizing, anti - aging wajah glowing glow"
keymask,keymask,,,
jerawat patch hydrocolloids pimple repair skin penyerap serap minyak wajah oil control,,"jerawat patch, penyerap",hydrocolloids,"serap minyak wajah oil control, pimple repair skin"
collagen day night,,,collagen,day night
louisse choice ginseng herbal mask moisturizing nourishing anti - aging anti wrinkle seed oil centella,louisse choice,herbal mask,"ginseng, seed oil centella",moisturizing nourishing anti - aging anti wrinkle
eiem beauty moisturizer,eiem beauty,moisturizer,,
2 garnier men acno fight anti jerawat scrub foam,2 garnier men,"scrub, foam",,acno fight anti jerawat
skin1004 madagascar centella tone brightening capsule ampoule,skin1004,capsule ampoule,madagascar centella,tone brightening
the originote cleanser cicamide facial hyalurose micellar water,the originote,"micellar water, cleanser","cicamide, hyalurose",facial
green mask stick stik tea penghilang komedo,green,mask stick stik,tea,penghilang komedo
somethinc sunscreen spf 40 pa,somethinc,sunscreen,,spf 40 pa
serum vitamin e,,serum,vitamin e,
toner avoskin miraculous refining aha bha pha exfoliating kulit,avoskin miraculous,toner,aha bha pha,"exfoliating kulit, refining"
100 glad2glow pomegranate niacinamide brightening moisturizer mencerahkan pelembab wajah white glowing cream day night malam pencerah,100 glad2glow,"moisturizer, cream, pelembab wajah","pomegranate, niacinamide","day night malam pencerah, white glowing, mencerahkan, brightening"
skin aqua uv white milk spf50 pa,skin aqua,,milk,"spf50 pa, uv white"
skin1004 centella ampoule,skin1004,ampoule,centella,
skintific aqua light daily sunscreen spf 35 pa sunblock sun glowing barrier anti - aging brightening white mencerahkan wajah melindungi kulit dari sinar uva uvb,skintific,"sun, sunblock, sunscreen",aqua,"spf 35 pa, light daily, glowing barrier anti - aging brightening white mencerahkan wajah melindungi kulit dari sinar uva uvb"
fair lovely glow cream,fair lovely,cream,,glow
wardah uv shield sunscreen gel spf 35,wardah,sunscreen gel,,"spf 35, uv shield"
garnier bright complete vitamin c booster serum cepat cerahkan noda hitam samarkan bekas jerawat,garnier,booster serum,vitamin c,"bright complete, cepat cerahkan noda hitam samarkan bekas jerawat"
somethinc niacinamide moisturizer serum kulit mencerahkan maksimal pemula,somethinc,"moisturizer, serum",niacinamide,kulit mencerahkan maksimal pemula
forebie fight jerawat moisturizer serum,forebie,moisturizer serum,,fight jerawat
toner badan kelupas melati,,toner badan,melati,kelupas
viva air mawar face tonic milk cleanser toner penyegar susu,viva,"cleanser toner, face tonic","air mawar, milk, susu",penyegar
skin1004 madagascar centella hyalu cica serum spf50 pa,skin1004,serum,madagascar centella hyalu cica,spf50 pa
skintific niacinamide brightening moisturizer glowing gel alpha arbutin cream white wajah,skintific,"gel, moisturizer, cream","alpha arbutin, niacinamide","glowing, white wajah, brightening"
sunblock wajah badan spf 50 pa sunscreen,,"sunblock wajah badan, sunscreen",,spf 50 pa
skintific ceramide barrier moisturizer gel cream white wajah calming brightening dark spot pelembab facial day night niacinamide centella marine collagen,skintific,"moisturizer gel cream white wajah, pelembab facial","niacinamide centella marine collagen, ceramide","barrier, day night, calming brightening dark spot"
nature aloe vera 92 soothing gel,nature,gel,aloe vera,92 soothing
beauty charge facial cleancer,beauty charge,facial cleancer,,
npure sunscreen cica the sun matte spf 50 pa jerawat hypoallergenic acid beruntusan hydrating mencerahkan wajah,npure,sunscreen,"cica, acid","the sun matte spf 50 pa jerawat hypoallergenic, beruntusan hydrating mencerahkan wajah"
oily skin scarlett white ultra light daily sunscreen spf 50 pa water based meresap 20an detik ringan ceramide hyaluronic acid no whitecast,scarlett,sunscreen,ceramide hyaluronic acid,"white ultra light daily, spf 50 pa water based meresap 20an detik ringan, oily skin, no whitecast"
glad2glow mugwort clay mask wajah face cleansing green salicylic acid anti pores jerawat komedo centella facial wash off,glad2glow,"clay mask wajah face cleansing green, facial wash off","centella, mugwort, salicylic acid",anti pores jerawat komedo
skin aqua uv white milk spf 50,skin aqua,,milk,"uv white, spf 50"
eileen moisturize rose jelly mask,eileen,"moisturize, jelly mask",rose,
toner pelicin ekstrak lemon strong wangi,,toner pelicin,ekstrak lemon,strong wangi
somethinc low ph gentle jelly cleanser sabun cuci wajah semua jenis kulit,somethinc,gentle jelly cleanser sabun cuci wajah,,"low ph, semua jenis kulit"
mask wajah puqianna ekstrak buah tumbuhan kualitas face,puqianna,mask wajah,ekstrak buah tumbuhan,kualitas face
azarine barrier moisturizer pelembab wajah cream gel mencerahkan kulit kusam jerawat sensitif,azarine,"pelembab wajah cream gel, moisturizer",,"barrier, mencerahkan kulit kusam jerawat sensitif"
hchana rorec sheet mask facial perawatan,hchana rorec,sheet mask,,facial perawatan
cosrx low ph morning cleanser sabun wajah untuk semua jenis kulit,cosrx,cleanser sabun wajah,,"low ph, untuk semua jenis kulit, morning"
facetology triple care jerawat calm micellar water cleanser wajah salicylic acid untuk kulit berminyak,facetology,micellar water cleanser wajah,salicylic acid,"untuk kulit berminyak, triple care jerawat calm"
the originote peeling solution serum exfoliating wajah untuk angkat sel kulit mati memperbaiki tekstur aha bha pha,the originote,peeling solution serum,aha bha pha,exfoliating wajah untuk angkat sel kulit mati memperbaiki tekstur
glad2glow 3d acid clay stick mask wajah komedo cleanser penghilang wash off,glad2glow,"wash off, clay stick mask wajah komedo cleanser penghilang",3d acid,
hanasui collagen sunscreen spf50 pa,hanasui,sunscreen,collagen,spf50 pa
cream htmh 0 flek jerawat white,htmh 0,cream,,flek jerawat white
skintific panthenol jerawat calming water gel exfoliating perawatan wajah untuk melembabkan white brightening dark spot pelembab facial moisturizer day cream night niacinamide centella ceramide,skintific,"water gel exfoliating, cream, pelembab facial moisturizer","niacinamide centella ceramide, panthenol","day, perawatan wajah untuk melembabkan white brightening dark spot, jerawat calming, night"
cream htmh flek tebal melasma,htmh,cream,,flek tebal melasma
npure cleanser gel softly gentle skin wajah hypoallergenic sensitive approved semua jenis kulit ph balance travel size,npure,cleanser gel,"ph, hypoallergenic","balance travel size, sensitive approved, softly gentle skin wajah, semua jenis kulit"
emina bright stuff face wash sabun wajah mencerahkan glowing anti kusam,emina,stuff face wash sabun wajah,,"bright, mencerahkan glowing anti kusam"
bioaqua mask komedo bamboo charcoal blackhead remover peel off wajah hidung cleanser,bioaqua,"peel off wajah hidung cleanser, mask komedo bamboo",charcoal,blackhead remover
brightening glow up serum white booster glowing ceramide retinol soy cell dna salmon,brightening,glow up serum,ceramide retinol soy cell dna salmon,white booster glowing
toner pelicin lemon niacinamide glowing,,toner,"niacinamide, lemon","glowing, pelicin"
byzoe glow jelly booster glowing,byzoe,jelly booster,,"glowing, glow"
jerawat patch pimple sticker menghilangkan angkat speedy solution anti trouble,,jerawat patch pimple sticker,,menghilangkan angkat speedy solution anti trouble
ms glow facial wash brightening sabun cuci wajah,ms glow,"facial wash, sabun cuci wajah",,brightening
the originote hyalucera moisturizer hyaluronic acid ceramide chlorelina,the originote,moisturizer,"hyalucera, hyaluronic acid ceramide chlorelina",
aurora louisse choice dna salmon glutathione ocean jelly face cream facial moisturizer effective white remove melanin anti - aging,aurora louisse choice,ocean jelly face cream facial moisturizer,dna salmon glutathione,effective white remove melanin anti - aging
wardah sunscreen gel spf 35 aqua fresh essence active protection serum uv light,wardah,"sunscreen gel, serum, essence",fresh,"active protection, uv light, spf 35 aqua"
facetology spf triple care sunscreen 40 pa,facetology,sunscreen,,"40 pa, triple care, spf"
cream temulawak,,cream,temulawak,
garnier yoghurt sleeping mask light complete sakura white serum cream,garnier,"sleeping mask, serum cream","sakura, yoghurt","white, light complete"
whitelab uv shield tank sunscreen gel spf 50 pa sunblock pelindung sinar matahari niacinamide raykami hyaluronic ringan tidak lengket,whitelab,"sunscreen gel, sunblock",niacinamide raykami hyaluronic,"pelindung sinar matahari, ringan tidak lengket, spf 50 pa, uv shield tank"
toner dojako mengecilkan pori,dojako,toner,,mengecilkan pori
skintific dark spot serum niacinamide mencerahkan tumpas komedo anti - aging anti jerawat exfoliating angkat sel kulit mati white wajah tranexamic acid,skintific,serum,"tranexamic acid, niacinamide","dark spot, mencerahkan tumpas komedo anti - aging anti jerawat exfoliating angkat sel kulit mati white wajah"
jerawat patch untuk kempes,,jerawat patch,,untuk kempes
salsa hans jebb gel skin cleanser perontok daki greentea lemon,salsa,hans jebb gel skin cleanser,greentea lemon,perontok daki
glowsicha brightening day cream,glowsicha,cream,,brightening day
moon night cream camille,camille,cream,,moon night
viva white soothing aloe gel waterdrop sleeping mask moisturizer,viva,waterdrop sleeping mask moisturizer,aloe gel,white soothing
azarine hydramax c sunscreen serum spf50 pa kulit kering sensitif,azarine,sunscreen serum,c,"hydramax, spf50 pa, kulit kering sensitif"
skin1004 madagascar centella tone brightening boosting toner,skin1004,"tone, toner",madagascar centella,brightening boosting
lumiwhite sunscreen essence spf 50 pa,lumiwhite,sunscreen essence,,spf 50 pa
glad2glow blueberry ceramide moisturizer skin barrier pelembab wajah facial cream day night malam,glad2glow,"moisturizer, pelembab wajah facial cream","blueberry, ceramide","day night malam, skin barrier"
glamazing multipurpose soothing skinditioner,glamazing,,,multipurpose soothing skinditioner
kahf skin energizing and brightening face wash,kahf,face wash,,skin energizing and brightening
l oreal paris uv defender serum protector sunscreen spf 50 pa untuk mencegah kulit tampak tua 5 tahun melembapkan,l oreal paris,defender serum protector sunscreen,,"uv, untuk mencegah kulit tampak tua 5 tahun melembapkan, spf 50 pa"
focalskin porefying cleanser facial wash sabun cuci wajah membersihkan komedo moisturizing aha pha bha penghilang kulit jerawat calming oil control semua jenis,focalskin,cleanser facial wash sabun cuci wajah,aha pha bha,"membersihkan komedo, moisturizing, penghilang kulit jerawat calming oil control semua jenis, porefying"
npure jerawat clear pad cica licorice light up brightening,npure,jerawat clear pad,"licorice, cica",light up brightening
cream collagen malam,,cream,collagen,malam
jerawat patch penghilang siang malam,,jerawat patch,,"siang malam, penghilang"
star jerawat pimple patch repair skin douyin salicylic acid treatment stickers skincare,douyin,"star jerawat pimple patch, treatment stickers skincare",salicylic acid,repair skin
npure peeling gel licorice advance exfoliating brightening glowing penghilang daki mencerahkan,npure,peeling gel,licorice,advance exfoliating brightening glowing penghilang daki mencerahkan
skintific niacinamide brightening moisturizer gel cream white wajah calming dark spot pelembab facial day night,skintific,"moisturizer gel cream, pelembab facial",niacinamide,"white wajah calming dark spot, day night, brightening"
wardah amino aha pha clarifying foaming cleanser sabun cuci wajah acid,wardah,foaming cleanser sabun cuci wajah,"acid, amino aha pha",clarifying
glad2glow pomegranate niacinamide power bright white serum wajah alpha arbutin mencerahkan facial brightening,glad2glow,"facial, serum wajah","alpha arbutin, pomegranate, niacinamide","power bright white, mencerahkan, brightening"
skintific dark spot moisturizer gel penyamar noda hitam meratakan warna kulit cream white wajah calming pelembab facial day night niacinamide glutathione tranexamic acid,skintific,"moisturizer gel, cream, pelembab facial",niacinamide glutathione tranexamic acid,"dark spot, white wajah calming, day night, penyamar noda hitam meratakan warna kulit"
cr k142 tissue bulat mini travel sekali pakai mask wajah kompres towel portable tisu bentuk permen travelling compressed paper sheet,cr k142,"mask wajah kompres towel portable tisu, compressed paper sheet, tissue bulat mini",,"travel sekali pakai, bentuk permen travelling"
,,,,
in vivo amaterasun uv sunscreen serum spf 50 pa,in vivo amaterasun,sunscreen serum,,"uv, spf 50 pa"
bioaqua sheet mask,bioaqua,sheet mask,,
scarlett white ceramide moisturizer pelembab wajah untuk mencerahkan melembabkan memperbaiki skin barrier menghidrasi kulit sensitif approved tidak buat make up geser,scarlett,moisturizer pelembab wajah,ceramide,"white, untuk mencerahkan melembabkan memperbaiki skin barrier menghidrasi kulit sensitif approved tidak buat make up geser"
whitelab brightening booster serum niacinamide mencerahkan maksimal untuk kulit sensitif berminyak oxy229 hyaluronic,whitelab,booster serum,"niacinamide, oxy229 hyaluronic","mencerahkan maksimal untuk kulit sensitif berminyak, brightening"
glowsicha cream wajah siang malam brightening day night jelly booster,glowsicha,"jelly booster, cream wajah",,siang malam brightening day night
story brightening face serum untuk wajah mencerahkan bersih glowing,story,face serum,,"untuk wajah mencerahkan bersih glowing, brightening"
polynia pomegranate revitalizing face mask anti - aging mengencangkan wajah anti kerutan garis halus penuaan dini,polynia,face mask,pomegranate,"anti - aging mengencangkan wajah anti kerutan garis halus penuaan dini, revitalizing"
garnier bright complete vitamin c simple cream pagi malam mencerahkan day night,garnier,cream,vitamin c,"bright complete, simple, pagi malam mencerahkan day night"
eiem beauty natural hybrid sunscreen spf 50 lolos uji invivo,eiem beauty,sunscreen,,"natural hybrid, spf 50 lolos uji invivo"
skin aqua tone up uv essence moisturizer milk spf 50 pa sunscreen sun block mist light sunplay protection lotion,skin aqua,"lotion, mist, tone up, block, essence moisturizer, sunscreen",milk,"light sunplay protection, uv, sun, spf 50 pa"
you amino facial wash anti jerawat hydrating brightening oil control sabun cuci wajah,you,"facial wash, sabun cuci wajah",amino,anti jerawat hydrating brightening oil control
mask organik skindivore organic face,skindivore,mask organik,,organic face
cosrx snail mucin essence esense wajah untuk anti penuaan,cosrx,"esense wajah, essence",snail mucin,untuk anti penuaan
azarine hydramax c sunscreen serum spf50 pa kulit kering tidak lengket no whitecast,azarine,sunscreen serum,c,"hydramax, spf50 pa kulit kering tidak lengket no whitecast"
claridem philiphine,claridem,,,philiphine
wardah uv shield essential sunscreen gel spf 35 pa tekstur ringan tidak lengket melembabkan semua jenis kulit mencegah penuaan dini,wardah,sunscreen gel,,"spf 35 pa, uv shield essential, tekstur ringan tidak lengket melembabkan semua jenis kulit mencegah penuaan dini"
garnier sakura cream,garnier,cream,sakura,
meidian green tea mask cleansing clay stick wajah cleanser komedo jerawat minyak berlebih,meidian,"mask, clay stick wajah cleanser",green tea,"komedo jerawat minyak berlebih, cleansing"
sadoer mask wajah sheet plant,sadoer,mask wajah sheet,plant,
skintific mugwort jerawat clay stick mask facial,skintific,"facial, clay stick mask",mugwort,jerawat
bioaqua sheet mask hydrating essence brightening moisturizing anti - aging wajah,bioaqua,"essence, sheet mask",,"hydrating, brightening moisturizing anti - aging wajah"
facetology triplecare sunscreen spf 40 pa,facetology,sunscreen,,"triplecare, spf 40 pa"
d alba white spray serum,d alba,spray serum,,white
nyyo skinbarrier booster cooling gel,nyyo,gel,,skinbarrier booster cooling
fyc yessica tea tree strawberry anti pores jerawat clay stick mask,fyc yessica,clay stick mask,tea tree strawberry,anti pores jerawat
hanasui ceramide probiotics moisturizer gel,hanasui,moisturizer gel,ceramide probiotics,
pratista calming spray,pratista,spray,,calming
the originote ceramella sunscreen spf50 pa serum untuk skin barrier protect melindungi dari sinar matahari wajah,the originote,"serum, sunscreen",ceramella,"untuk skin barrier protect melindungi dari sinar matahari wajah, spf50 pa"
kahf oil and jerawat care face wash,kahf,face wash,,oil and jerawat care
lameila svmy sunscreen sunblock cream pelindung sinar matahari,lameila svmy,sunscreen sunblock cream,,pelindung sinar matahari
rorec hchana sheet mask,rorec hchana,sheet mask,,
azarine toner untuk kulit kusam anti - aging berminyak jerawat,azarine,toner,,"anti - aging berminyak jerawat, untuk kulit kusam"
skin aqua sunscreen spf 50 uv moisturizing gel white milk,skin aqua,"gel, sunscreen",milk,"white, spf 50, uv moisturizing"
night cream white ht mh wajib konsultasi untuk umum,ht mh,cream,,"white, wajib konsultasi untuk umum, night"
wardah lightening serum ampoule advanced niacinamide menyamarkan bekas jerawat,wardah,serum ampoule,niacinamide,"menyamarkan bekas jerawat, lightening, advanced"
bnb the originote hyalucera moisturizer gel pelembab wajah,bnb the originote,moisturizer gel pelembab wajah,hyalucera,
glow lovely ultimate uv duo cream vitamin c spf 35 pa,glow lovely,duo cream,vitamin c,"spf 35 pa, ultimate uv"
skin1004 centella watergel sheet ampoule mask,skin1004,watergel sheet ampoule mask,centella,
viva milk cleanser susu face tonic penyegar toner air mawar,viva,"face tonic, milk cleanser, toner","susu, air mawar",penyegar
skintific salicylic acid anti jerawat serum mencerahkan peeling dark spot tumpas komedo anti - aging white brightening exfoliating angkat sel kulit mati acsd pionin centella niacinamide ceramide,skintific,serum,"salicylic acid, acsd pionin centella niacinamide ceramide","mencerahkan peeling dark spot tumpas komedo anti - aging white brightening exfoliating angkat sel kulit mati, anti jerawat"
scarlett white brightening facial wash sabun cuci wajah clean and clear untuk mencerahkan melembabkan memudarkan noda hitam kulit tanpa bikin ketarik glutathione vitamin e aloe vera ph 5,scarlett,facial wash sabun cuci wajah,glutathione vitamin e aloe vera ph 5,"white brightening, clean and clear untuk mencerahkan melembabkan memudarkan noda hitam kulit tanpa bikin ketarik"
skintific panthenol gel cleanser facial wash cleaning sabun wajah anti jerawat micellar calming and soothing cleansing oil control,skintific,"micellar, sabun wajah, gel cleanser facial wash",panthenol,"oil control, calming and soothing cleansing, anti jerawat, cleaning"
emina sun protection spf 30 pa sunscreen skin buddy,emina,sunscreen,,"sun protection spf 30 pa, skin buddy"
allphv blackhead mask hidung komedo penghilang serum17ml,allphv,"blackhead mask hidung, serum17ml",,komedo penghilang
true to skin matcha oat gentle cleanser sabun cuci wajah semua jenis kulit,true to skin,gentle cleanser sabun cuci wajah,matcha oat,semua jenis kulit
kymm skin glow day cream uv protector anti bluelight,kymm skin,cream,,"glow day, uv protector anti bluelight"
meidian green tea stick mask cleanser pori komedo penghilang,meidian,stick mask cleanser,green tea,pori komedo penghilang
sadoer charcoal head remover bamboo mask cleansing peel off komedo cleanser hidung tanpa iritasi,sadoer,"peel off, bamboo mask, cleanser hidung",charcoal,"head remover, tanpa iritasi, komedo, cleansing"
labore barrier revive cream pelembab kulit sensitif,labore,cream,,"barrier revive, pelembab kulit sensitif"
glad2glow dark spot moisturizer menghilangkan bekas jerawat brightening night cream day,glad2glow,"moisturizer, cream",,"menghilangkan bekas jerawat brightening night, dark spot, day"
the temulawak day night cream,the,cream,temulawak,day night
scarlett white serum jerawat glowtening niaciamide retinol felicia scarlet cream toner day bright night age delay power booster,scarlett,"serum, scarlet cream toner",niaciamide retinol felicia,"white, day bright night age delay, power booster, jerawat glowtening"
stiker jerawat star hydrocolloid pimple patch,,"stiker, pimple patch",hydrocolloid,jerawat star
pomeglow glow up aha booster exfoliating toner face and body kulit sensitif,pomeglow,toner face and body,aha,"kulit sensitif, glow up, booster exfoliating"
1 onlyou sunscreen uv defender protector spf50 pa face body white sunblock pelembab mencegah kerusakan kulit centella serum,1 onlyou,"sunblock pelembab, serum, sunscreen",centella,"mencegah kerusakan kulit, uv defender protector spf50 pa face body white"
bioaqua sheet mask brightening moisturizing essence face wajah kaya vitamin bunga buah,bioaqua,"essence, sheet mask","bunga buah, vitamin","face wajah kaya, brightening moisturizing"
acnaway jerawat sun serum sunscreen spf 50 pa only skin membantu membersihkan pori mengontrol produksi sebum membunuh bakteri bha bsasm ceramide,acnaway,sun serum sunscreen,bha bsasm ceramide,"jerawat, spf 50 pa only skin membantu membersihkan pori mengontrol produksi sebum membunuh bakteri"
pyunkang yul calming moisturizer toner,pyunkang yul,moisturizer toner,,calming
glad2glow centella salicylic acid jerawat serum wajah obat untuk merawat mencegah pertumbuhan acnes redness prevents breakout,glad2glow,serum wajah obat,"centella, salicylic acid","jerawat, acnes redness prevents breakout, untuk merawat mencegah pertumbuhan"
npure sunscreen cica beat the sun hypoallergenic spf 50 pa kulit kering jerawat,npure,sunscreen,cica,beat the sun hypoallergenic spf 50 pa kulit kering jerawat
sadoer blackhead mask remover penghilang komedo activated carbon,sadoer,blackhead mask remover,activated carbon,penghilang komedo
cream flek htmh,htmh,cream flek,,
azarine jerawat spot serum obat totol,azarine,spot serum obat totol,,jerawat
fyc yessica glowing sleeping mask goat milk lavender,fyc yessica,sleeping mask,"lavender, goat milk",glowing
wardah uv shield sunscreen gel active protection serum sun stick aqua fresh essence airy smooth,wardah,"sunscreen gel, essence, serum sun stick",,"active protection, uv shield, airy smooth, aqua fresh"
jerawat pimple patch stiker penghilang,,jerawat pimple patch stiker penghilang,,
viva milk cleanser face tonic air mawar penyegar toner,viva,"milk cleanser face tonic, toner",air mawar,penyegar
collagen cream,,cream,collagen,
skin1004 madagascar centella toning toner,skin1004,toning toner,madagascar centella,
the originote clarifying toner exfoliating hydrating melembabkan wajah aha bha pha,the originote,toner,aha bha pha,"exfoliating hydrating melembabkan wajah, clarifying"
madame gie jelly mask gel wajah,madame gie,"gel wajah, jelly mask",,
bioaqua essence mask,bioaqua,essence mask,,
madame gie protect sun serum spf 30 pa sunscreen protection,madame gie,"sunscreen, sun serum",,"spf 30 pa, protect, protection"
scarlett white serum brightening melembabkan mencerahkan kulit niacinamide,scarlett,serum,niacinamide,"white, melembabkan mencerahkan kulit, brightening"
green tea mask cleansing clay stick meidian cleanser komedo,meidian,"cleanser komedo, mask cleansing clay stick",green tea,
skintific ceramide low ph cleanser facial wash gentle sensitive skin sabun cuci wajah oil control,skintific,"cleanser facial wash, sabun cuci wajah",ceramide,"low ph, gentle sensitive skin, oil control"
2 garnier men oil control anti blackheads brightening scrub facial cleanser,2 garnier men,scrub facial cleanser,,oil control anti blackheads brightening
kymm skin effortless sunscreen spf 50 cocok semua jenis kulit,kymm,sunscreen,,"skin effortless, spf 50 cocok semua jenis kulit"
penghilang bekas luka hitam koreng kaki cacar gigitan nyamuk keloid,,,,"keloid, penghilang bekas luka hitam koreng kaki cacar gigitan nyamuk"
wardah uv shield jerawat calming sunscreen serum spf 50 pa,wardah,sunscreen serum,,"spf 50 pa, uv shield jerawat calming"
himalaya purifying mask,himalaya,mask,,purifying
day white cream ms glow,ms glow,cream,,day white
facetology triple care sunscreen hybrid tanpa parfum uva uvb tabir surya spf 40 wajah protection perlindungan dari paparan sinar matahari melindungi merawat kulit sunburn gosong,facetology,"tabir surya, sunscreen hybrid",,"uva uvb, triple care, tanpa parfum, spf 40 wajah protection perlindungan dari paparan sinar matahari melindungi merawat kulit sunburn gosong"
skintific vitamin c brightening glow serum mencerahkan dark spot tumpas komedo anti - aging anti jerawat exfoliating angkat sel kulit mati white wajah centella ferulic acid,skintific,glow serum,"centella, ferulic acid, vitamin c","mencerahkan dark spot tumpas komedo anti - aging anti jerawat exfoliating angkat sel kulit mati white wajah, brightening"
viva peeling serum glycolic acid aha salycilic bha gluconolactone pha,viva,peeling serum,glycolic acid aha salycilic bha gluconolactone pha,
lumiwhite deep cleansing face wash white,lumiwhite,deep cleansing face wash,,white
meco pearl cream,meco,cream,pearl,
pond age miracle hexyl retinol niacinamide day cream mencerahkan kulit anti - aging,pond,"age, cream",hexyl retinol niacinamide,"miracle, day, mencerahkan kulit, anti - aging"
lea gloria mask,lea gloria,mask,,
salep pelicin siang glowing spf 50 day cream,,"cream, salep pelicin",,siang glowing spf 50 day
mask wajah organik,,mask wajah,organik,
acnaway ultra thin jerawat patch penghilang salicylic acid tea tree centella asiatica,acnaway,ultra thin jerawat patch,salicylic acid tea tree centella asiatica,penghilang
ms glow toner jerawat fight,ms glow,toner,,jerawat fight
the originote moisturizer hyalucera ceratinol cica jerawat peeling astachiol ceratides bright serum eye toner sunscreen lip spot cream charcoal mask retinol mugwort clay stick,the originote,"bright serum eye toner, moisturizer, mask, peeling, clay stick, sunscreen lip spot cream","astachiol ceratides, charcoal, hyalucera ceratinol cica, retinol mugwort",jerawat
hanasui serum,hanasui,serum,,
skintific sunscreen ceramide serum stick spf50 pa sunblock untuk skin barrier protect rusak kulit berminyak jerawat sensitif sunblok gel wajah stik,skintific,"sunblok gel wajah stik, serum stick, sunblock, sunscreen",ceramide,"spf50 pa, untuk skin barrier protect rusak kulit berminyak jerawat sensitif"
whitelab cera mug barrier moisturizing gel pelembap kulit wajah kering perbaiki skin siang malam hyaluronic ceramide,whitelab,cera mug barrier moisturizing gel pelembap,hyaluronic ceramide,kulit wajah kering perbaiki skin siang malam
npure facial wash cica anti jerawat foam sabun wajah berminyak,npure,"facial wash, foam sabun",cica,"wajah berminyak, anti jerawat"
cosrx low ph morning cleanser sabun wajah untuk semua jenis kulit,cosrx,cleanser sabun wajah,,"low ph, untuk semua jenis kulit, morning"
emina spf 30 pa sunscreen pelindung dari sinar matahari uv,emina,sunscreen,,"spf 30 pa, pelindung dari sinar matahari uv"
acnaway mugwort gel mask anti pores wash mencerahkan wajah merawat memperbaiki skin barrier bakuchiol peptides,acnaway,gel mask,"mugwort, bakuchiol peptides","mencerahkan wajah merawat memperbaiki skin barrier, anti pores wash"
cosrx low ph morning gel cleanser sabun wajah untuk semua jenis kulit,cosrx,gel cleanser sabun wajah,,"low ph, untuk semua jenis kulit, morning"
jerawat pimple patch sticker tempel,,"jerawat pimple patch, sticker tempel",,
the originote ceramella sunscreen spf 50 pa,the originote,sunscreen,ceramella,spf 50 pa
skintific day light sunscreen mist spf 50 pa uv tone up sun shield white glowing barrier anti - aging brightening mencerahkan wajah melindungi kulit dari sinar uva uvb pearls ceramide centella,skintific,"tone up, sunscreen mist",pearls ceramide centella,"sun shield white glowing barrier anti - aging brightening mencerahkan wajah melindungi kulit dari sinar uva uvb, spf 50 pa uv, day light"
bioaqua ceramide serum sunscreen spf 50 pa gel sunblock wajah sun protection waterproof uv,bioaqua,"gel sunblock wajah, serum sunscreen",ceramide,"waterproof uv, sun protection, spf 50 pa"
whitelab brightening day cream night,whitelab,cream,,"brightening day, night"
whitelab jerawat care facial wash sabun cuci wajah untuk kulit kontrol minyak berlebih anti bakteri mugwort tea tree bha,whitelab,facial wash sabun cuci wajah,mugwort tea tree bha,"jerawat care, untuk kulit kontrol minyak berlebih anti bakteri"
viva white cream,viva,cream,,white
bioaqua sheet mask wajah,bioaqua,sheet mask wajah,,
skin aqua tone up uv essence moisturizer milk gel,skin aqua,"tone up, gel, essence moisturizer",milk,uv
rdl papaya brightening soap sabun cuci wajah pepaya white sunscreen,rdl papaya,"soap sabun cuci wajah, sunscreen",pepaya,"white, brightening"
glad2glow propolis hyaluronic acid toner wajah barrier essence pelembab facial,glad2glow,"toner wajah, essence pelembab facial","hyaluronic acid, propolis",barrier
acnes creamy wash complete white face oil control sealing jell spot care uv,acnes,"creamy wash, jell",,"complete white face oil control sealing, spot care uv"
poupeepou mask mugwort jerawat centella asiatica,poupeepou,mask,"mugwort, centella asiatica",jerawat
mask komedo gelatin,,mask komedo,gelatin,
facetology triplecare sunscreen,facetology,sunscreen,,triplecare
wardah gel moisturizer,wardah,gel moisturizer,,
viva sunscreen foundation uv filter,viva,sunscreen foundation,filter,uv
2 garnier men acno fight anti bacteris brightening foam,2 garnier men,foam,,"acno fight, anti bacteris brightening"
emina bright moisturizing cream pelembab wajah mencerahkan,emina,cream,,"bright, pelembab wajah mencerahkan, moisturizing"
2 garnier men turbo bright duo foam perawatan pria untuk wajah kusam,2 garnier men,duo foam,,"turbo bright, perawatan pria untuk wajah kusam"
madame protect glow tinted sunscreen spf 50 pa multipurpose,madame,tinted sunscreen,,"glow, protect, spf 50 pa multipurpose"
harlette oatmilk gentle facial wash sensitive dry combination irritated skin membersihkan mencerahkan,harlette,gentle facial wash,oatmilk,sensitive dry combination irritated skin membersihkan mencerahkan
the originote bha charcoal clay mask wajah exfoliating angkat sel kulit mati menghilangkan minyak berlebih,the originote,clay mask wajah,bha charcoal,exfoliating angkat sel kulit mati menghilangkan minyak berlebih
skintific lactic acid skin renewal exfoliating serum peeling wajah mencerahkan dark spot tumpas komedo anti - aging anti jerawat angkat sel kulit mati aha succinic,skintific,exfoliating serum peeling wajah,"lactic acid, aha succinic","mencerahkan dark spot tumpas komedo anti - aging anti jerawat angkat sel kulit mati, skin renewal"
the originote extra brightening gluta b3 serum jelly booster moisturizer,the originote,"serum, jelly booster moisturizer",gluta b3,extra brightening
erha jerawat spot gel bha sulfur obat totol,erha,"jerawat spot gel, obat totol",bha sulfur,
ginbi mask wajah sheet hydrating essence face brightening moisturizing anti - aging,ginbi,"essence face, mask wajah sheet",,"anti - aging, hydrating, brightening moisturizing"
you acneplus spot care obat totol jerawat centella,you,acneplus spot care obat totol jerawat,centella,
pyunkang yul essence toner,pyunkang yul,essence toner,,
skin1004 madagascar centella suncream plus renewal,skin1004,suncream,madagascar centella,plus renewal
gmeelan cream white wajah moisturizer niacinamide gluta lazy pelembab,gmeelan,"moisturizer, cream, pelembab",niacinamide gluta lazy,white wajah
veze mask wajah natural sheet,veze,mask wajah,natural sheet,
sabun pepaya papaya orange,,sabun,pepaya papaya orange,
toner white badan aleya saffron glowing penghilang bekas luka,aleya,toner,saffron,"glowing, white badan, penghilang bekas luka"
cream,,cream,,
facetology triple care sunscreen spf 40 pa,facetology,sunscreen,,"triple care, spf 40 pa"
madame gie protect sunscreen spf 30 pa sunblock,madame gie,"sunblock, sunscreen",,"spf 30 pa, protect"
htmh,htmh,,,
elvicto bright up moisturizer pelembap wajah pria perawatan untuk mencerahkan mengurangi noda hitam niacinamide glutathione alpha arbutin,elvicto,moisturizer pelembap,niacinamide glutathione alpha arbutin,"wajah pria perawatan untuk mencerahkan mengurangi noda hitam, bright up"
skintific clay stick mask wajah komedo sleeping jerawat mugwort peel off pengangkat penghilang glycolic acid probiotic complex black charcoal,skintific,"clay stick mask, peel off pengangkat","glycolic acid probiotic complex black charcoal, mugwort","jerawat, wajah komedo, sleeping, penghilang"
cosrx aha bha clarifying treatment toner exfoliating ringan untuk semua jenis kulit,cosrx,toner,aha bha,"clarifying treatment, exfoliating ringan untuk semua jenis kulit"
stiker jerawat hydrocolloid lets glow group,lets glow group,stiker jerawat,hydrocolloid,
cream htmh 0 jerawat flek white,htmh 0,cream,,jerawat flek white
skintific mugwort jerawat clay stick,skintific,clay stick,mugwort,jerawat
npure brightening exfoliating pad licorice light up kapas wajah mencerahkan glowing,npure,"kapas wajah, exfoliating pad",licorice,"mencerahkan glowing, brightening, light up"
facetology triple care exfoliquid toner exfoliating aha bha pha lha pga,facetology,exfoliquid toner,aha bha pha lha pga,"exfoliating, triple care"
svmy sun block spf 50 sunblock sunscreen tahan lama lameila,"lameila, svmy","sun block, sunblock sunscreen",,"tahan lama, spf 50"
cream malam glow flek,,cream,,malam glow flek
bioaqua sheet mask hydrating essence face brightening anti jerawat,bioaqua,"essence face, sheet mask",,"brightening anti jerawat, hydrating"
whitelab glow booster serum vitamin antioksidan tinggi untuk kulit mencerahkan glowing ferulic acid hyaluronic,whitelab,serum,"ferulic acid hyaluronic, vitamin","antioksidan tinggi untuk kulit mencerahkan glowing, glow booster"
sadoer sheet mask perawatan wajah,sadoer,sheet mask,,perawatan wajah
rorec hchana natural mask sheet,rorec hchana,mask sheet,,natural
jerawat pimple patch stiker penghilang,,jerawat pimple patch stiker,,penghilang
scarlett white jerawat serum wajah untuk penghilang perawatan ampuh atasi hingga bekasnya salicylic acid tanpa bikin kulit iritasi,scarlett,serum wajah,salicylic acid,"untuk penghilang perawatan ampuh atasi hingga bekasnya, white jerawat, tanpa bikin kulit iritasi"
serum ms glow luminous jerawat whitecell dna lifting peeling,ms glow,serum,dna,"lifting peeling, luminous jerawat whitecell"
facetology triplecare sunscreen,facetology,sunscreen,,triplecare
salep pelicin sunscreen serum sci beauty,sci beauty,"sunscreen serum, salep pelicin",,
serum avoskin your skin bae niacinamide mencerahkan kulit,avoskin your skin bae,serum,niacinamide,mencerahkan kulit
jerawat patch tempelan hydrocolloid,,jerawat patch tempelan,hydrocolloid,
pigeon teens facial foam moisturizer face powder,pigeon teens,facial foam moisturizer face powder,,
komedo hidung allphv blackhead remover mask penghilang ampuh pengecil pori,allphv,"remover mask, komedo hidung",,"penghilang ampuh pengecil pori, blackhead"
beauty of joseon sunscreen rice probiotics,beauty of joseon,sunscreen,rice probiotics,
cream siang malam citra,citra,cream,,siang malam
viva white cream,viva,cream,,white
wardah dark spot brightening serum ekstrak edelweiss mencerahkan menyamarkan flek hitam untuk semua jenis kulit,wardah,serum,ekstrak edelweiss,"mencerahkan menyamarkan flek hitam untuk semua jenis kulit, dark spot brightening"
gl2 cream glowing pencerah wajah,gl2,cream,,"glowing, pencerah wajah"
pond bright niasorcinol cream kekuatan mencerahkan,pond,cream,niasorcinol,"bright, kekuatan mencerahkan"
hanasui collagen sunscreen spf 30,hanasui,sunscreen,collagen,spf 30
wardah brightening day cream siang ekstrak edelweiss niacinamide mencerahkan menyamarkan flek hitam untuk semua jenis kulit spf 35 pa,wardah,day cream,ekstrak edelweiss niacinamide,"mencerahkan menyamarkan flek hitam untuk semua jenis kulit spf 35 pa, brightening, siang"
glowsophy glow and bright serum,glowsophy,serum,,glow and bright
hey delima mask clay heygurl brightening and glowing booster,"heygurl, hey",mask clay,delima,brightening and glowing booster
toner white kelupas,,toner,,white kelupas
hymey serum face,hymey,serum face,,
star viva milk cleanser face tonic,star viva,"face tonic, cleanser",milk,
cetaphil cleanser propylene glycol sabun wajah untuk,cetaphil,"sabun wajah, cleanser",propylene glycol,untuk
yessica tea tree strawberry anti pores jerawat clay stick mask,yessica,clay stick mask,tea tree strawberry,anti pores jerawat
glad2glow centella allantoin soothing moisturizer gel repair skin barrier oil control hydrating cream pelembab wajah memperbaiki primer menghidrasi kulit,glad2glow,"moisturizer gel, cream pelembab wajah",centella allantoin,"repair skin barrier oil control hydrating, soothing, memperbaiki primer menghidrasi kulit"
ms glow night cream malam,ms glow,cream,,"malam, night"
skintific aqua light daily sunscreen perlindungan uv yang efektif anti uva uvb,skintific,sunscreen,aqua,"perlindungan uv yang efektif, light daily, anti uva uvb"
collagen brightening soap bright glow face sabun white wajah,,"sabun, soap",collagen,"bright glow face, white wajah, brightening"
nature republic real mask sheet,nature republic real,mask sheet,,
you amino facial wash anti jerawat hydrating brightening oil control sabun cuci wajah,you,"facial wash, sabun cuci wajah",amino,anti jerawat hydrating brightening oil control
pond bright niasorcinol facial foam,pond,facial foam,niasorcinol,bright
skin1004 madagascar centella hyalu cica serum spf50 pa,skin1004,serum,madagascar centella hyalu cica,spf50 pa
skin aqua sunscreen moisturizer milk gel white mild tone up uv,skin aqua,"tone up, gel, moisturizer, sunscreen",milk,"white mild, uv"
swana serum pore,swana,serum,,pore
serum camille,camille,serum,,
kaleido jerawat patch,kaleido,patch,,jerawat
wardah lightening face serum toner facial micellar gentle wash,wardah,"facial micellar gentle wash, serum toner",,lightening face
viva jerawat lotion,viva,lotion,,jerawat
mewwa serum brightening glow up glowing mencerahkan melembabkan wajah,mewwa,serum,,"brightening glow up, glowing mencerahkan melembabkan wajah"
bioaqua sheet mask hydrating essence face brightening moisturizing anti - aging wajah collagen vitamin c squalene,bioaqua,"essence face, sheet mask",collagen vitamin c squalene,"hydrating, brightening moisturizing, anti - aging wajah"
skin1004 madagascar centella hyalu cica sun stick,skin1004,sun stick,madagascar centella hyalu cica,
glad2glow centella moisturizer gel repair skin barrier blueberry ceramide pomegranate niacinamide brightening dark spot control hydrating cream pelembab wajah,glad2glow,"moisturizer gel, cream pelembab wajah","ceramide pomegranate niacinamide, blueberry, centella","dark spot, repair skin barrier, brightening, control hydrating"
bioaqua mask sheet vegetables fruits plant essence face naturgo jerawat hydrating brightening,"naturgo, bioaqua","mask sheet, essence face","fruits, plant, vegetables",jerawat hydrating brightening
day cream ms glow white,ms glow,cream,,"day, white"
,,,,
the originote charcoal clay mask mugwort stick,the originote,"clay mask, stick","charcoal, mugwort",
facemist,,facemist,,
mask wajah lea gloria,lea gloria,mask wajah,,
skintific pore clay stick mask wajah komedo,skintific,clay stick mask,,"wajah komedo, pore"
serum glowing brightening chromabright skin youth revolution,,serum,chromabright,"glowing, skin youth revolution, brightening"
rcandy compressed mask permen kompres,rcandy,"compressed mask, permen kompres",,
louisse choice caviar moisturizer dna salmon white brightening skin,louisse choice,moisturizer,"dna salmon, caviar",white brightening skin
azarine sunscreen hydrasoothe gel spf45 hydramax serum spf body guard moisturizer spf50,azarine,"gel, serum, moisturizer, sunscreen",,"spf50, spf, spf45 hydramax, body guard, hydrasoothe"
pinkroulette mask organic facemask mencerahkan menghilangkan bekas jerawat ampuh,pinkroulette,mask organic facemask,,mencerahkan menghilangkan bekas jerawat ampuh
mi kaca make up mini travelling,mi,kaca make up,,mini travelling
maybelline long lasting waterproof lipstick lipcream transferproof,maybelline,lipstick lipcream,,"transferproof, long lasting waterproof"
kaca make up mini travelling,,kaca make up,,mini travelling
one kaca make up mini travelling,one,kaca make up,,mini travelling
kaca make up travelling,make up,kaca,,travelling
bioaqua mask sheet wajah memutihkan anti jerawat hyaluronic acid hydrating essence face,bioaqua,"mask sheet, essence face",hyaluronic acid,"wajah memutihkan anti jerawat, hydrating"
implora lip cream matte lipcream,implora,lip cream matte lipcream,,
dazzle me setting spray protecting hydrating mist flawless lightening tahan 24 jam,dazzle me,"mist, setting spray",,"protecting hydrating, tahan 24 jam, flawless lightening"
kuku palsu perawatan kecantikan kaki manicure lem,,"kuku palsu, manicure lem",,perawatan kecantikan kaki
lem kuku tangan palsu,,lem kuku tangan palsu,,
tawas spray beorganik crystal deodorant deodoran,beorganik,"tawas spray, crystal deodorant, deodoran",,
hanasui mattedorable lip cream matte lipcream lipstick cair,hanasui,"lip cream matte, lipcream lipstick cair",,mattedorable
kaca make up travelling,,kaca make up,,travelling
kudan kutek peel off kuteks muslimah untuk sholat,kudan,kutek peel off,,kuteks muslimah untuk sholat
glad2glow pomegranate niacinamide brightening moisturizer pelembab wajah white glowing gel day night cream,glad2glow,"gel, cream, moisturizer pelembab wajah","pomegranate, niacinamide","white glowing, day night, brightening"
hanasui mattedorable lip cream tintdorable lipstick bibir blush on and cheek,hanasui,"bibir blush on and cheek, lip cream tintdorable, lipstick",,mattedorable
sabun pyramid nalpamara rempah kunyit bidara alami atasi jerawat kojic pyary,"kojic pyary, pyramid nalpamara",sabun,"bidara, rempah kunyit",alami atasi jerawat
implora lip cream matte lipstick lipstik,implora,lip cream matte,lipstick lipstik,
sabun batang harmony fruity refreshing soap,harmony,"sabun batang, soap",fruity,refreshing
kaca make up mini travelling,,kaca make up,,mini travelling
marina hand body lotion uv white serum,marina,"serum, hand body lotion",,uv white
musk lilian ashley parfum wanita,musk lilian ashley,parfum wanita,,
implora eye brow pencil pensil serutan sikat alis,implora,eye brow pencil pensil serutan sikat alis,,
lem kuku palsu gel,,lem kuku palsu gel,,
cermin saku travelling,,cermin,,saku travelling
tas kosmetik pouch,,tas kosmetik pouch,,
implora eyebrow,implora,eyebrow,,
white aha body serum moisturizing badan bleaching,,body serum,aha,"white, moisturizing badan bleaching"
kutek peel off muslimah dikupas untuk sholat,,kutek peel off,,muslimah dikupas untuk sholat
wardah lightening face serum toner facial micellar gentle wash,wardah,"facial micellar gentle wash, serum toner",,lightening face
selection kapas kecantikan tebal cotton bud korek kuping make up remover micellar water toner,selection,"micellar water toner, kapas kecantikan tebal, cotton bud korek kuping",,make up remover
implora pensil alis soft eyebrow pencil,implora,"soft eyebrow pencil, pensil alis",,
sisir kutu logam serit ketombe,,sisir kutu logam serit,,ketombe
garnier hair color,garnier,hair color,,
alat kikir kuku untuk manicure pedicure pengkilat,,alat kikir kuku,,"untuk manicure pedicure, pengkilat"
gogoland kuas mask makeup brushes,gogoland,kuas mask makeup brushes,,
madame gie plump balm lip gloss moisturizing long lasting,madame gie,balm lip gloss,,"plump, moisturizing long lasting"
the originote hyalurose micellar water cleanser wajah make up remover cleansing melembabkan hyaluronic acid,the originote,micellar water cleanser wajah,"hyaluronic acid, hyalurose",make up remover cleansing melembabkan
jm parfum pria wanita tahan lama,jm,parfum,,pria wanita tahan lama
kaca make up mini travelling,,kaca make up,,mini travelling
dove sabun mandi cair deeply nourishing,dove,sabun mandi cair,,deeply nourishing
geamoore parfum roll inspired perfume pewangi badan wewangian,geamoore,parfum roll inspired perfume pewangi badan,,wewangian
parfum le labo scandal parfume pria wanita tahan lama,le labo scandal,"parfum, parfume",,pria wanita tahan lama
tissue bulat mini travel sekali mask wajah kompres tisu bentuk permen travelling compressed paper,,"tissue bulat mini travel, tisu, paper, mask wajah kompres",,"sekali, bentuk permen travelling compressed"
cetakan alis mini eyebrow wanita,,cetakan alis mini eyebrow wanita,,
pensil alis lyra black brown eyebrow liner,lyra,"black brown eyebrow liner, pensil alis",,
pinkflash liquid eyeliner high pigmented long lasting waterproof,pinkflash,liquid eyeliner,,high pigmented long lasting waterproof
stay matte maybelline lip cream,maybelline,lip cream,,stay matte
sabun kertas cuci tangan praktis travelling paper soap travel,,"sabun kertas cuci tangan, paper soap travel",,praktis travelling
svmy 1062 contour concealer lightweight soft,svmy 1062,contour concealer,,lightweight soft
omg oh my glam matte kis lip cream,omg oh my glam,matte kis lip cream,,
focallure eyebrow cream gel waterproof pensil alis kosmetik mata,focallure,"eyebrow cream gel, pensil alis kosmetik mata",,waterproof
,,,,
parfum roll on dijamin awet,,parfum roll on,,dijamin awet
giv white hijab sabun mandi batang saffron niacinamide,giv,hijab sabun mandi batang saffron,niacinamide,white
the originote hyalu c serum vitamin mencerahkan kulit wajah kusam meratakan warna menjaga skin barrier hyaluronic acid,the originote,serum,"hyaluronic acid, hyalu c, vitamin",mencerahkan kulit wajah kusam meratakan warna menjaga skin barrier
omg oh my glam matte kiss lip cream lipstick lipstik lipcream shade,omg oh my glam,matte kiss lip cream lipstick lipstik lipcream shade,,
sabun pyary nalpamara,pyary nalpamara,sabun,,
facetology triple care jerawat calm micellar water cleanser wajah salicylic acid untuk kulit berminyak,facetology,micellar water cleanser wajah,salicylic acid,"untuk kulit berminyak, triple care jerawat calm"
deodorant spray tawas cair ampuh mencegah bau ketiak badan,,"deodorant spray, cair",tawas,ampuh mencegah bau ketiak badan
omg oh my glam matte kiss lip cream,omg oh my glam,matte kiss lip cream,,
kuku palsu fake nail,palsu,"fake nail, kuku",,
gendes feminine wash foam sweet care spray,gendes feminine,"spray, wash foam",care,sweet
maybelline lipstik lipstick lipcream longlasting waterproof viral tahan lama,maybelline,"lipstik lipstick, lipcream",,longlasting waterproof viral tahan lama
gogoland lem kuku palsu gel,gogoland,lem kuku palsu gel,,
matte lipcream liquid lipstick waterproof long lasting,,matte lipcream liquid lipstick,,waterproof long lasting
zencolor lip cream matte moisturizer liquid lipstik,zencolor,lip cream matte moisturizer liquid lipstik,,
sabun hotel,,sabun hotel,,
harmony sabun batang,,harmony sabun batang,,
sabun mandi cair,,sabun mandi cair,,
pensil alis implora eyebrow,implora,"eyebrow, pensil alis",,
scarlett white eau de parfum,scarlett,eau de parfum,,white
lameila lip glaze velvet matte gloss lipstik cair pelembab lisptick,lameila,lip glaze velvet matte gloss lipstik cair pelembab lisptick,,
skintific air cushion uv spf 35 pa oil control waterproof fondation sweatproof matte finish poreless foundation flawless bb cream,skintific,"bb cream, foundation, air cushion",,"waterproof fondation sweatproof matte finish poreless, oil control, flawless, uv spf 35 pa"
dettol sabun mandi batang soap,dettol,sabun mandi batang soap,,
skintific mugwort jerawat clay stick mask wajah komedo ampuh penghilang acner exfoliating green glowing niacinamide salicylic acid ceramide centella glycolic probiotic complex,skintific,jerawat clay stick mask wajah,"niacinamide salicylic acid ceramide centella glycolic probiotic complex, mugwort",komedo ampuh penghilang acner exfoliating green glowing
garnier hair color pewarna rambut,garnier,"hair color, pewarna rambut",,
omg oh my glam matte kiss lip cream,omg oh my glam,matte kiss lip cream,,
bulumata,,bulumata,,
kaca mini travel travelling,,kaca mini travel,,travelling
sunisa bedak cushion bb cream foundation waterproof,sunisa,"cushion bb cream, bedak",,foundation waterproof
kutek peel off muslimah dikupas untuk sholat,,kutek peel off,,muslimah dikupas untuk sholat
the originote high serum cushion,the originote,high serum cushion,,
kaca make up mini travelling,,kaca make up,,mini travelling
mask mata collagen crystal eyemask kantong black panda anti - aging,,"eyemask kantong black panda, mask mata",collagen crystal,anti - aging
implora lip cream matte,implora,lip cream matte,,
kapas selection facial cotton round toner cleanser wajah,kapas selection,"toner cleanser wajah, facial cotton round",,
maybelline matte,maybelline,matte,,
milk recipe hair removal cream waxing perontok bulu ketiak non irritating untuk melembapkan anti iritasi chicken skin niacinamide,milk recipe,hair removal cream,niacinamide,waxing perontok bulu ketiak non irritating untuk melembapkan anti iritasi chicken skin
oil control luxcrime two way cake bedak foundation padat high coverage untuk kulit halus tanpa pori bebas minyak tahan 24 jam,luxcrime,bedak,,"oil control, two way cake, foundation padat high coverage untuk kulit halus tanpa pori bebas minyak tahan 24 jam"
kuku palsu perawatan kecantikan kaki,,kuku palsu,,perawatan kecantikan kaki
kuku palsu,kuku palsu,,,
kapas selection cleanser wajah,kapas selection,cleanser wajah,,
facetology triple care lip protector sunscreen,facetology,sunscreen,,triple care lip protector
pensil alis bubuk maskara,,"maskara, pensil alis bubuk",,
elformula peeling moisturizer serum barrier perawatan wajah pelembab exfoliating,elformula,"serum, peeling moisturizer",,"pelembab exfoliating, barrier perawatan wajah"
o two mascara waterproof long lasting curling,o two,mascara,,waterproof long lasting curling
bb parfum le labo non wanita wangi tahan lama,le labo,bb parfum,,non wanita wangi tahan lama
sisir pomade,sisir pomade,,,
cat kutek kuku peel off wanita muslimah sholat kupas,,cat kutek kuku peel off,,wanita muslimah sholat kupas
pxton spatula mask,pxton,spatula mask,,
miranda hair color cat rambut permanen,miranda,hair color cat rambut permanen,,
parfum roll on,,parfum roll on,,
implora lip cream matte lipcream lipstick lipstik,implora,lip cream matte lipcream lipstick lipstik,,
kaca make up mini travelling,,kaca make up,,mini travelling
hanasui mattedorable lip cream matte dorable lipcream lipstick cair,hanasui,lip cream matte dorable lipcream lipstick cair,,mattedorable
kojie san soap kojic acid,kojie san,soap kojic,acid,
parfum lelabo tahan lama wanita pria,lelabo,parfum,,tahan lama wanita pria
bibit parfum murni,,bibit parfum murni,,
fres natural spray cologne hijab refres princess charming,fres natural,spray cologne hijab,,refres princess charming
svmy 1041 liquid lipstick silky glass lip glaze waterproof long lasting,svmy 1041,liquid lipstick silky glass,,lip glaze waterproof long lasting
vaseline soft glow gluta vitamin spf 20 body serum niacinamide,vaseline,body serum,"niacinamide, gluta vitamin","soft glow, spf 20"
pisau alis pengerok alat pencukur cukur eyebrow,,pisau alis pengerok alat pencukur cukur eyebrow,,
pinkflash matte lipstik lembut tahan lama pelembab pigmentasi tinggi,pinkflash,"matte lipstik, pelembab",,"pigmentasi tinggi, lembut tahan lama"
louisse choice dna salmon glowing uv glow spf 50 pa sunscreen white and repairing moisturizing,louisse choice,sunscreen,dna salmon,"glow spf 50 pa, white and repairing moisturizing, glowing uv"
wardah matte lip cream tahan lama,wardah,matte lip cream,,tahan lama
implora eyebrow pencil pensil alis serut,implora,"pensil alis serut, eyebrow pencil",,
azarine hydrasoothe sunscreen spf45 pa kulit berminyak jerawat,azarine,sunscreen,,"kulit berminyak jerawat, spf45 pa, hydrasoothe"
ms glow night cream day facial wash toner,ms glow,"facial wash toner, cream",,"day, night"
garnier hair color pewarna rambut,garnier,"hair color, pewarna rambut",,
koya kaki kinoki detox,kinoki,koya kaki,,detox
,,,,
implora eyebrow pencil pensil serutan sikat alis,implora,eyebrow pencil pensil serutan sikat alis,,
natural deodorant tawas spray essential oil penghilang bau badan therapeutic,natural,"deodorant, spray essential oil",tawas,penghilang bau badan therapeutic
skintific air cushion high coverage poreless flawless foundation long lasting spf35 pa,skintific,"foundation, air cushion",,"high coverage poreless flawless, long lasting spf35 pa"
sunisa air cushion bb cream foundation,sunisa,air cushion bb cream foundation,,
sadoer hand cream moisturizing fruit lotion skin menjadikan tangan lebih lembut halus melembabkan,sadoer,"lotion skin, hand cream",,"menjadikan tangan lebih lembut halus melembabkan, moisturizing fruit"
wardah glasting liquid lip ringan tidak lengket transferproof,wardah,liquid lip,,"ringan tidak lengket transferproof, glasting"
pembesar payudara ampuh permanen instacare tanpa efek samping,instacare,,,"pembesar payudara ampuh permanen, tanpa efek samping"
spons bedak beauty powder foundation sponge make up cushion bb cream basah kering,beauty powder,"foundation sponge make up, cushion bb cream basah, spons bedak",,kering
pembesar pengencang payudara bigsaze soap,bigsaze,soap,,pembesar pengencang payudara
parfum,,parfum,,
madame gie blushed makeup blush on long lasting,madame gie,blushed makeup blush on,,long lasting
selection kapas kecantikan cotton buds,selection,kapas kecantikan cotton buds,,
glad2glow pomegranate niacinamide brightening moisturizer mencerahkan pelembab wajah white glowing cream facial day night malam pencerah,glad2glow,"cream facial, moisturizer, pelembab wajah","pomegranate, niacinamide","day night malam pencerah, white glowing, mencerahkan, brightening"
lameila svmy contour concealer lightweight soft,lameila svmy,contour concealer,,lightweight soft
kuku palsu fashion fake simple nails art,,kuku palsu,,"fashion fake, simple nails art"
glazed lock lip plump next level gloss yang transferproof tahan lama 24 jam ringan tidak lengket bibir,glazed,lock lip,,plump next level gloss yang transferproof tahan lama 24 jam ringan tidak lengket bibir
mascara maybelline,maybelline,mascara,,
garnier pewarna rambut,garnier,pewarna rambut,,
emina jerawat face wash scrub foam toner moisturizer tone up serum wajah sheet mask loose powder,emina,"face wash scrub, foam toner moisturizer tone up serum wajah sheet mask loose powder",,jerawat
hanasui mattedorable lip cream,hanasui,lip cream,,mattedorable
,,,,
kutek peel off kuteks muslimah untuk sholat,,kutek peel off,,kuteks muslimah untuk sholat
ailin fresh and natural minyak wangi perfume parfum,ailin fresh and natural,"perfume parfum, minyak wangi",,
pengikir kuku,,pengikir kuku,,
bnb barenbliss lip tint moisturizing,bnb barenbliss,lip tint,,moisturizing
wardah day cream night cleanser toner cleansing gel white,wardah,"cream, cleanser toner cleansing gel",,"day, white, night"
kaca make up mini travelling,,kaca make up,,mini travelling
kuku palsu tahan air,,kuku palsu,,tahan air
parfum zf tahan lama unisex,zf,parfum,,"unisex, tahan lama"
remimpi anti hair fall treatment shampoo oil control dandruff loss rambut rontok ketombe perawatan sampo,remimpi,"shampoo, sampo",dandruff,"anti hair fall treatment, oil control, loss rambut rontok ketombe perawatan"
kojic bright glow soap,kojic,soap,,bright glow
omg oh my glam matte kiss lip cream,omg oh my glam,matte kiss lip cream,,
purbasari lipstick color matte tahan 12jam ringan lembut bibir,purbasari,lipstick color matte,,tahan 12jam ringan lembut bibir
garnier cream,garnier,cream,,
sheet mask milk sadoer fruits essence,sadoer,"essence, sheet mask","milk, fruits",
kaca rias makeup,,kaca rias makeup,,
hanasui mattedorable lip cream matte lipcream lipstick,hanasui,"lip cream matte, lipcream lipstick",,mattedorable
spatula mini cream,,"spatula mini, cream",,
omg oh my glam matte kiss lip cream,omg oh my glam,matte kiss lip cream,,
parfum,,parfum,,
sabun pyary turmeric,pyary,sabun,turmeric,
garnier pewarna rambut,garnier,pewarna rambut,,
octarine parfum wanita tahan lama parfume perfume minyak wangi cewek,octarine,"parfum, parfume perfume minyak wangi cewek",,wanita tahan lama
facetology triple care hydra cleanse micellar water cleanser wajah sensitive skin make up tanpa bilas,facetology,micellar water cleanser wajah,,"sensitive skin make up tanpa bilas, triple care hydra cleanse"
kudan kutek kuku peel off wanita cewek muslimah sholat kupas wangi tahan lama,kudan,kutek kuku peel off,,"wanita cewek muslimah sholat kupas, wangi tahan lama"
the originote hyalurose micellar water,the originote,micellar water,hyalurose,
kudan kutek peel off tahan lama wangi cat kuku muslimah,kudan,kutek peel off,,tahan lama wangi cat kuku muslimah
eyebrow cetakan alis powder concealer,,"eyebrow, cetakan alis powder concealer",,
24pieces lem kuku palsu gel,24pieces,lem kuku palsu gel,,
kaca make up mini travelling,,kaca make up,,mini travelling
tosca deodorant spray tawas anti bau badan ketiak lengket white,tosca,deodorant spray,tawas,anti bau badan ketiak lengket white
eyeliner pensil waterproof young and beauty,young and beauty,eyeliner pensil,,waterproof
vaseline rosy lip therapy,vaseline,rosy,,lip therapy
pengikir kuku,,pengikir kuku,,
,,,,
citra natural booster body serum complete glow niacinamide vitamin c hyaluronic acid,citra,booster body serum,niacinamide vitamin c hyaluronic acid,"natural, complete glow"
pinkflash waterproof liquid eyeliner pencil 24 jam long wear quick dry anti transfer pensil,pinkflash,"liquid eyeliner pencil, pensil",,"anti transfer, waterproof, 24 jam long wear quick dry"
sabun pyramid pyary nalpamara soap,pyramid pyary nalpamara,"sabun, soap",,
sabun mandi cair,,sabun mandi cair,,
instaperfect skincover air cushion coverage transfer resistant spf 50 pa,instaperfect,cushion,,"coverage transfer resistant spf 50 pa, skincover air"
parfum unisex,,parfum,,unisex
stiker kuku lem palsu gel,,stiker kuku lem palsu gel,,
makarizo hair energy conditioning shampoo,makarizo hair energy,conditioning shampoo,,
lem kuku,lem kuku,,,
pisau cukur jenggot kumis pria cowok,pisau cukur jenggot kumis,,,pria cowok
kaca make up mini travelling,,kaca make up,,mini travelling
hanasui lipcream mattedorable,hanasui,lipcream,,mattedorable
parfum,,parfum,,
jennskin deodorant,jennskin,deodorant,,
lulur pomade,pomade,lulur,,
o two makeup base cream soft focus primer,o two,makeup base cream,,soft focus primer
miranda hair color pewarna rambut permanent,miranda,hair color pewarna rambut,,permanent
oily skin scora niacinamide hydramoist gel salicylic acid low ph cleanser,skin scora,"gel, cleanser","niacinamide, salicylic acid","low ph, oily, hydramoist"
,,,,
nagaraku ungu bulumata palsu eyelash extension,nagaraku ungu,"eyelash extension, bulumata palsu",,
giv white sabun mandi cair mulberry,giv,sabun mandi cair,mulberry,white
hanasui mattedorable lip cream,hanasui,lip cream,,mattedorable
pomade lulur,pomade,lulur,,
verfons lipstick matte lipstik tahan lama waterproof,verfons,lipstick matte lipstik,,tahan lama waterproof
pembesar pengencang payudara sabun,,sabun,,pembesar pengencang payudara
mireya flawless setting spray up face mist,mireya,"face mist, setting spray",,"flawless, up"
sea makeup lock it matte jerawat setting spray membantu menjaga riasan selama 16 jam merawat mencegah succinic acid resveratrol,sea makeup,setting spray,succinic acid resveratrol,"lock it matte jerawat, membantu menjaga riasan selama, 16 jam merawat mencegah"
emeron hand body lotion,emeron,hand body lotion,,
sasha vitamin rambut,sasha,vitamin rambut,,
kaca make up mini travelling,,kaca make up,,mini travelling
travel pouch organizer anti air tas serut make up serbaguna kantong waterproff,,"tas serut make up, travel pouch organizer",,"waterproff, anti air, serbaguna kantong"
alat kikir kuku untuk manicure pedicure,,alat kikir kuku,,untuk manicure pedicure
parfum kualitas awet,parfum,,,kualitas awet
o two mascara waterproof long lasting curling,o two,mascara,,waterproof long lasting curling
nivea deodorant roll on men brightening black white,nivea,deodorant roll on men,,brightening black white
lameila 1037 maskara mascara pelentik natural waterproof,lameila 1037,"maskara, mascara pelentik",,natural waterproof
the originote lip oil serum treatment bibir melembabkan mencerahkan warna ceramide vitamin c,the originote,lip oil serum,ceramide vitamin c,treatment bibir melembabkan mencerahkan warna
pembesar pengencang payudara breast serum sabun bigsaze soap,bigsaze soap,breast serum sabun,,pembesar pengencang payudara
fres natural spray cologne parfum mist,fres natural,spray cologne parfum mist,,
enchen portable shaver alat cukur jenggot elektrik waterproof,enchen,portable shaver alat cukur jenggot elektrik,,waterproof
hanasui mattedorable lip cream matte,hanasui,lip cream matte,,mattedorable
eyeliner pensil alis anti air make up waterproof big eye tahan lama,big eye,eyeliner pensil alis,,"tahan lama, anti air make up waterproof"
omg lipcream,omg,lipcream,,
sea makeup jerawat smooth two way powder matte bedak padat salicylic acid ceramide safflower meratakan warna kulit menutup serta noda hitam ataupun bekas,sea makeup,bedak padat,salicylic acid ceramide safflower,"jerawat smooth two way, matte, powder, meratakan warna kulit menutup serta noda hitam ataupun bekas"
azzura loose powder bedak tabur,azzura,loose powder bedak tabur,,
nuvo soap cool,nuvo,soap,,cool
rexa deodorant tawas cair menghilangkan bau badan ketiak,rexa,"deodorant, cair",tawas,menghilangkan bau badan ketiak
dettol sabun mandi batang soap antiiseptik,dettol,sabun mandi batang soap,,antiiseptik
o two eyelash black mascara waterproof long,o two,eyelash black mascara,,waterproof long
sabun belerang spirulina shampoo zink,zink,"shampoo, sabun",belerang spirulina,
cotton buds selection cottonbuds cottonbud kapas korek kuping,selection,"cottonbuds cottonbud kapas korek kuping, cotton buds",,
selection facial cotton kotak kapas,selection,facial cotton kotak kapas,,
somethinc checkmatte transferproof lipstick,somethinc,lipstick,,checkmatte transferproof
pinkflash day night maskara lengthening tahan air lama mascara,pinkflash,"mascara, maskara",,"lengthening, day night, tahan air lama"
penutup bening bulu mata,,penutup bening bulu mata,,
hayejin serum sheet mask,hayejin,serum sheet mask,,
some mi mask,some mi,mask,,
pigeon teens facial foam moisturizer face powder sunscreen jerawat,pigeon teens,facial foam moisturizer face powder sunscreen,,jerawat
parfum minyak wangi,,"parfum, minyak wangi",,
lem kuku palsu,lem kuku palsu,,,
foundation,,foundation,,
lip cream matte,,lip cream matte,,
pouch zip lock kosmetik,,pouch zip lock kosmetik,,
kudan kutek peel off kuteks muslimah untuk sholat,kudan,kutek peel off,,kuteks muslimah untuk sholat
implora lip cream matte lipstick lipstik,implora,lip cream matte,lipstick lipstik,
cermin pernikahan aestetik,,cermin pernikahan aestetik,,
garnier color,garnier,color,,
scarlett white body lotion wash scrub lulur day cream night jerawat bright toner eye serum peeling gel sunscreen,scarlett,"body lotion wash scrub lulur, toner eye serum, peeling gel sunscreen",,"jerawat bright, white, day cream night"
skintific cushion foundation concealer bb cream bedak padat compact powder conceler ceramide hyaluronic acid,skintific,"bb cream, cushion foundation concealer, compact powder conceler, bedak padat",ceramide hyaluronic acid,
cindynal lip balm rosy lips moisturizing pelembab pemerah bibir permanen alami,cindynal,"lip balm rosy lips, pelembab",,"pemerah bibir permanen alami, moisturizing"
alat pencukur alis pisau cukur pengerok eyebrow razor,,alat pencukur alis pisau cukur pengerok eyebrow razor,,
stiker lem kuku palsu,,stiker lem kuku palsu,,
sponge blender make up,,sponge blender make up,,
lipstik svmy lip gloss glamour matte waterproof tahan lama,svmy,"lipstik, glamour matte, lip gloss",,waterproof tahan lama
travel pouch serut,,travel pouch serut,,
glow up serum aha lotion 1 booster,aha,"serum, lotion",,"1 booster, glow up"
magefy bulu mata,magefy,bulu mata,,
nuvo cool,nuvo,,,cool
pouch zip lock kosmetik transparan,,pouch zip lock kosmetik transparan,,
kuku palsu perawatan kecantikan kaki manicure,,"manicure, kuku palsu",,perawatan kecantikan kaki
tas pouch kosmetik makeup anti air waterproof,,tas pouch kosmetik makeup,,anti air waterproof
svmy eyeliner waterproof stain resistant lasting,svmy,eyeliner,,waterproof stain resistant lasting
sabun melody sirih khusus miss v,melody,sabun,sirih,khusus miss v
omg oh my glam matte kiss lip cream,omg oh my glam,matte kiss lip cream,,
,,,,
madame gie charmseeker ombre make up soft matte finish,madame gie,charmseeker ombre make up,,soft matte finish
pouch multifungsi organizer anti air travel serbaguna,,pouch multifungsi organizer,,anti air travel serbaguna
roll on parfume minyak wangi pria wanita,roll on,"parfume, minyak wangi",,pria wanita
musk lilian ashley,musk lilian ashley,,,
star oh my glam matte kiss lip cream lipstick lipstik liquid cair lips,star oh my glam,"lipstick lipstik liquid cair lips, matte kiss lip cream",,
lem kuku palsu gel,,lem kuku palsu gel,,
dettol soap sabun batang mandi antibacterial anti kuman,dettol,"sabun batang mandi, soap",,antibacterial anti kuman
implora pensil alis eyebrow pencil,implora,pensil alis eyebrow pencil,,
molcas lash classic eyelash extension,molcas lash classic,eyelash extension,,
kutek peel off muslimah dikupas untuk sholat,,kutek peel off,,muslimah dikupas untuk sholat
jelly 24 lem kuku palsu gel,jelly 24,lem kuku palsu gel,,
ms glow,ms glow,,,
kapas wajah selection cleanser kecantikan facial,selection,"kapas wajah, cleanser",,kecantikan facial
tas kosmetik washbag pouch travel make up waterproof,,"washbag pouch travel make up, tas kosmetik",,waterproof
nuvo sabun batang active cool,nuvo,sabun batang,,active cool
omg oh my glam matte kiss lip cream lipstick lipstik lipcream glow,omg oh my glam,"lipstick lipstik lipcream, matte kiss lip cream",,glow
eyeshadow myho cream shimmer single glitter,myho,"cream, eyeshadow",,shimmer single glitter
zinc shampoo active cool fresh anti hairfall treatment black shine clean hijab perawatan hitam rontok rambut shampo lemon urang aring ginseng,zinc,"shampoo, shampo","urang aring, lemon, ginseng",active cool fresh anti hairfall treatment black shine clean hijab perawatan hitam rontok rambut
implora lip cream matte lipstick lipstik,implora,lip cream matte,lipstick lipstik,
dikalu eyeshadow,dikalu,eyeshadow,,
sea makeup micellar water cleanser wajah remover cleansing kulit sensitif jerawat salicylic acid,sea makeup,micellar water cleanser wajah,salicylic acid,remover cleansing kulit sensitif jerawat
myho eyeshadow pensil plus brush matte mata berkilau,myho,eyeshadow pensil plus brush matte,,mata berkilau
hanasui mattedorable lipcream,hanasui,lipcream,,mattedorable
,,,,
parfum le labo pria wanita,le labo,parfum,,pria wanita
the originote hyalucera moisturizer barrier ceramide cicamide facial cleanser jerawat serum astachiol ceratides eye jelly mask,the originote,"serum, moisturizer barrier, eye jelly mask, facial cleanser jerawat","astachiol ceratides, ceramide cicamide, hyalucera",
wardah lightening series day night cream face serum wash foam mask scrub toner milk cleanser gentle micellar water facial mist pagi malam,wardah,"cleanser gentle micellar water facial mist, cream face serum wash foam mask scrub toner",milk,"pagi malam, lightening series day night"
kuku palsu,kuku palsu,,,
omg oh my glam matte kiss lip cream,omg oh my glam,matte kiss lip cream,,
pixy uv white,pixy,,,uv white
pxton spatula mask mini cream,pxton,spatula mask mini cream,,
omg oh my glam matte kiss lip cream lipstik,omg oh my glam,matte kiss lip cream lipstik,,
somethinc sunscreen spf 40 pa,somethinc,sunscreen,,spf 40 pa
lulur pomade salep,pomade,"salep, lulur",,
kaca make up mini travelling,,kaca make up,,mini travelling
cetakan alis,,cetakan alis,,
garnier micellar cleansing water pink blue vitamin c rose,garnier,micellar cleansing water pink blue,vitamin c rose,
kaca make up mini sovenir travelling,,kaca make up,,mini sovenir travelling
somethinc uv cushion spf 35 pa matte finish tidak menyumbat pori,somethinc,cushion,,"uv, spf 35 pa matte finish tidak menyumbat pori"
kapas wajah selection facial,selection,"facial, kapas wajah",,
r033 kuas make up,r033,kuas make up,,
,,,,
raecca glow up,raecca,,,glow up
evangeline parfum wanita,evangeline,parfum wanita,,
gogoland cetakan alis mini eyebrow pencetak,gogoland,"pencetak, cetakan alis mini eyebrow",,
mask mata eye collagen,mask mata eye,,collagen,
parfum unisex,,parfum,,unisex
biotalk coffee scrub soap sabun mandi untuk bekas luka strechmark,biotalk coffee,"sabun mandi, scrub soap",,untuk bekas luka strechmark
jm implora hair colour,jm implora,hair colour,,
lem kuku palsu,lem kuku palsu,,,
shampoo sabun,,"shampoo, sabun",,
oreal matte liquid foundation loreal natural tahan,"loreal, oreal",matte liquid foundation,,natural tahan
ibana cermin bulat travelling serbaguna hand mirror,ibana,"cermin bulat, hand mirror",,"serbaguna, travelling"
fres spray cologne,fres,spray cologne,,
madame gie shower glow hypoallergenic sabun mandi body wash,madame gie,sabun mandi body wash,hypoallergenic,shower glow
sabun medicare kesehatan anti bakteri kuman virus mandi tangan badan serbaguna,medicare,sabun,,kesehatan anti bakteri kuman virus mandi tangan badan serbaguna
cukur jenggot kumis bulu ketiak serbaguna,cukur jenggot kumis,,,bulu ketiak serbaguna
selection cotton bud korek kuping kapas reguler,selection,cotton bud korek kuping kapas reguler,,
zinc emeron shampo,zinc emeron,shampo,,
perfume parfum unisex,,perfume parfum,,unisex
natural deodorant tawas spray penghilang bau badan ketiak,natural,"spray, deodorant",tawas,penghilang bau badan ketiak
octarine parfum wanita tahan lama parfume perfume minyak wangi cewek,octarine,"parfum, parfume perfume minyak wangi",,"wanita tahan lama, cewek"
cetakan alis 12 eyebrow,,"cetakan alis 12, eyebrow",,
moicare cream pencerah white ketiak selangkangan leher pantat area gelap niacinamide collagen brightening,moicare,cream,niacinamide collagen,"pencerah white ketiak selangkangan leher pantat area gelap, brightening"
cermin bulat kaca makeup,,"kaca makeup, cermin bulat",,
bibit parfum murni,,bibit parfum murni,,
madame gie mascara maskara waterproof,madame gie,"mascara, maskara",,waterproof
souvernir parfume,souvernir,parfume,,
omg oh my glam mattelast lip cream tahan lama,omg oh my glam,mattelast lip cream,,tahan lama
lem kuku palsu,lem kuku palsu,,,
parfum roll on,roll on,parfum,,
peel off kudan cat kutek kuku jari tangan sun uv,kudan,"peel off, cat kutek kuku jari tangan",,sun uv
bigsize soap breast serum pembesar pengencang payudara,bigsize soap,breast serum,,pembesar pengencang payudara
instacare bigsaze soap breast serum pembesar pengencang payudara,instacare bigsaze soap,breast serum,,pembesar pengencang payudara
pembesar pengencang payudara instacare bigsaze soap breast serum,instacare bigsaze soap,breast serum,,pembesar pengencang payudara
instacare bigsaze soap breast serum pengencang pembesar menghaluskan payudara,instacare bigsaze soap,breast serum,,pengencang pembesar menghaluskan payudara
lameila eyeshadow palette waterproof,lameila,eyeshadow palette,,waterproof
27an penjepit bulu mata pelentik,27an,penjepit bulu mata,,pelentik
kuteks kutek muslimah peel off kudan,kudan,kuteks kutek muslimah peel off,,
dobha parfum roll on minyak wangi,dobha,parfum roll on minyak wangi,,
kutek kuku untuk sholat peel off kuteks muslimah,,"kutek kuku, peel off kuteks muslimah",,untuk sholat
kikir kuku pengkilap,,kikir kuku pengkilap,,
hanasui mattedorable lip cream,hanasui,lip cream,,mattedorable
facetology triple care jerawat calm micellar water sunscreen spf 40 pa,facetology,micellar water sunscreen,,"spf 40 pa, triple care jerawat calm"
tawas spray beorganik crystal deodorant deodoran,beorganik,"tawas spray, crystal deodorant, deodoran",,
the originote hyalucera moisturizer gel pelembab wajah serum bright jerawat ceratides peeling astachiol eyelash toner sunscreen mist,the originote,"moisturizer gel pelembab wajah serum, peeling, eyelash toner sunscreen mist","astachiol, hyalucera, ceratides","jerawat, bright"
saff co extrait de parfum,saff co,extrait de parfum,,
sisir serit plastik kutu rambut,,"rambut, sisir serit plastik",,kutu
serum pembesar pengencang payudara permanen bigsaze soap,bigsaze soap,serum,,pembesar pengencang payudara permanen
pembesar pengencang payudara breast serum bigsize soap,bigsize soap,breast serum,,pembesar pengencang payudara
scarlett white halalbpom,scarlett,,,"white, halalbpom"
parfum,,parfum,,
kahf face wash scrub sabun wajah pria,kahf,face wash scrub sabun wajah pria,,
focallure watery lip tint tahan lama melembabkan,focallure watery,lip tint,,tahan lama melembabkan
magic deo,magic deo,,,
deodoran roll on bedak tawas penghilang bau badan,,deodoran roll on bedak,tawas,penghilang bau badan
saniye concealer waterproof wajah,saniye,concealer,,waterproof wajah
iswhite body mask pencerah tubuh,iswhite,body mask,,pencerah tubuh
dazzle me powder long wear fast oil fix silky tahan air makeup setting bedak padat,dazzle me,setting bedak padat,,powder long wear fast oil fix silky tahan air makeup
beauthinc gluta soap goat milk,beauthinc,soap,"goat milk, gluta",
omg oh my glam matte kiss lip cream,omg oh my glam,matte kiss lip cream,,
,,,,
grosiran kuku palsu manicure,,grosiran kuku palsu,,manicure
zen1 parfum le labo minyak wangi tahan lama,"le labo, zen1","parfum, minyak wangi",,tahan lama
bioaqua micellar water makeup remover hyaluronic acid polypeptide gentle cleansing,bioaqua,micellar water,hyaluronic acid polypeptide,"gentle cleansing, makeup remover"
instacare bigsaze soap breast serum,instacare bigsaze soap,breast serum,,
instacare bigsaze soap breast serum,instacare bigsaze soap,breast serum,,
bigsaze soap breast serum pengencang boba si kembar,bigsaze soap,breast serum,,pengencang boba si kembar
kaca make up mini travelling,,kaca make up,,mini travelling
bioaqua sheet mask hydrating essence face brightening anti - aging wajah,bioaqua,"essence face, sheet mask",,"hydrating, brightening, anti - aging wajah"
penjepit pelentik bulu mata,,penjepit pelentik bulu mata,,
grace and glow brightening sun lotion body serum spf 30 pa sunscreen sunblock badan anti uv arbutin bearberry,grace and glow,"sun lotion body serum, sunscreen sunblock",arbutin bearberry,"spf 30 pa, badan anti uv, brightening"
elformula intensive peeling solution serum exfoliating wajah mencerahkan dark spot angkat sel kulit mati aha bha pha,elformula,intensive peeling solution serum,aha bha pha,exfoliating wajah mencerahkan dark spot angkat sel kulit mati
hanasui mattedorable lip cream matte lipcream lipstick cair,hanasui,"lip cream matte, lipcream lipstick cair",,mattedorable
sadoer mask facial sheet perawatan wajah,sadoer,mask facial sheet,,perawatan wajah
marina hand body lotion uv white serum,marina,"serum, hand body lotion",,uv white
implora eye brow pencil pensil serutan sikat alis,implora,eye brow pencil pensil serutan sikat alis,,
glowsophy watermelon brightening moisturizer skin barrier niacinamide gel day and night,glowsophy,"gel, moisturizer","watermelon, niacinamide","skin barrier, day and night, brightening"
white aha body serum moisturizing badan pencerah,,body serum,aha,"white, moisturizing badan pencerah"
skintific cushion foundation concealer bb cream bedak padat compact powder conceler centella asiatica ceramide hyaluronic acid,skintific,"bb cream, cushion foundation concealer, compact powder conceler, bedak padat",centella asiatica ceramide hyaluronic acid,
skintific stay velvet matte cushion,skintific,velvet matte cushion,,stay
kojie san anti - aging soap,kojie san,soap,,anti - aging
face up glow serum day white booster,face up,serum,,"day, glow, white booster"
momilen maternity care cream,momilen,cream,,maternity care
asthin force kapsul,asthin force,kapsul,,
selection kapas,selection,kapas,,
ciara avocado calming liquid wash chamomile cream untuk melembutkan kulit gatal,ciara avocado,liquid wash chamomile cream,,"untuk melembutkan kulit gatal, calming"
dermia cream,dermia,cream,,
biore skin caring jerawat care facial foam,biore,facial foam,,skin caring jerawat care
men biore jerawat uv aqua rich,men biore,,,"jerawat, uv aqua rich"
biore uv aqua sunscreen essence spf50 pa,biore,"essence, sunscreen",aqua,"spf50 pa, uv"
,,,,
biore skin caring bright oil clear facial foam,biore,facial foam,,skin caring bright oil clear
megrhythm night steam patch lavender relaksasi,megrhythm,steam patch,lavender,"relaksasi, night"
rdl papaya brightening soap,rdl,soap,papaya,brightening
moisturizing niacinamide pelembab wajah,,pelembab wajah,niacinamide,moisturizing
biyu gentle gel cleanser jerawat facial wash sabun cuci wajah low ph,biyu gentle,"gel cleanser, facial wash sabun cuci wajah",,"low ph, jerawat"
ceradan moisturizer cream,ceradan,"moisturizer, cream",,
ceradan gentle cleanser,ceradan gentle,cleanser,,
la roche posay effaclar purifying foaming gel,la roche posay,foaming gel,,effaclar purifying
parasol sunblock spf 33 cream,parasol,"sunblock, cream",,spf 33
mask mata anak inframerah untuk kesehatan eye care pseudomyopia freshcare,,mask mata anak,"pseudomyopia, inframerah","eye care, untuk kesehatan, freshcare"
kanebo fulfilling emulsion,kanebo,,,fulfilling emulsion
bionect cream,bionect,cream,,
natasha,natasha,,,
selection cotton bud,selection,cotton bud,,
resida,resida,,,
ciara stretchmark treatment,ciara,,,stretchmark treatment
kojie san dreamwhite anti - aging facial toner collagen,kojie san,facial toner,collagen,dreamwhite anti - aging
somethinc ceramic skin saviour moisturizer gel cocok untuk jerawat kulit sensitif non comedogenic melembapkan mengurangi kemerahan pelembab tidak menyumbat pori,somethinc,"moisturizer gel, pelembab",ceramic,"cocok untuk jerawat kulit sensitif non comedogenic melembapkan mengurangi kemerahan, tidak menyumbat pori, skin saviour"
kojie san kojic acid soap,kojie san,soap,kojic acid,
lysca daily exfoliating toner clear and smooth skin mencerahkan wajah,lysca,toner,,"daily exfoliating, clear and smooth skin mencerahkan wajah"
spirulina suplemen kesehatan antioksidan,,suplemen kesehatan,spirulina,antioksidan
the originote brightening moisturizer pelembab wajah niacinamide vitamin untuk mencerahkan mengencangkan memperbaiki barrier kulit cocok kusam jerawat bikin halus glowing,the originote,moisturizer pelembab wajah,niacinamide vitamin,"untuk mencerahkan mengencangkan memperbaiki barrier kulit cocok kusam jerawat bikin halus glowing, brightening"
skintific niacinamide brightening moisturizer gel,skintific,moisturizer gel,niacinamide,brightening
erto salmon dna night cream,erto,cream,salmon dna,night
sariayu moisturizer,sariayu,moisturizer,,
viva face tonic bengkuang,viva,face tonic,bengkuang,
natasha spicule shot serum anti - aging,natasha,spicule shot serum,,anti - aging
kanebo,kanebo,,,
biore uv aqua rich sunscreen watery gel spf50 pa,biore,sunscreen watery gel,aqua,"spf50 pa, uv, rich"
kanebo,kanebo,,,
oneskin protective sunscreen spray spf 50 pa kering wajah facial,oneskin,sunscreen spray,,"protective, kering wajah facial, spf 50 pa"
debiuryn jerawat milk cleanser susu wajah kulit berminyak,debiuryn,cleanser,"susu, milk","jerawat, wajah kulit berminyak"
somethinc copper peptide resveratrol serum,somethinc,serum,copper peptide resveratrol,
noroid derma cream,noroid derma,cream,,
collagen dna plus kojic soap awet,dna plus kojic,soap,collagen,awet
dna plus phyto mist beautetox salmon concentrate gel skin booster serum pelembab wajah anti - aging pria wanita pencerah berminyak jerawat kusam kering mochi treatment,dna plus phyto,"mist beautetox, concentrate gel skin booster serum pelembab wajah",salmon,"mochi treatment, anti - aging pria wanita pencerah berminyak jerawat kusam kering"
somethinc retinol serum menyamarkan tekstur kulit garis halus anti - aging mencegah kerutan pori besar dark spot renewal brighten smoothing essence prevent premature pemula,somethinc,"serum, essence",retinol,"prevent premature pemula, menyamarkan tekstur kulit garis halus anti - aging mencegah kerutan pori besar dark spot renewal brighten smoothing"
kojie san skin lightening soap hydromoist,kojie san,soap,,"skin lightening, hydromoist"
biore uv sunscreen skin protection essence spf50 pa,biore,"essence, sunscreen",,"spf50 pa, uv, skin protection"
kanebo,kanebo,,,
natasha serum anti - aging,natasha,serum,,anti - aging
men biore bright oil clear sabun wajah doublescrub,men biore,sabun wajah,,"doublescrub, bright oil clear"
oneskin memberi perlindungan maksimal memperbaiki skin barrier sunscreen moisturizer,oneskin,sunscreen moisturizer,,memberi perlindungan maksimal memperbaiki skin barrier
topicare ceramide soothing cream perawatan tubuh,topicare,cream,ceramide,"perawatan tubuh, soothing"
labore sensitive physical sunscreen,labore,sunscreen,,"physical, sensitive"
debiuryn ageless glow serum lactid acid hyaluronic anti - aging,debiuryn,serum,lactid acid hyaluronic,"anti - aging, ageless glow"
herborist aloe vera soothing moisturizer,herborist,moisturizer,aloe vera,soothing
alat pijat wajah indoganic beauty rose quartz facial roller untuk melancarkan peredaran darah mengencangkan kulit,indoganic beauty rose quartz,"facial roller, alat pijat wajah",,untuk melancarkan peredaran darah mengencangkan kulit
natasha stemcell booster anti - aging,natasha,stemcell booster,,anti - aging
somethinc starter kit calm down moisturizer low ph jelly cleanser sunscreen gel,somethinc,"jelly cleanser sunscreen gel, moisturizer",,"low ph, starter kit calm down"
men biore oil balance sabun wajah non scrub,men biore,sabun wajah,,"oil balance, non scrub"
tje fuk white night cream mencerahkan kulit wajah kusam mengatasi jerawat noda bekas flek hitam membandel bintik haluskan tanda penuaan pria wanita,tje fuk,cream,,"mencerahkan kulit wajah kusam mengatasi jerawat noda bekas flek hitam membandel bintik haluskan tanda penuaan pria wanita, white night"
kojie san serum,kojie san,serum,,
kanebo sunscreen spf 50 pa,kanebo,sunscreen,,spf 50 pa
cetaphil gentle skin cleanser,cetaphil,cleanser,,gentle skin
wardah white secret day cream,wardah,cream,,white secret day
wardah aloe hydramild multifunction gel,wardah,gel,aloe,hydramild multifunction
foe 2 white day cream mencerahkan meratakan warna kulit,foe 2,cream,,"mencerahkan meratakan warna kulit, white day"
debiuryn face scrub peeling cream kulit normal atau kering,debiuryn,face scrub peeling cream,,kulit normal atau kering
somethinc propolis hydra mist,somethinc,mist,propolis,hydra
mouisturizing milk cleanser natasha,natasha,cleanser,milk,mouisturizing
alpha serum dna plus salmon dark spot terminator noda regenerasi kulit wajah sehat,dna plus,alpha serum,salmon,dark spot terminator noda regenerasi kulit wajah sehat
somethinc holyshield sunscreen comfort corrector serum spf 50 pa kulit jerawat tone up mineral,somethinc,"tone up, serum, sunscreen",mineral,"holyshield, comfort corrector, spf 50 pa kulit jerawat"
natasha glowing sensitif skin barrier,natasha,,,glowing sensitif skin barrier
watch me bare it bright gentle brightening whip foam,watch me bare it,whip foam,,bright gentle brightening
somethinc,somethinc,,,
somethinc,somethinc,,,
biore skin caring jerawat care facial foam,biore,facial foam,,skin caring jerawat care
kanebo,kanebo,,,
kanebo lift serum aging,kanebo,lift serum,,aging
polident 3 minute daily cleanser,polident,cleanser,,3 minute daily
kanebo skin harmonizer,kanebo,,,skin harmonizer
selection kapas,selection,kapas,,
kalpanax salep,kalpanax,salep,,
oneskin memberi perlindungan maksimal membantu mencerahkan kulit wajah sunscreen serum,oneskin,sunscreen serum,,memberi perlindungan maksimal membantu mencerahkan kulit wajah
kojiesan skin lightening soap hydromoist,kojiesan,soap,,"skin lightening, hydromoist"
kanebo essence,kanebo,essence,,
cetaphil cleanser,cetaphil,cleanser,,
somethinc holyshield uv watery sunscreen gel spf 50 pa untuk kulit berminnyak mudah menyerap no whitecast tidak lengket,somethinc,watery sunscreen gel,,"untuk kulit berminnyak mudah menyerap no whitecast tidak lengket, holyshield uv, spf 50 pa"
phyto booster glowing facial mist white and brightening pencerah wajah,phyto,"pencerah wajah, facial mist",,"booster glowing, white and brightening"
booster glowing mist,,mist,,booster glowing
ceradan moisturizer wash,ceradan,moisturizer wash,,
lysca pore jerawat toner oily and skin,lysca,toner,,"pore jerawat, oily and skin"
oneskin pria perlindungan maksimal facial wash serum moisturizer sunscreen,oneskin,facial wash serum moisturizer sunscreen,,pria perlindungan maksimal
biore uv fresh bright soothing aloe sunscreen spf50 pa,biore,sunscreen,aloe,"spf50 pa, uv fresh bright soothing"
biore uv fresh bright oil control matte sunscreen spf50 pa,biore,matte sunscreen,,"spf50 pa, uv fresh bright oil control"
men biore bright energy sabun wajah doublescrub,men biore,sabun wajah,,"bright energy, doublescrub"
debiuryn ageless skin energy serum retinol bha anti - aging,debiuryn,serum,retinol bha,"anti - aging, ageless skin energy"
biore uv sunscreen skin protection essence spf50 pa,biore,"essence, sunscreen",,"spf50 pa, uv, skin protection"
kanebo skin harmonizer,kanebo,,,skin harmonizer
ciara stretchmark treatment oil natural deodorant,ciara,deodorant,,stretchmark treatment oil natural
kanebo essence,kanebo,essence,,
rdl papaya brightening soap sabun mandi batang,rdl papaya,soap sabun mandi batang,,brightening
verile blemish cream,verile,blemish cream,,
kojie san men face wash lightening,kojie san,men face wash,,lightening
debiuryn vitamin c bright glowing essense serum,debiuryn,essense serum,vitamin c,bright glowing
kanebo cream anti - aging night,kanebo,cream,,anti - aging night
heliatech sunscreen lotion spf,heliatech,sunscreen lotion,,spf
somethinc perawatan mata panda eyelash serum,somethinc,eyelash serum,,perawatan mata panda
somethinc advanced peeling aha bha pha lha serum hangover voluminous fiber lash smudgeproof mascara,somethinc,"peeling, serum, mascara",aha bha pha lha,"hangover voluminous fiber lash smudgeproof, advanced"
verile jerawat care facial wash,verile,facial wash,,jerawat care
dew it kids sunscreen mist daily lotion tabir surya spray,dew it kids,"mist daily lotion tabir surya spray, sunscreen",,
noroid soothing cream,noroid,cream,,soothing
herborist aloe vera soothing moisturizing gel,herborist,moisturizing gel,aloe vera,soothing
garnier micellar cleansing rose water,garnier,micellar cleansing,rose water,
moko kit skin type,moko,,,kit skin type
cetaphil skin restoring wash,cetaphil,,,skin restoring wash
biore uv fresh bright sunscreen sun screen sunblock cream spf 50 pa samarkan noda hitam,biore,sunscreen sun screen sunblock cream,,"uv fresh bright, spf 50 pa samarkan noda hitam"
men biore jerawat bacterior uv aqua rich,men biore,,,jerawat bacterior uv aqua rich
kanebo,kanebo,,,
prology skin clear peel,prology skin,,,clear peel
kelly lemon soap,kelly,soap,lemon,
wardah aloe hydramild facial wash,wardah,facial wash,aloe,hydramild
jf sulfur dermamed soap,jf,soap,sulfur,dermamed
acnes creamy wash,acnes creamy wash,,,
kanebo,kanebo,,,
somethinc basic skincare kit,somethinc,,,basic skincare kit
face up age defence hac lift serum anti - aging menghaluskan mengencangkan mencerahkan melembabkan kulit wajah,face up,serum,,"age defence hac lift, anti - aging menghaluskan mengencangkan mencerahkan melembabkan kulit wajah"
dermatix bantu mempercepat penyembuhan luka secara optimal,dermatix,,,bantu mempercepat penyembuhan luka secara optimal
melanox cream,melanox,cream,,
somethinc dark spot reducer ampoule,somethinc,ampoule,,dark spot reducer
acnes point clear roll on,,acnes point clear roll on,,
relife pigment solution,relife,,,pigment solution
debiuryn cleanser wajah kulit jerawat berminyak,debiuryn,cleanser,,wajah kulit jerawat berminyak
tje fuk essence moisturizer perawatan anti - aging wajah mengencangkan kerutan garis halus tanda penuaan mencerahkan melembutkan,tje fuk,essence moisturizer,,perawatan anti - aging wajah mengencangkan kerutan garis halus tanda penuaan mencerahkan melembutkan
men biore jerawat bacterior sabun wajah doublescrub,men biore,sabun wajah,,"jerawat bacterior, doublescrub"
kanebo clarifying powder wash,kanebo,wash,,clarifying powder
topicare soothing cream,topicare,cream,,soothing
debiuryn phyto light active micellar water remaja anak,debiuryn phyto,micellar water,,"light active, remaja anak"
selection round facial cotton,selection round,facial cotton,,
cheering mist uv spf50 pa,cheering,mist,,"spf50 pa, uv"
cleanser,,cleanser,,
tumitku,,tumitku,,
bifesta foaming cleanser wajah busa untuk mengurangi minyak berlebih,bifesta,"foaming, cleanser wajah busa",,untuk mengurangi minyak berlebih
dermaten cream,dermaten,cream,,
beautetox alpha serum pencerah poreless arbutin botox like peptides melembabkan mencerahkan mengencangkan kulit glowing,beautetox,alpha serum,"arbutin, peptides","melembabkan mencerahkan mengencangkan kulit glowing, botox like, pencerah poreless"
xepagel cream,xepagel,cream,,
kanebo lotion,kanebo,lotion,,
somethinc biospicule renewal serum,somethinc,biospicule renewal serum,,
natasha facial wash oily,natasha,facial wash,,oily
somethinc calm down skinpair moisturizer pelembap wajah untuk kulit sensitif kemerahan normal meredakan memperkuat skin barrier,somethinc,moisturizer pelembap wajah,,"untuk kulit sensitif kemerahan normal meredakan memperkuat skin barrier, calm down skinpair"
somethinc glow aha bha pha clarifying treatment toner,somethinc,toner,aha bha pha,"glow, clarifying treatment"
papulex moussant cleansing gel dermatix jerawat spot care,"dermatix, papulex moussant",cleansing gel,,jerawat spot care
oneskin facial wash charcoal membersihkan wajah pria,oneskin,facial wash,charcoal,membersihkan wajah pria
glycore cream,glycore,cream,,
dermatix ultra gel,dermatix,ultra gel,,
viva milk cleanser bengkoang,viva,cleanser,"milk, bengkoang",
moisturizing skin toner calendula natasha,natasha,moisturizing skin toner,calendula,
hydrobiotic serum natasha,natasha,serum,hydrobiotic,
phyto white booster up daily protection cream,phyto,cream,,white booster up daily protection
astaxanthin kapsul,astaxanthin,kapsul,,
asthin kapsul,asthin,kapsul,,
dermatix wound care,dermatix,,,wound care
men biore cleanser komedo,men biore,cleanser komedo,,
biore uv aqua rich sunscreen essence spf50 pa,biore,"essence, sunscreen",aqua,"spf50 pa, uv, rich"
somethinc glow pyhtocell serum untuk kulit berkilau mencerahkan brightening anti - aging mencegah penuaan dini,somethinc,serum,,"untuk kulit berkilau mencerahkan brightening anti - aging mencegah penuaan dini, glow pyhtocell"
lysca serum pores,lysca,serum,,pores
lysca lightening pencerah wajah glowing putih,lysca,pencerah wajah,,"lightening, glowing putih"
biore skin caring mild smooth facial foam,biore,facial foam,,skin caring mild smooth
fair lovely multivitamin facial foam,fair lovely,facial foam,multivitamin,
somethinc calm down skinpair barrier serum penenang kulit sensitif iritasi meredakan kemerahan memperkuat skin menghaluskan tampilan peptide panthenol,somethinc,serum,peptide panthenol,"penenang kulit sensitif iritasi meredakan kemerahan memperkuat skin menghaluskan tampilan, calm down skinpair barrier"
face up cleansing balm cleanser wajah make remover olive oil mengecilkan pori mencerahkan kulit,face up,cleanser wajah,,"cleansing balm, make remover olive oil mengecilkan pori mencerahkan kulit"
cetaphil gentle skin cleanser,cetaphil,cleanser,,gentle skin
somethinc hyaluronic essence toner yang menghidrasi kulit melembabkan kering non comedogenic cocok untuk sensitif,somethinc,essence toner,hyaluronic,yang menghidrasi kulit melembabkan kering non comedogenic cocok untuk sensitif
somethinc low ph jelly cleanser,somethinc,jelly cleanser,,low ph
somethinc eyelash serum mascara,somethinc,eyelash serum mascara,,
kojie san serum,kojie san,serum,,
ichtyol cito salep,ichtyol cito,salep,,
derma xp acneclear facial wash,derma xp acneclear,facial wash,,
debiuryn genery cleanser wajah kulit normal kering,debiuryn,genery cleanser wajah,,kulit normal kering
ceradan hydra cream,ceradan,cream,,hydra
debiuryn bright hydrating essence toner,debiuryn,essence toner,,bright hydrating
men biore bright sabun wajah,men biore,sabun wajah,,bright
men biore deep pore clean sabun wajah doublescrub,men biore,sabun wajah,,"deep pore clean, doublescrub"
biore uv aqua sunscreen watery gel spf50 pa,biore,sunscreen watery gel,aqua,"spf50 pa, uv"
teen milk cleanser natasha,natasha,cleanser,milk,teen
men biore cool oil clear bioreuv sunscreen essence,men biore,bioreuv sunscreen essence,,cool oil clear
biore skin caring mild smooth facial foam,biore,facial foam,,skin caring mild smooth
lysca lightening,lysca,,,lightening
somethinc low ph gentle jelly cleanser face wash,somethinc,gentle jelly cleanser face wash,,low ph
wardah moisturizer gel,wardah,moisturizer gel,,
viva pelembab uv green tea,viva,pelembab,green tea,uv
cica chicory calming moisturizer,chicory,moisturizer,cica,calming
jf sulfur anti jerawat cleanser,jf,cleanser,sulfur,anti jerawat
somethinc hyaluronic9 moisturizer gel pelembap yang menghidrasi cocok untuk kulit sensitif non comedogenic,somethinc,"gel, moisturizer",hyaluronic9,pelembap yang menghidrasi cocok untuk kulit sensitif non comedogenic
double lightening kering,,,,double lightening kering
labore sensitive barrier revive cream,labore,cream,,"barrier revive, sensitive"
kanebo skin protector sunscreen,kanebo,sunscreen,,skin protector
bifesta foaming whip deep clear sabun cleanser wajah clay charcoal,bifesta,"clear sabun cleanser wajah, foaming whip",clay charcoal,deep
kanebo scrubbing wash,kanebo,wash,,scrubbing
eucalie eye lash brow serum bulu mata alis castor peptide ingredients vitamin,eucalie,eye lash brow serum bulu mata alis,"castor peptide, vitamin",ingredients
men biore cool oil clear sabun wajah doublescrub,men biore,sabun wajah,,"cool oil clear, doublescrub"
earth love life rose body wash lotion sabun wangi mandi cair melembabkan jerawat punggung kulit sensitif mencerahkan spf,earth love life,body wash lotion sabun wangi mandi cair,rose,melembabkan jerawat punggung kulit sensitif mencerahkan spf
oneskin membersihkan memberi perlindungan maksimal sunscreen facial wash,oneskin,sunscreen facial wash,,membersihkan memberi perlindungan maksimal
natasha moisturizer sunscreen day cream,natasha,"moisturizer sunscreen, cream",,day
somethinc hyaluronic9 serum memperkuat skin barrier agar tampil lebih plumpy halus segar hidrasi kulit kering menghidrasi jam,somethinc,serum,hyaluronic9,"memperkuat skin barrier agar tampil lebih plumpy halus segar hidrasi kulit kering menghidrasi, jam"
ciara liquid serum stretchmarks ibu hamil,ciara,liquid serum,,stretchmarks ibu hamil
men biore jerawat sabun wajah,men biore,sabun wajah,,jerawat
somethinc ceramic skin saviour moisturizer gel,somethinc,moisturizer gel,ceramic,skin saviour
indoganic beauty retinyl serum youth renewal face antiaging menyamarkan kerutan wajah,indoganic beauty,serum,retinyl,"youth renewal face antiaging menyamarkan kerutan, wajah"
debiuryn ageless skin energy serum retinol bha anti - aging,debiuryn,serum,retinol bha,"anti - aging, ageless skin energy"
beautetox intense white booster up tranexamic daily protection cream alpha arbutin serum,beautetox,"serum, cream","alpha arbutin, tranexamic","daily protection, intense white booster up"
kanebo,kanebo,,,
kanebo serum,kanebo,serum,,
topicare cleanser,topicare,cleanser,,
kanebo,kanebo,,,
kanebo lotion,kanebo,lotion,,
kojie san normal dry,kojie san,,,normal dry
kojie san lightening,kojie san,,,lightening
ceradan gentle cleanser,ceradan,gentle cleanser,,
tje fuk white night cream active malam mencerahkan wajah kusam samarkan flek hitam noda bekas jerawat membandel perawatan skin barrier moisturizer pelembab mengencangkan kulit,tje fuk,"moisturizer pelembab, cream",,"mengencangkan kulit, active malam mencerahkan wajah kusam samarkan flek hitam noda bekas jerawat membandel perawatan skin barrier, white night"
verile jerawat back spray,verile,,,jerawat back spray
asepso sulphur sabun batang,asepso,sabun batang,sulphur,
kojie san skin lightening soap hydromoist,kojie san,soap,,"skin lightening, hydromoist"
debiuryn sense hydra oxy moisturizer hydrating night serum,debiuryn,"moisturizer, serum",,"hydrating night, sense hydra oxy"
organic brightening serum tranexamic peptide postbiotic eucalie perawatan wajah untuk mencerahkan kulit kusam menyamarkan flek hitam kerutan bekas jerawat anti - aging kadungan niacinamide,organic,serum,"tranexamic peptide postbiotic eucalie, niacinamide","perawatan wajah untuk mencerahkan kulit kusam menyamarkan flek hitam kerutan bekas jerawat anti - aging kadungan, brightening"
men biore jerawat bright care sabun wajah,men biore,sabun wajah,,jerawat bright care
biore pore pack black,biore,pore pack black,,
oneskin kinclong membersihkan menyamarkan kerutan facial wash moisturizer pelembab scrub wajah perawatan cleansing kering,oneskin,"facial wash moisturizer, pelembab",,"scrub wajah perawatan cleansing kering, kinclong membersihkan menyamarkan kerutan"
viva milk cleanser bengkuang,viva,cleanser,"milk, bengkuang",
natasha micro oil caviar serum mencerahkan melembabkan kulit wajah,natasha micro oil caviar,serum,,mencerahkan melembabkan kulit wajah
parasol face sunblock spf cream perawatan wajah,parasol,"face sunblock, cream",,"perawatan wajah, spf"
somethinc hyaluronic9 serum kulit kering,somethinc,serum,hyaluronic9,kulit kering
shower body lotion wash sabun mandi cair wangi melembabkan jerawat punggung kulit sensitif spf alergi mencerahkan tara basro,tara basro,shower body lotion wash sabun mandi cair,,wangi melembabkan jerawat punggung kulit sensitif spf alergi mencerahkan
somethinc skinpair cream,somethinc,cream,,skinpair
ceradan skinbarrier cream,ceradan,cream,,skinbarrier
lysca facial wash sabun wajah white,lysca,facial wash sabun wajah,,white
men biore oil balance uv aqua rich,men biore,,balance,"uv aqua rich, oil"
tje fuk washing cream face wash scrub cleanser wajah sabun cuci,tje fuk,washing cream face wash scrub cleanser wajah sabun cuci,,
bifesta micellar cleansing water cleanser melembabkan kulit,bifesta,micellar cleansing water cleanser,,melembabkan kulit
hanasui serum vitamin c,hanasui,serum,vitamin c,
oneskin facial wash perawatan kulit wajah,oneskin,facial wash,,perawatan kulit wajah
pond white beauty facial foam,pond,facial foam,,white beauty
kanebo,kanebo,,,
eucalie organic glow bright,eucalie,,,organic glow bright
somethinc moisturizer serum niacinamide hyaluronic retinol,somethinc,"moisturizer, serum",niacinamide hyaluronic retinol,
face up mist toner niacinamide hyaluronic acid mencerahkan melembabkan mengglowingkan serum booster untuk semua jenis kulit,face up,"mist toner, serum booster",niacinamide hyaluronic acid,"mencerahkan melembabkan mengglowingkan, untuk semua jenis kulit"
selection kapas,selection,kapas,,
papulex moussant cleansing gel oil cream,papulex moussant,cleansing gel oil cream,,
tje fuk moisturizer cream hyaluronic pelembab hidrasi,tje fuk,moisturizer cream,hyaluronic,pelembab hidrasi
soft u derm intensive hydro protect,soft u derm,,,intensive hydro protect
natasha serum,natasha,serum,,
acnes creamy wash,acnes creamy wash,,,
kojie san sunscreen spf50 pa,kojie san,sunscreen,,spf50 pa
peeling retinol natasha,natasha,peeling retinol,,
moko sunflower seed oil ceramide essence serum hydrating soothing skin,moko sunflower seed oil,essence serum,ceramide,hydrating soothing skin
kojie san kojic acid soap,kojie san,soap,kojic acid,
debiuryn young skin,debiuryn,,,young skin
somethinc retinol,somethinc,,retinol,
white neng cream,neng,cream,,white
debiuryn white and softening night cream,debiuryn,cream,,white and softening night
somethinc glow pyhtocell serum,somethinc,serum,,glow pyhtocell
somethinc gentle bright niacinamide alpha arbutin serum pencerah wajah untuk semua jenis kulit memperkuat skin barrier meratakan warna memudarkan noda gelap pori sensitif,somethinc,serum pencerah wajah,niacinamide alpha arbutin,"untuk semua jenis kulit memperkuat skin barrier meratakan warna memudarkan noda gelap pori sensitif, gentle bright"
men biore oil balance sabun wajah non scrub,men biore,sabun wajah,oil balance,non scrub
lysca ceramide skin barrier moisturizer,lysca,moisturizer,ceramide,skin barrier
natasha serum,natasha,serum,,
glikoderm clarifying facial cleanser poly hydroxy acid,glikoderm clarifying,facial cleanser,poly hydroxy acid,
kanebo radiant skin refiner,kanebo,,,radiant skin refiner
oneskin membersihkan mencerahkan memberi perlindungan maksimal sunscreen facial wash serum,oneskin,sunscreen facial wash serum,,membersihkan mencerahkan memberi perlindungan maksimal
renew eye cream natasha,natasha,renew eye cream,,
nelsons tea tree cream,nelsons,cream,tea tree,
beautetox alpha serum pencerah arbutin botox like peptides melembabkan mencerahkan mengencangkan kulit,beautetox,alpha serum,"arbutin, peptides","melembabkan mencerahkan mengencangkan kulit, botox like, pencerah"
somethinc propolis honey sleeping mask,somethinc,sleeping mask,"honey, propolis",
somethinc ceramic skin saviour moisturizer gel,somethinc,moisturizer gel,ceramic,skin saviour
debiuryn facial foam micellar cleansing gel face wash,debiuryn,"facial foam, micellar cleansing gel face wash",,
indoganic beauty zincscreen sun shield spf 32 pa sunscreen protection tabir surya pelindung sinar uv lightweight perawatan wajah facial sunblock protector,indoganic beauty,"zincscreen, tabir surya, sunscreen, facial sunblock",,"protection, perawatan wajah, pelindung sinar uv lightweight, protector, sun shield spf 32 pa"
somethinc calm down skinpair bubble cleanser sabun cuci wajah untuk kulit sensitif iritasi meredakan kemerahan memperkuat skin barrier facial wash semua tipe,somethinc,"bubble cleanser sabun cuci wajah, facial wash",,"semua tipe, untuk kulit sensitif iritasi meredakan kemerahan memperkuat skin barrier, calm down skinpair"
emla cream,emla,cream,,
somethinc serum,somethinc,serum,,
men biore bright oil clear bioreuv sunscreen,men biore,bioreuv sunscreen,,bright oil clear
lysca tranexamic white moisturizer,lysca,moisturizer,tranexamic,white
sunscreen gel cream natasha,natasha,sunscreen gel cream,,
beautetox mencerahkan kulit kusam bekas jerawat kerutan,beautetox,,,mencerahkan kulit kusam bekas jerawat kerutan
camellia deep cleansing oil calendula gentle gel cleanser facial kering wajah membersihkan,camellia,gentle gel cleanser,calendula,"facial kering wajah membersihkan, deep cleansing oil"
papulex moussant cleansing gel dermatix jerawat,"dermatix, papulex moussant",cleansing gel,,jerawat
biore uv aqua rich protect mist sunscreen spf 50 pa,biore,mist sunscreen,aqua,"uv, rich protect, spf 50 pa"
oneskin facial wash charcoal membersihkan wajah pria,oneskin,facial wash,charcoal,membersihkan wajah pria
ceradan moisturizer wash,ceradan,moisturizer wash,,
emina bright stuff moisturizing cream,emina,"cream, stuff",,"bright, moisturizing"
ketomed cream,ketomed,cream,,
viva cleansing milk,viva,,milk,cleansing
somethinc kulit bersih terlindungi sinar uv sunscreen gel low ph jelly cleanser,somethinc,"sunscreen gel, jelly cleanser",,"low ph, kulit bersih terlindungi sinar uv"
labore sensitive mild cleanser,labore,mild cleanser,,sensitive
somethinc acnedot treatment toner,somethinc,toner,,acnedot treatment
beautetox daily protection cream serum hydracalming and brightening mencerahkan kulit wajah,beautetox,cream serum,,"hydracalming and brightening, daily protection, mencerahkan kulit wajah"
retinal glow natasha,natasha,retinal,,glow
somethinc calm down pha 3 soothing everyday toner untuk kulit sensitif kemerahan normal meredakan memperkuat skin barrier cocok menyamarkan bekas jerawat,somethinc,toner,pha 3,"untuk kulit sensitif kemerahan normal meredakan memperkuat skin barrier cocok menyamarkan bekas jerawat, calm down, soothing everyday"
somethinc calm down moisturizer lactic glycolic peeling serum,somethinc,"moisturizer, serum",lactic glycolic,"peeling, calm down"
somethinc acnedot treatment moisturizer gel,somethinc,moisturizer gel,,acnedot treatment
tje fuk washing cream cleanser wajah facial scrub pria wanita mencerahkan kusam membantu samarkan flek hitam noda darkspot bersihkan kotoran exfoliating sabun cuci melembutkan menghaluskan kulit,tje fuk,"cleanser wajah facial scrub, washing cream, sabun cuci",,"exfoliating, pria wanita mencerahkan kusam membantu samarkan flek hitam noda darkspot bersihkan kotoran, melembutkan menghaluskan kulit"
teen balancing skin toner natasha,natasha,toner,,teen balancing skin
men biore bright oil clear uv aqua rich,men biore,,,bright oil clear uv aqua rich
lysca hydrating toner brightening skin melembabkan wajah,lysca,toner,,"brightening skin melembabkan wajah, hydrating"
men biore jerawat bright care uv aqua rich,men biore,,,jerawat bright care uv aqua rich
reticor cream,reticor,cream,,
face up hyaluronic serum anti - aging mencerahkan mengencangkan kulit wajah vitamin e alga shitake,face up,serum,"alga shitake, hyaluronic, vitamin e",anti - aging mencerahkan mengencangkan kulit wajah
kojie san,kojie san,,,
viva face tonic green tea,viva,face tonic,green tea,
wardah lightening micellar gentle wash,wardah,micellar gentle wash,,lightening
debiuryn sense soothing hyaluronic facial wash,debiuryn,facial wash,hyaluronic,sense soothing
face up exfoliating gel scrub anti - aging angkat sel kulit mati mencerahkan menghaluskan wajah vitamin c niacinamide,face up,exfoliating gel scrub,vitamin c niacinamide,anti - aging angkat sel kulit mati mencerahkan menghaluskan wajah
propolis untuk xanthelasma penghilang gumpalan lemak kelopak mata plak kuning dekat salep cream santelasma bintitan bintit benjolan kalazion milia bintik,,salep cream santelasma,propolis,"untuk xanthelasma penghilang gumpalan lemak kelopak mata plak kuning dekat, bintitan bintit benjolan kalazion milia bintik"
cotton cloud sunscreen,,cotton cloud sunscreen,,
earth love life relax balancing fragrance and body care solusi stress relief jerawat punggung edp forest therapy bamboo parfum unisex wangi fresh tahan lama,earth love life,"edp forest therapy bamboo parfum, relax balancing fragrance and body care",,"unisex wangi fresh tahan lama, solusi stress relief jerawat punggung"
derma xp acneclear biome ceramide moisturizing lotion,derma xp acneclear biome,moisturizing lotion,ceramide,
glikoderm anti - aging cream,glikoderm,cream,,anti - aging
biore pore pack black cleanser komedo,biore,"pore pack black, cleanser",,komedo
earth love life spanish lavender body wash lotion sabun wangi mandi cair melembabkan jerawat punggung kulit sensitif mencerahkan spf,earth love life,body wash lotion sabun wangi mandi cair,spanish lavender,melembabkan jerawat punggung kulit sensitif mencerahkan spf
biore uv fresh bright sunscreen sun screen sunblock cream spf 50 pa samarkan noda hitam,biore,sunscreen sun screen sunblock cream,,"uv fresh bright, spf 50 pa samarkan noda hitam"
face wash happy skin eucalie sabun cleanser wajah untuk jerawat berminyak kering sensitif membersihkan lembut tanpa mengikis minyak alami kulit,happy skin eucalie,"face wash, sabun cleanser wajah",,untuk jerawat berminyak kering sensitif membersihkan lembut tanpa mengikis minyak alami kulit
peg 12 microsilico emulsifier,peg 12 microsilico,emulsifier,,
topicare ceramide soothing cream,topicare,cream,ceramide,soothing
neutrogena visible repair eye cream retinol mencegah mengurangi kerutan,neutrogena visible,cream,retinol,"repair eye, mencegah mengurangi kerutan"
emina bright stuff moisturizer,emina,stuff moisturizer,,bright
kahf matte sunscreen stick spf 50 pa,kahf,matte sunscreen stick,,spf 50 pa
senka whip collagen facial foam hyaluronic acid untuk membersihkan kotoran wajah,senka whip,facial foam,"hyaluronic acid, collagen",untuk membersihkan kotoran wajah
armando caruso mini cleansing sponge,armando caruso,mini cleansing sponge,,
you radiance up deep moisturizing cream,you,moisturizing cream,,radiance up deep
scarlett white ultra light daily sunscreen spf 50 pa,scarlett,sunscreen,,"white ultra light daily, spf 50 pa"
elformula intensive peeling solution,elformula,solution,,intensive peeling
hada labo gokujyun moisturizing lotion hyaluronic acid untuk kulit kering normal,hada labo gokujyun,moisturizing lotion,hyaluronic acid,untuk kulit kering normal
skin aqua uv moisturizer gel spf50,skin aqua,moisturizer gel,,"spf50, uv"
herborist aloe vera gel,herborist,gel,aloe vera,
senka whip jerawat care kulit wajah,senka whip,,,jerawat care kulit wajah
labore sensitive mild cleanser,labore,mild cleanser,,sensitive
senka whip berry bright facial foam hyaluronic acid untuk membersihkan kotoran wajah,senka whip,facial foam,"hyaluronic acid, berry","bright, untuk membersihkan kotoran wajah"
cerave moisturising lotion,cerave,lotion,,moisturising
somethinc retinol serum untuk pemula semua jenis kulit menyamarkan kerutan halus membantu mengencangkan vegan,somethinc,serum,retinol,untuk pemula semua jenis kulit menyamarkan kerutan halus membantu mengencangkan vegan
skintific ceramide serum sunscreen spf 50 pa sun repair invisible,skintific,serum sunscreen,ceramide,spf 50 pa sun repair invisible
azarine hydramax c sunscreen serum spf 50,azarine,sunscreen serum,c,"hydramax, spf 50"
whitelab glow booster serum vitamin antioksidan mencerahkan kulit kusam melindungi dari sinar uv lebih efektif,whitelab,serum,vitamin,"antioksidan mencerahkan kulit kusam melindungi dari sinar uv lebih efektif, glow booster"
nuface me sun shield tone up spf 30 pa,nuface me,tone up,,"spf 30 pa, sun shield"
kahf skin energizing brightening face wash,kahf,face wash,,skin energizing brightening
senka whip vitamin c facial foam hyaluronic acid untuk membersihkan kotoran wajah,senka whip,facial foam,"hyaluronic acid, vitamin c",untuk membersihkan kotoran wajah
la roche posay uvmune spf50,la roche posay,,,"spf50, uvmune"
you care spf,you,,,care spf
avene water spray bagus untuk menghidrasi kulit,avene,water spray,,bagus untuk menghidrasi kulit
serum avoskin your skin bae alpha arbutin samarkan bekas jerawat,avoskin your skin bae,serum,alpha arbutin,samarkan bekas jerawat
you sunbrella tone up uv sunscreen spf50 pa,you,"sunbrella tone up, sunscreen",,"spf50 pa, uv"
hada labo gel pelembab intensif pencerah kulit anti penuaan dini bebas pewangi pewarna ph tidak iritasi tinggi,hada labo,gel pelembab,,intensif pencerah kulit anti penuaan dini bebas pewangi pewarna ph tidak iritasi tinggi
glycore cream gel,glycore,"gel, cream",,
la roche posay soothing repairing balm,la roche posay,balm,,soothing repairing
cetaphil healthy radiance brightening night cream,cetaphil,cream,,healthy radiance brightening night
senka whip low ph calming cica white,senka whip,,cica,"low ph calming, white"
cerave oil control gel moisturizer,cerave,gel moisturizer,,oil control
melano vitamin c brightening toner,melano,toner,vitamin c,brightening
azarine supreme glow brightening moisturizer barrier pelembab wajah mencerahkan kulit kusam,azarine,"moisturizer, pelembab wajah",,"barrier, mencerahkan kulit kusam, supreme glow brightening"
glad2glow pomegranate niacinamide power bright serum,glad2glow,serum,"pomegranate, niacinamide",power bright
la roche posay foaming gel cleanser,la roche posay,foaming gel cleanser,,
nivea,nivea,,,
hada labo gokujyun facial wash,hada labo gokujyun,facial wash,,
nivea sun extra protect sunblock wajah vitamin spf50,nivea,sunblock wajah,vitamin,"spf50, sun extra protect"
labore repair topicalm cream,labore,topicalm cream,,repair
wardah niacinamide bright barrier repair serum,wardah,serum,niacinamide,bright barrier repair
amaterasun uv spf 35 pa light dapat digunakan semua jenis kulit,amaterasun,,,"uv, spf 35 pa light dapat digunakan semua jenis kulit"
you golden age revitalizing night cream,you,cream,,golden age revitalizing night
eskulin kids sunscreen,eskulin kids,sunscreen,,
skintiflc radiance booster serum spray wajah bifida filtrate centella untuk kulit glowing lebih halus,skintiflc,serum spray wajah,bifida filtrate centella,"radiance booster, untuk kulit glowing lebih halus"
you radiance glow active night gel,you,gel,,radiance glow active night
morris men oil control jerawat care wash,morris men,wash,,oil control jerawat care
glad2glow centella allantoin soothing moisturizer gel repair skin barrier oil control hydrating cream pelembab wajah,glad2glow,"moisturizer gel, cream pelembab wajah",centella allantoin,"repair skin barrier oil control hydrating, soothing"
poise facial foam white,poise,facial foam,,white
clean clear oil control,clean clear,,,oil control
cosrx essence,cosrx,essence,,
labore protect physical sunscreen mineral,labore,sunscreen,mineral,protect physical
parasol face sunscreen cream tabir surya,parasol,face sunscreen cream tabir surya,,
white oil paraffin liquid,oil,,paraffin liquid,white
somethinc holyshield uv watery sunscreen gel spf 50 pa,somethinc,sunscreen gel,,"holyshield uv watery, spf 50 pa"
the originote ceramella sunscreen spf50 pa,the originote,sunscreen,ceramella,spf50 pa
la roche posay hyalu anti - aging serum untuk semua jenis kulit hyaluronic acid sensitif kering kerutan garis halus,la roche posay,serum,"hyaluronic acid, hyalu","anti - aging, untuk semua jenis kulit, sensitif kering kerutan garis halus"
hanasui collagen sunscreen spf 30,hanasui,sunscreen,collagen,spf 30
acnaway mugwort gel facial wash cleanser jerawat face,acnaway,gel facial wash cleanser,mugwort,jerawat face
anessa uv sunscreen milk,anessa,sunscreen,milk,uv
hanasui power bright expert serum extra powerful brightening actives dari niacinamide licorice untuk meningkatkan kecerahan kulit lebih baik melembapkan,hanasui,serum,"licorice, niacinamide","power bright expert, extra powerful brightening actives dari, untuk meningkatkan kecerahan kulit lebih baik melembapkan"
neutrogena hydro boost niacinamide serum wajah mencerahkan menghaluskan kulit hyaluronic acid,neutrogena hydro boost,serum wajah,"hyaluronic acid, niacinamide",mencerahkan menghaluskan kulit
la roche posay retinol serum,la roche posay,serum,retinol,
kahf triple action oil comedo defense face wash sabun wajah,kahf,face wash sabun wajah,,triple action oil comedo defense
wardah amino gel cleanser vitamin c sabun cuci wajah low ph untuk kulit kusam dry kering senstive,wardah,"gel cleanser, sabun cuci wajah","vitamin c, amino",low ph untuk kulit kusam dry kering senstive
wardah vitamin c ferulic acid radiant charge serum,wardah,serum,vitamin c ferulic acid,radiant charge
amaterasun uv spf 35 pa dapat digunakan semua jenis kulit,amaterasun,,,"spf 35 pa, dapat digunakan semua jenis kulit, uv"
melano vitamin c brightening essence mencerahkan kulit mengurangi flek hitam pori besar,melano,essence,vitamin c,"mencerahkan kulit mengurangi flek hitam pori besar, brightening"
himalaya neem face wash,himalaya,face wash,neem,
elformula advanced timeless essential eye cream,elformula,cream,,advanced timeless essential eye
derma day night,derma,,,day night
cerave moisturising lotion,cerave,lotion,,moisturising
senka whip collagen facial foam hyaluronic acid untuk membersihkan kotoran wajah,senka whip,facial foam,"hyaluronic acid, collagen",untuk membersihkan kotoran wajah
neutrogena hydro boost water gel,neutrogena,boost water gel,,hydro
senka whip,senka whip,,,
the originote hyalu serum,the originote,serum,hyalu,
anessa moisturizer uv sunscreen spf 35 pa mild gel,anessa,"moisturizer, sunscreen, mild gel",,"spf 35 pa, uv"
garnier men wasabi foam,garnier men,wasabi foam,,
senka whip fresh,senka whip,,,fresh
ponds white beauty facial foam,ponds,facial foam,,white beauty
wardah uv shield airy smooth sunscreen serum spf 50 pa,wardah,sunscreen serum,,"uv shield airy smooth, spf 50 pa"
wardah cica panthenol ceramide calm soothe gel moisturizer,wardah,gel moisturizer,"panthenol ceramide, cica",calm soothe
senka whip rose facial foam hyaluronic acid untuk membersihkan kotoran wajah,senka whip,facial foam,"hyaluronic acid, rose",untuk membersihkan kotoran wajah
senka hydration hero deep moisturizer serum gel cream whip,"whip, senka",moisturizer serum gel cream,,hydration hero deep
glad2glow pomegranate niacinamide brightening toner white mencerahkan meratakan warna kulit tekstur watery mudah menyerap,glad2glow,toner,pomegranate niacinamide,"white mencerahkan meratakan warna kulit tekstur watery mudah menyerap, brightening"
cerave smoothing cleanser salicylic acid ceramide face wash bumpy skin,cerave,"face wash, cleanser",salicylic acid ceramide,"bumpy skin, smoothing"
glad2glow peach retinol serum,glad2glow,serum,peach retinol,
skintific hyaluronic acid barrier essence hydration toner,skintific,"essence, toner",hyaluronic acid,"barrier, hydration"
l oreal paris uvd anti - aging serum glycolic bright 1 konsentrasi mencerahkan wajah kusam menyamarkan noda hitam,l oreal paris,serum,glycolic,"uvd anti - aging, bright 1 konsentrasi mencerahkan wajah kusam menyamarkan noda hitam"
senka moisturizer serum gel cream,senka,"moisturizer, serum gel cream",,
glad2glow dark spot serum wajah untuk mencerahkan kulit menyamarkan noda hitam,glad2glow,serum wajah,,"dark spot, untuk mencerahkan kulit menyamarkan noda hitam"
wardah tranexamic alpha arbutin niacinamide dark spot corrector gel moisturizer,wardah,gel moisturizer,"niacinamide, tranexamic alpha arbutin",dark spot corrector
emina water bright glow gel mencerahkan mengurangi flek hitam menjaga kelembapan memperkuat skin barrier jerawat meredakan kemerahan kulit glowing niacinamide vitamin c moisturizer,emina,"gel, moisturizer, water",niacinamide vitamin c,"bright glow, mencerahkan mengurangi flek hitam, menjaga kelembapan memperkuat skin barrier jerawat meredakan kemerahan kulit glowing"
nsc novell smoothing cream,nsc,"cream, novell",,smoothing
kahf oil jerawat care face wash,kahf,face wash,,oil jerawat care
senka moisturizer gel cream whip,"whip, senka",moisturizer gel cream,,
aha lactic acid glycolic malic,aha,,lactic acid glycolic malic,
serum avoskin your skin bae vitamin c kulit tampak lebih mencerahkan,avoskin your skin bae,serum,vitamin c,kulit tampak lebih mencerahkan
skintific ceramide low ph cleanser facial wash sensitive skin,skintific,cleanser facial wash,ceramide,"low ph, sensitive skin"
himalaya exfoliating apricot face wash,himalaya,face wash,apricot,exfoliating
the originote lip oil serum,the originote,lip oil serum,,
l oreal paris glycolic bright exfoliant peel peeling solution menyamarkan noda bekas jerawat,l oreal paris,exfoliant peel,glycolic,"peeling solution menyamarkan noda bekas jerawat, bright"
cetaphil cleanser,cetaphil,cleanser,,
hanasui collagen sunscreen,hanasui,sunscreen,collagen,
senka white facial foam hyaluronic acid untuk membersihkan kotoran wajah,senka,facial foam,hyaluronic acid,"white, untuk membersihkan kotoran wajah"
ponds white beauty clean,ponds,,,"white beauty, clean"
somethinc ceramic skin saviour moisturizer gel,somethinc,moisturizer gel,ceramic,skin saviour
the originote ceraluronic essence toner,the originote,essence toner,ceraluronic,
cetaphil moisturizing cream,cetaphil,cream,,moisturizing
y o u radiance glow illuminating serum pencerah kulit vitamin c niacinamide sakura untuk mencerahkan bercahaya,y o u,serum,vitamin c niacinamide sakura,"radiance glow illuminating, pencerah kulit, untuk mencerahkan bercahaya"
hada labo gokujyun ultimate moisturizing light lotion,hada labo gokujyun,lotion,,ultimate moisturizing light
cetaphil cleanser,cetaphil,cleanser,,
glad2glow centella allantoin soothing gel moisturizer,glad2glow,gel moisturizer,centella allantoin,soothing
senka whip berry bright facial foam hyaluronic acid untuk membersihkan kotoran wajah,senka whip,facial foam,"hyaluronic acid, berry","bright, untuk membersihkan kotoran wajah"
senka whip jerawat care facial foam hyaluronic acid untuk membersihkan kotoran wajah,senka whip,facial foam,hyaluronic acid,"jerawat care, untuk membersihkan kotoran wajah"
nivea sun protect white instant aura serum spf50,nivea,serum,,"spf50, sun protect white instant aura"
wardah renew you anti - aging facial wash,wardah,facial wash,,renew you anti - aging
loreal uv defender matte fresh,loreal,,,uv defender matte fresh
senka whip facial foam hyaluronic acid untuk membersihkan kotoran wajah,senka whip,facial foam,hyaluronic acid,untuk membersihkan kotoran wajah
skintific matte fit serum sunscreen spf50 pa,skintific,serum sunscreen,,"spf50 pa, matte fit"
cetaphil brightening night comfort cream,cetaphil,cream,,brightening night comfort
viva milk cleanser bengkuang,viva,cleanser,"milk, bengkuang",
senka whip white facial foam hyaluronic acid untuk membersihkan kotoran wajah,senka whip,facial foam,hyaluronic acid,"white, untuk membersihkan kotoran wajah"
arbutin beta white,,,arbutin beta,white
senka white facial foam hyaluronic acid untuk membersihkan kotoran wajah,senka,facial foam,hyaluronic acid,"white, untuk membersihkan kotoran wajah"
topicare cleanser,topicare,cleanser,,
wardah uv shield jerawat calming sunscreen moisturizer spf 35 pa,wardah,sunscreen moisturizer,,"spf 35 pa, uv shield jerawat calming"
glad2glow blueberry ceramide skin barrier repair moisturizer,glad2glow,moisturizer,"blueberry, ceramide",skin barrier repair
you acneplus gentle gel cleanser sabun cuci wajah untuk kulit berminyak jerawat,you,acneplus gentle gel cleanser sabun cuci wajah,,untuk kulit berminyak jerawat
cosrx aha bha clarifying treatment toner,cosrx,toner,aha bha,clarifying treatment
senka whip fresh white,senka whip,,,fresh white
parasol gel,parasol gel,,,
cerave moisturising cream,cerave,cream,,moisturising
loreal glycolic bright glowing daily cleanser foam,loreal,cleanser foam,glycolic,bright glowing daily
nacific foam cleanser,nacific,foam cleanser,,
cetaphil moisturizing cream,cetaphil,cream,,moisturizing
labore sensitive physical sunscreen,labore,sunscreen,,"physical, sensitive"
skintific serum niacinamide brightening,skintific,serum,niacinamide,brightening
parasol face sunscreen cream,parasol,face sunscreen cream,,
amaterasun uv sunscreen serum spf 50 pa,amaterasun,sunscreen serum,,"uv, spf 50 pa"
wardah amino calm soothe gel cleanser facial wash lembut extract,wardah,gel cleanser facial wash,amino,"calm soothe, lembut extract"
sikat wajah silicone cleanser facial cleaning lembut,,"sikat wajah, cleanser",silicone,facial cleaning lembut
senka whip facial foam hyaluronic acid untuk membersihkan kotoran wajah,senka whip,facial foam,hyaluronic acid,untuk membersihkan kotoran wajah
avoskin miraculous refining serum aha bha niacinamide ceramide exfoliating untuk kulit mencerahkan lembut,avoskin miraculous,refining serum,"niacinamide ceramide, bha, aha",exfoliating untuk kulit mencerahkan lembut
l oreal paris glycolic bright anti dark spot serum mencerahkan kulit menghilangkan noda hitam niacinamide,l oreal paris,serum,"glycolic, niacinamide","bright anti dark spot, mencerahkan kulit menghilangkan noda hitam"
cetaphil brightnes cleanser,cetaphil,cleanser,,brightnes
melanox white cream,melanox,cream,,white
acnemed care gel,acnemed care,gel,,
garnier white foam,garnier,foam,,white
the originote brightening moisturizer,the originote,moisturizer,,brightening
garnier light complete brightening foam,garnier,foam,,light complete brightening
cosrx moisturizing lotion birch sap,cosrx,lotion,birch sap,moisturizing
you acneplus spot care pro serum obat totol jerawat bekas,you,acneplus spot care pro serum obat totol,,jerawat bekas
cetaphil healthy radiance brightness toner,cetaphil,toner,,healthy radiance brightness
cerave moisturising cream,cerave,cream,,moisturising
physiogel cream,physiogel,cream,,
somethinc biospicule advanced renewal serum untuk kulit halus mulus growth factor hyaluronic acid,somethinc,serum,"biospicule, growth factor hyaluronic acid","advanced renewal, untuk kulit halus mulus"
elformula cerahydro barrier moisturizer gel,elformula,moisturizer gel,,cerahydro barrier
glycolic acid asam glikolat,,,"glycolic acid, asam glikolat",
reticor cream,reticor,cream,,
skin aqua uv moisturizer milk spf 50,skin aqua,moisturizer,milk,"uv, spf 50"
kahf brightening and texture refining face serum,kahf,face serum,,brightening and texture refining
wardah uv shield jerawat calming sunscreen spf50,wardah,sunscreen,,"spf50, uv shield jerawat calming"
amaterasun spf uv sunscreen cream 50 pa untuk kulit normal kering,amaterasun,sunscreen cream,,"50 pa untuk kulit normal kering, spf uv"
nourish jerawat,nourish,,,jerawat
la roche posay,la roche posay,,,
cerave moisturising cream,cerave,cream,,moisturising
the originote jerawat serum untuk salicylic acid panthenol tamanu oil melawan bakteri,the originote,serum,salicylic acid panthenol tamanu oil,"jerawat, untuk, melawan bakteri"
hanasui vitamin c collagen serum mencerahkan kulit mengencangkan anti - aging diformulasikan kembali untuk hasil optimal,hanasui,serum,vitamin c collagen,mencerahkan kulit mengencangkan anti - aging diformulasikan kembali untuk hasil optimal
skintific massager lifting eye cream gel,skintific,cream gel,,massager lifting eye
skintific acid peeling solution serum aha bha pha lha untuk kulit halus mencerahkan bebas komedo,skintific,serum,"pha lha, acid, bha, aha","peeling solution, untuk kulit halus mencerahkan bebas komedo"
la roche posay cica plast gel,la roche posay,plast gel,cica,
ceradan ceramide gentle cleanser pump,ceradan,gentle cleanser pump,ceramide,
acnes creamy wash vitamin c,acnes creamy,wash,vitamin c,
skintific niacinamide brightening moisturizer gel,skintific,moisturizer gel,niacinamide,brightening
skintific acid jerawat gel cleanser,skintific,gel cleanser,acid,jerawat
senka whip facial foam hyaluronic acid untuk membersihkan kotoran wajah,senka whip,facial foam,hyaluronic acid,untuk membersihkan kotoran wajah
hanasui ceramide probiotics moisturizer gel,hanasui,moisturizer gel,ceramide probiotics,
senka moisturizer ha serum,senka,"moisturizer, serum",ha,
senka whip jerawat care,senka whip,,,jerawat care
la roche posay hyalu eye serum mata untuk menyamarkan kerutan meningkatkan kekencangan kulit,la roche posay,eye serum,hyalu,mata untuk menyamarkan kerutan meningkatkan kekencangan kulit
labore acnepro sebum jerawat cleansing,labore acnepro,sebum,,jerawat cleansing
nivea pelembap untuk semua jenis kulit anak dewasa eucerit,nivea,pelembap,eucerit,untuk semua jenis kulit anak dewasa
mild up sun spf50 pa,,,,mild up sun spf50 pa
kelly pearl cream,kelly pearl,cream,,
cetaphil skin restoring moisturizer cream,cetaphil,moisturizer cream,,skin restoring
emina bright stuff face wash,emina,stuff face wash,,bright
ceradan skin barrier cream,ceradan,cream,,skin barrier
skintific aqua light daily spf 35 sunscreen,skintific,sunscreen,aqua,light daily spf 35
anessa night sun care serum,anessa,serum,,night sun care
senka whip vitamin c facial foam hyaluronic acid untuk membersihkan kotoran wajah,senka whip,facial foam,"hyaluronic acid, vitamin c",untuk membersihkan kotoran wajah
pond age miracle hexyl retinol niacinamide night cream,pond,cream,"age, hexyl retinol niacinamide","miracle, night"
garnier men acno fight anti jerawat,garnier men,,,acno fight anti jerawat
nutrafor jerawat facial wash,nutrafor,facial wash,,jerawat
emina water calming gel mencerahkan mengurangi flek hitam menjaga kelembapan memperkuat skin barrier jerawat meredakan kemerahan kulit glowing niacinamide vitamin c moisturizer,emina,"gel, moisturizer, water",niacinamide vitamin c,"calming, mencerahkan mengurangi flek hitam, menjaga kelembapan memperkuat skin barrier jerawat meredakan kemerahan kulit glowing"
senka whip white,senka whip,,,white
amaterasun uv waterbarrier spf 35 pa sunscreen wudhu,amaterasun,sunscreen,,"uv waterbarrier spf 35 pa, wudhu"
you radiance glow advanced day cream,you,cream,,radiance glow advanced day
skintific zero oil cleansing balm cleanser makeup sekali bersih total tanpa residu tidak menyumbat pori nyaman digunakan untuk kulit berminyak,skintific,balm cleanser,,"zero oil cleansing, makeup sekali bersih total tanpa residu tidak menyumbat pori nyaman digunakan untuk kulit berminyak"
amaterasun brightening sunscreen spf 50 pa tone up,amaterasun,"tone up, sunscreen",,"brightening, spf 50 pa"
round lab birch juice moisturizing gel cleanser,round lab,gel cleanser,birch juice,moisturizing
cosrx low ph morning gel,cosrx,gel,,"low ph, morning"
azarine calm my jerawat sunscreen moisturizer spf35 pa,azarine,sunscreen moisturizer,,"spf35 pa, calm my jerawat"
cosrx peptide skin booster serum,cosrx,serum,peptide,skin booster
judydoll sunscreen 03 warm beige moisturizer essence tone up foundation concealer spf 50 pa,judydoll,"moisturizer essence tone up foundation concealer, sunscreen",,"03 warm beige, spf 50 pa"
himalaya men intense oil clear lemon face wash,himalaya men,face wash,lemon,intense oil clear
skintific niacinamide brightening moisturizer gel,skintific,moisturizer gel,niacinamide,brightening
garnier micellar water,garnier,micellar water,,
carasun sunscreen healthy matte uv protector spf 50 pa,carasun,sunscreen,,healthy matte uv protector spf 50 pa
skin aqua tone up uv essence spf50 pa,skin aqua,"tone up, essence",,"spf50 pa, uv"
derma facial wash oily skin,derma,facial wash,,oily skin
hada labo shirojyun white milk,hada labo shirojyun,,milk,white
senka whip collagen facial foam hyaluronic acid untuk membersihkan kotoran wajah,senka whip,facial foam,"hyaluronic acid, collagen",untuk membersihkan kotoran wajah
senka whip white,senka whip,,,white
mediheal madecassosde,mediheal,,madecassosde,
senka moisturizer gel cream,senka,moisturizer gel cream,,
morris men bright and moisturizer wash,morris men,"wash, moisturizer",,bright and
round lab birch juice moisturizing sunscreen spf 50 pa,round lab,sunscreen,birch juice,"moisturizing, spf 50 pa"
senka whip jerawat care facial foam hyaluronic acid untuk membersihkan kotoran wajah,senka whip,facial foam,hyaluronic acid,"jerawat care, untuk membersihkan kotoran wajah"
senka whip facial foam hyaluronic acid untuk membersihkan kotoran wajah berminyak,senka whip,facial foam,hyaluronic acid,untuk membersihkan kotoran wajah berminyak
emina spf 35 pa jerawat clear cica allantoin airy soothing sunscreen untuk melindungi dari sinar uv kulit berminyak sensitif,emina,sunscreen,cica allantoin,"untuk melindungi dari sinar uv kulit berminyak sensitif, spf 35 pa jerawat clear, airy soothing"
senka whip rose jerawat care,senka whip,,rose,jerawat care
labore hydrating face body cleanser,labore,body cleanser,,hydrating face
round lab birch juice moisturizing hydra cream,round lab,"cream, hydra",birch juice,moisturizing
you day cream,you,cream,,day
glad2glow centella salicylic acid jerawat gel cleanser mengontrol minyak berlebih,glad2glow,gel cleanser,centella salicylic acid,"jerawat, mengontrol minyak berlebih"
labore jerawat oil correct physical sunscreen spf50 pa pertama perlindungan terkuat dari sinar uva uvb mencegah inflamasi,labore,sunscreen,,"jerawat oil correct physical, spf50 pa pertama perlindungan terkuat dari sinar uva uvb mencegah inflamasi"
anessa uv sunscreen milk spf 50 pa,anessa,sunscreen,milk,"uv, spf 50 pa"
ceradan hydra cream,ceradan,cream,,hydra
kahf oil and jerawat care face wash,kahf,face wash,,oil and jerawat care
clean clear foaming facial wash,clean clear,foaming facial wash,,
kahf toning face spray,kahf,toning face spray,,
wardah renew you serum,wardah,serum,,renew you
herborist skin body serum apple brocolli,herborist,skin body serum,apple brocolli,
kahf triple protection sunscreen moisturizer spf 30 pa,kahf,sunscreen moisturizer,,"spf 30 pa, triple protection"
anessa uv sunscreen milk spf 50 pa,anessa,sunscreen,milk,"uv, spf 50 pa"
round lab toner penyegar kulit wajah botanical panthenol betaine allantoin untuk kelembapan kehalusan,round lab,toner,"botanical, panthenol betaine allantoin","penyegar kulit wajah, untuk kelembapan kehalusan"
skintific salicylic acid anti jerawat serum niacinamide pionin centella ceramide peptide hyaluronic,skintific,serum,"niacinamide pionin centella ceramide peptide hyaluronic, salicylic acid",anti jerawat
l oreal paris glycolic bright anti dark spot daily uv spf 50 untuk menyamarkan bekas jerawat noda hitam,l oreal paris,,"glycolic, 50","untuk menyamarkan bekas jerawat noda hitam, bright anti dark spot daily uv, spf"
la roche posay peeling cleanser face wash anti noda hitam,la roche posay,peeling cleanser face wash,,anti noda hitam
cetaphil daily exfoliating cleanser,cetaphil,cleanser,,daily exfoliating
labore jerawat oil correct physical sunscreen spf50 pa pertama perlindungan terkuat dari sinar uva uvb mencegah inflamasi,labore,sunscreen,,"jerawat oil correct physical, spf50 pa pertama perlindungan terkuat dari sinar uva uvb mencegah inflamasi"
la roche posay retinol serum,la roche posay,serum,retinol,
la roche posay hyalu serum,la roche posay,serum,hyalu,
the originote hyalucera moisturizer gel,the originote,moisturizer gel,hyalucera,
leika aha bha night cream serum face soap khusus mengatasi milia angkat sel kulit mati penghilang syiringoma paling ampuh bintik putih wajah,leika,cream serum face soap,aha bha,"khusus mengatasi milia angkat sel kulit mati penghilang syiringoma paling ampuh, bintik putih wajah, night"
facial foam glutathione cleanser wajah kolagen untuk kulit mencerahkan lembut terhidrasi,facial foam,cleanser wajah,"kolagen, glutathione",untuk kulit mencerahkan lembut terhidrasi
hanasui serum vitamin c collagen,hanasui,serum,"collagen, vitamin c",
poise facial foam,poise,facial foam,,
ovale lemon,ovale,,lemon,
wardah facial foam bright,wardah,facial foam,,bright
pond facial foam white,pond,facial foam,,white
serum revitalizing membantu mengurangi bopeng regenerasi kulit wajah,,serum,,"membantu mengurangi bopeng regenerasi kulit wajah, revitalizing"
toner chamomille hydrating pencerah wajah penghilang mata panda,,toner,chamomille,hydrating pencerah wajah penghilang mata panda
hanasui peeling serum,hanasui,serum,,peeling
kahf men facial foam oil and jerawat care,kahf men,facial foam,,oil and jerawat care
wardah facial foam lightening,wardah,facial foam,,lightening
viva cleansing milk,viva,,milk,cleansing
clean clear facial wash natural bright,clean clear,facial wash,,natural bright
pond day cream,pond,cream,,day
wardah pure olive oil,wardah,,pure olive oil,
leika glowing day cream night mencerahkan perawatan wajah berminyak niacinamide menyembuhkan mengencangkan,leika,cream,niacinamide,"glowing day, mencerahkan perawatan wajah berminyak, menyembuhkan mengencangkan, night"
leika aha bha night cream serum glowing day,leika,cream serum,aha bha,"glowing day, night"
wardah facial foam bright oil control,wardah,facial foam,,bright oil control
fairnlovely,fairnlovely,,,
wardah moisturizer defense mousse,wardah,moisturizer,,defense mousse
garnier men anti spot polution,garnier men,,,"anti spot, polution"
banana boat long wearing moisturizer sunscreen spf,banana boat,moisturizer sunscreen,,"long wearing, spf"
wardah brght night cream,wardah,cream,,brght night
banana boat ultra protect ultramist sunscreen spf 50,banana boat,sunscreen,,"spf 50, ultra protect ultramist"
hadalabo tamagohada facial foam,hadalabo tamagohada,facial foam,,
sabun wajah facial wash kopi,,sabun wajah facial wash,kopi,
nivea men vitamin scrub extra bright,nivea men,scrub,vitamin,extra bright
facial wash madu sr12 cleanser wajah lembut melembapkan menenangkan kulit,,"facial wash, cleanser",madu sr12,wajah lembut melembapkan menenangkan kulit
sari ayu facial foam bright skin putih langsat,sari ayu,facial foam,,bright skin putih langsat
ponds facial scrub clear solution,ponds,facial scrub,,clear solution
nivea men vitamin scrub extra bright,nivea men,scrub,vitamin,extra bright
pond facial foam jerawat solution,pond,facial foam,,jerawat solution
wardah lightening day cream,wardah,cream,,lightening day
ponds facial foam bright beauty serum,ponds,"serum, facial foam",,bright beauty
viva face tonic cucumber,viva,face tonic,cucumber,
ms glow luminous white night cream,ms glow,cream,,luminous white night
hadalabo gokujyun facial foam,hadalabo gokujyun,facial foam,,
ponds white beauty day cream,ponds,cream,,white beauty day
nivea men facial foam oil clear jerawat defense,nivea men,facial foam,,oil clear jerawat defense
safi hydra glow hydrating water cleanser,safi,water cleanser,,hydra glow hydrating
y o u amino anti jerawat,y o u,,amino,anti jerawat
suncare cream pelindung matahari,suncare,cream,,pelindung matahari
facial wash pencerah wajah anti kusam melembapkan,,facial wash,,"anti kusam melembapkan, pencerah wajah"
ovale white cleanser wajah,ovale,cleanser wajah,,white
sr12 nature rose water face mist toner untuk melembapkan menyegarkan mencerahkan kulit,sr12 nature,face mist toner,rose water,untuk melembapkan menyegarkan mencerahkan kulit
wardah face toner lightening,wardah,face toner,,lightening
pond facial foam jerawat solution,pond,facial foam,,jerawat solution
leika serum aha bha khusus milia bruntusan hitam mencerahkan wajah memudarkan kering komedo,leika,serum,aha bha,khusus milia bruntusan hitam mencerahkan wajah memudarkan kering komedo
facial cottton,,facial cottton,,
facial wash sabun wajah pencerah,,"sabun wajah, facial wash",,pencerah
leika toner facial wash,leika,toner facial wash,,
wardah facial foam bright smoothing,wardah,facial foam,,bright smoothing
wardah cica panthenol gel moisturizer,wardah,gel moisturizer,"cica, panthenol",
wardah day cream,wardah,cream,,day
hanasui serum white,hanasui,serum,,white
wardah facial foam lightening,wardah,facial foam,,lightening
daily protection banana boat ultra protect ultramist sunscreen spf 50,banana boat,sunscreen,,"daily protection, spf 50, ultra protect ultramist"
nivea sun face serum extra protect,nivea,sun face serum,,extra protect
wardah facial foam hydra rose gel cleanser100ml,wardah,"facial foam, gel cleanser100ml",rose,hydra
banana boat sunblock ultra spf 50,banana boat,sunblock,,ultra spf 50
sunblock spf 30 tabir surya melindungi dari sinar uv mencerahkan melembapkan kulit,,"tabir surya, sunblock",,"melindungi dari sinar uv mencerahkan melembapkan kulit, spf 30"
nivea men extra bright vitamin scrup,nivea men,scrup,vitamin,extra bright
ponds bright beauty,ponds,,,bright beauty
viva cleansing milk bengkuang,viva,,milk bengkuang,cleansing
glow lovely facial foam multi vitamin,glow lovely,facial foam,multi vitamin,
emina face wash acneprone,emina,face wash,,acneprone
skin aqua uv moisturizer gel spf30,skin aqua,moisturizer gel,,"uv, spf30"
emina bright stuff serum,emina,stuff serum,,bright
cleanser,,cleanser,,
garnier facial foam light complete,garnier,facial foam,,light complete
nivea sparkling bright foam,nivea,foam,,sparkling bright
kahf men triple action,kahf men,,,triple action
hanasui moisturizer gel 10xceramide probiotic,hanasui,moisturizer gel,10xceramide probiotic,
leika ultra guard sunscreen spf 40 pa,leika,sunscreen,,"ultra guard, spf 40 pa"
wardah uvshield tone up sunscreen spf50,wardah,tone up sunscreen,,"spf50, uvshield"
clean clear oil control,clean clear,,,oil control
kahf face wash exfoliating,kahf,face wash,,exfoliating
ponds facial foam bright beauty,ponds,facial foam,,bright beauty
facial wash green tea cleanser wajah berminyak pencerah,,"facial wash, cleanser",green tea,wajah berminyak pencerah
ponds men power clear,ponds men,,,power clear
leika aha bha night cream face soap glowing day,leika,cream face soap,aha bha,"glowing day, night"
banana boat aloe vera gel sun moisturizer,banana boat,"gel, moisturizer",aloe vera,sun
leika glowing serum facial wash membersihkan mencerahkan pelembab pencerah perawatan wajah,leika,"serum facial wash, pelembab",,"glowing, membersihkan mencerahkan, pencerah perawatan wajah"
shinzui facial wash jerawat calm,shinzui,facial wash,,jerawat calm
viva cleansing milk lemon,viva,,milk lemon,cleansing
garnier men acno fight,garnier men,,,acno fight
viva face tonic bengkuang,viva,face tonic,bengkuang,
garnier men acno fight,garnier men,,,acno fight
pond clear solution,pond,,,clear solution
wardah facial foam,wardah,facial foam,,
wardah lightening night cream,wardah,cream,,lightening night
viva waterdrop sleeping mask,viva,"mask, waterdrop",,sleeping
leika basic pack glowing day cream night toner,leika,"cream, toner",,"basic pack glowing day, night"
leika skin neutralizer menetralkan kulit wajah mencerahkan ceramide vitamin mengencangkan pelembab berminyak,leika,pelembab,ceramide vitamin,"berminyak, skin neutralizer menetralkan kulit wajah mencerahkan, mengencangkan"
himalaya face wash detox charcoal,himalaya,face wash,charcoal,detox
ovale facial lotion white,ovale,facial lotion,,white
kahf men facial foam skin energizing,kahf men,facial foam,,skin energizing
ponds brightbeautysrm day cream,ponds,cream,,brightbeautysrm day
wardah lightening night cream,wardah,cream,,lightening night
cream essense day night penghilang flek noda hitam,,"cream, essense",,"penghilang flek noda hitam, day night"
leika glowing night cream facial wash,leika,cream facial wash,,glowing night
banana boat sunscreen spray spf,banana boat,sunscreen spray,,spf
sabun wajah madu,,sabun wajah,madu,
ponds men white boost,ponds men,,,white boost
marina face cream bright booster,marina,face cream,,bright booster
wardah milk cleanser lightening,wardah,cleanser,milk,lightening
facial cottton,,facial cottton,,
viva face tonic green tea,viva,face tonic,green tea,
pond facial foam white beauty,pond,facial foam,,white beauty
leika glowing serum toner,leika,serum toner,,glowing
ponds pure bright foam,ponds,foam,,pure bright
ponds men facial foam lightening,ponds men,facial foam,,lightening
garnier serum light comp,garnier,serum,,light comp
nivea sun face serum extra protect oil control,nivea,sun face serum,,extra protect oil control
pemula flek hitam ceramide sabun kopi suncare,,"sabun, suncare","ceramide, kopi",pemula flek hitam
hadalabo gokujyun facial foam,hadalabo gokujyun,facial foam,,
garnier men charchoal,garnier men,,charchoal,
ponds men white boost,ponds men,,,white boost
himalaya men facial foam intense oil clear lemon,himalaya men,facial foam,lemon,intense oil clear
wardah uv shield sunscreen gel spf35,wardah,sunscreen gel,,"uv shield, spf35"
hadalabo shirojyun facial foam,hadalabo shirojyun,facial foam,,
wardah facial wash ahawpha,wardah,facial wash,ahawpha,
kahf men sun screen stick spf,kahf men,sun screen stick,,spf
wardah renew you anti - aging intensive serum,wardah,serum,,renew you anti - aging intensive
wardah day cream,wardah,cream,,day
marina facial foam hydra lock,marina,facial foam,,hydra lock
banana boat aloe vera gel sun moisturizer,banana boat,"gel, moisturizer",aloe vera,sun
kahf men facial foam,kahf men,facial foam,,
nivea men facial foam bright oil clear shine,nivea men,facial foam,,"bright oil clear, shine"
wardah facial foam bright oil control,wardah,facial foam,,bright oil control
leika glowing day cream facial wash,leika,cream facial wash,,glowing day
ovale facial lotion lemon,ovale,facial lotion,lemon,
wardah lightening exfoliator,wardah,exfoliator,,lightening
leika basic pack glowing day cream night serum,leika,"serum, cream",,"basic pack glowing day, night"
wardah renew anti - aging night,wardah,,,"renew, anti - aging night"
facial cottton,,facial cottton,,
wardah facial foam bright oil control,wardah,facial foam,,bright oil control
rexona dry serum fresh sakura,rexona,serum,sakura,"dry, fresh"
banana boat simply protect aqua sensitive sunscreen lotion spf 50,banana boat,sunscreen lotion,,"simply protect aqua sensitive, spf 50"
wardah moisturizer defense,wardah,moisturizer,,defense
ponds age miracle day cream,ponds,cream,,age miracle day
dermaster lavijue wrinkle care serum,dermaster lavijue,serum,,wrinkle care
diri essentials extra double cleanse cleanser wajah setelah beraktivitas,diri,"cleanser wajah, essentials",,"setelah beraktivitas, extra double cleanse"
jerawat combo fighter,,,,jerawat combo fighter
baby pink glowing serum,baby pink,serum,,glowing
skintific retinol skin renewal moisturizer anti - aging pelembab wajah,skintific,"moisturizer, pelembab wajah",retinol,"anti - aging, skin renewal"
safi white expert illuminating day cream spf15 pa,safi,cream,,"white expert illuminating day, spf15 pa"
biore men scrub,biore men,scrub,,
skintific glycolic acid daily clarifying toner,skintific,toner,glycolic acid,daily clarifying
brighty aha exfoliating,brighty,,aha,exfoliating
glad2glow blueberry ceramide moisturizer wajah untuk melelmbabkan merawat kulit kering,glad2glow,"moisturizer, wajah","blueberry, ceramide",untuk melelmbabkan merawat kulit kering
skintific ceramide low ph cleanser sabun cuci wajah untuk kulit sensitif barrier repair,skintific,cleanser sabun cuci wajah,ceramide,"low ph, untuk kulit sensitif, barrier repair"
avoskin serum tea tree glycolic acid rosemary,avoskin,serum,"glycolic acid rosemary, tea tree",
nuxe aquabella exfoliating purifying gel,nuxe aquabella,gel,,exfoliating purifying
kahf,kahf,,,
wardah light hydrashot intensive moisturizer,wardah,moisturizer,,light hydrashot intensive
ponds bright miracle ultimate clarity cream oily skin,ponds,cream,,"bright miracle ultimate clarity, oily skin"
you reeffect boost acid renewal peeling serum,you,serum,acid,"reeffect boost, renewal peeling"
safi white expert skin refiner,safi,,,white expert skin refiner
moisturizing facial foam,,facial foam,,moisturizing
shizengokochi facial soap,shizengokochi,facial soap,,
labore sensitive barrier revive cream,labore,cream,,"barrier revive, sensitive"
dermies max anti - aging facial,dermies max,facial,,anti - aging
tirtir collagen lifting eye cream,tirtir,cream,collagen,lifting eye
facetology triple care sunscreen spf 40 pa,facetology,sunscreen,,"triple care, spf 40 pa"
skintific glow beautyhaul,skintific,,,"glow, beautyhaul"
pigeon teens bangun tidur glowing facial moisturizer,pigeon teens,facial moisturizer,,bangun tidur glowing
diri essentials jerawat facial cleanser salicylic acid membersihkan wajah berminyak,diri,"facial cleanser, essentials",salicylic acid,"jerawat, membersihkan wajah berminyak"
numbuzin pantothenic active soothing cream,numbuzin,cream,pantothenic,active soothing
dexskin brightening,dexskin,,,brightening
saekin moisturizer ceramide centella hyaluronic acid collagen melembabkan mencerahkan kulit sensitif,saekin,moisturizer,ceramide centella hyaluronic acid collagen,melembabkan mencerahkan kulit sensitif
scora sheer glow tone up cream,scora sheer,tone up cream,,glow
biolite cream,biolite,cream,,
somethinc low ph gentle jelly cleanser sabun cuci wajah semua jenis kulit kotoran facial wash tidak ketarik skin type sensitive repair barrier,somethinc,"facial wash, gentle jelly cleanser sabun cuci wajah",,"low ph, tidak ketarik skin type sensitive repair barrier, semua jenis kulit kotoran"
tocobo collagen brightening eye gel cream,tocobo,gel cream,collagen,brightening eye
the originote low ph cicamide facial cleanser,the originote,facial cleanser,cicamide,low ph
some mi retinol intense reactivating serum,some mi,serum,retinol,intense reactivating
skin sake retinol serum ceramide,skin sake,serum,"retinol, ceramide",
skin sake liquid cream moisturizer zinc pca,skin sake,liquid cream moisturizer,zinc pca,
facetology triple care sunscreen oily jerawat spf40 pa,facetology,sunscreen,,"triple care, oily jerawat spf40 pa"
garnier uv air mist sunscreen spf 50 pa,garnier,air mist sunscreen,,"uv, spf 50 pa"
innisfree cherry blossom glow tone up cream spf50 pa mencerahkan seketika untuk kulit kusam,innisfree cherry blossom,tone up cream,,"glow, spf50 pa mencerahkan seketika untuk kulit kusam"
bio oil,bio oil,,,
nivea sunscreen face serum extra protect instant aura spf50 pa sunblock mencerahkan brightening tone up spf uv harian lightweight gel tekstur ringan cepat meresap tidak lengket no whitecast licorice,nivea,"tone up, gel, sunblock, sunscreen face serum",licorice,"mencerahkan brightening, extra protect instant aura spf50 pa, tekstur ringan cepat meresap tidak lengket no whitecast, spf uv harian lightweight"
erha facial signature timeless youth,erha,facial,,signature timeless youth
la roche posay serum intensive anti dark spot,la roche posay,serum,,intensive anti dark spot
abib jerawat foam cleanser heartleaf,abib,foam cleanser,heartleaf,jerawat
wardah makeup flawless coverage bebas kusam cushion moisturizer instant fresh look satin finish cream ringan melembabkan kulit lightening,wardah,"moisturizer, cream, cushion",,"makeup flawless coverage bebas kusam, instant fresh look satin finish, ringan melembabkan kulit lightening"
b erl mencerahkan anti kusam intense lightening serum menghilangkan flek hitam,b erl,serum,,"menghilangkan flek hitam, mencerahkan anti kusam intense lightening"
some mi aha bha pha 30 days miracle cream,some mi,cream,aha bha pha,30 days miracle
hydrating toner skin booster,,toner,,"skin booster, hydrating"
wardah glowing skin on your day cushion glasting liquid mascara radiant resurfacing retinal serum collagen moisturizer,wardah,"serum, cushion, liquid, moisturizer, mascara",collagen,"radiant resurfacing retinal, glowing skin on your day, glasting"
aizen,aizen,,,
lagom cellup cleansing water,lagom cellup,cleansing water,,
aizen in one skin repair barrier,aizen in one,,,"barrier, skin repair"
b erl intense lightening day cream night,b erl,cream,,"intense lightening day, night"
tocobo cotton soft sun stick spf50 pa,tocobo cotton,soft sun stick,,spf50 pa
garniermen turbo light oil scrub,garniermen,oil scrub,,turbo light
animate jerawat solution toner,animate,toner,,jerawat solution
dermaster lavijue serum clabiane acu derm cream,dermaster lavijue,serum clabiane acu derm cream,,
suncut tone up uv essence lavender sunscreen brightening effect,suncut,"tone up, essence, sunscreen",lavender,"brightening effect, uv"
dorskin cera sunscreen,dorskin,cera sunscreen,,
the originote moisturizer,the originote,moisturizer,,
biore men jerawat,biore men,,,jerawat
facetology triple care sunscreen oily skin spf 40 pa ringan oil control untuk kulit berminyak,facetology,sunscreen,,"oily skin spf 40 pa ringan oil control untuk kulit berminyak, triple care"
biyu oil control cleanser ph balanced,biyu,cleanser,,"oil control, ph balanced"
paper filter,,paper filter,,
sk ii facial treatment clear lotion,sk ii,lotion,,facial treatment clear
bhumi clear,bhumi,,,clear
house of hur daily skin essence pad,house of hur,essence pad,,daily skin
abib essence calming,abib,essence,,calming
avoskin miraculous refining toner,avoskin,toner,,miraculous refining
elizabeth arden prevage anti - aging eye serum,elizabeth arden,serum,,prevage anti - aging eye
b erl kulit melembabkan bebas minyak berminyak perawatan wajah jerawat facial cleanser,b erl,facial cleanser,,kulit melembabkan bebas minyak berminyak perawatan wajah jerawat
bio essence serum,bio,"serum, essence",,
true to skin sunscreen gel spf 50 pa,true to skin,sunscreen gel,,spf 50 pa
isntree hyaluronic acid moisturizer cream,isntree,moisturizer cream,hyaluronic acid,
dear me beauty face wash skin barrier gel ceramide cleanser wajah membersihkan minyak kotoran menjaga melembapkan kulit sensitif kering,dear me beauty,"gel, face wash, cleanser wajah",ceramide,"membersihkan minyak kotoran menjaga melembapkan kulit sensitif kering, skin barrier"
skin sake mandelic acid gel membantu mengatasi jerawat noda niacinamide aha exfoliator,skin sake,"gel, exfoliator","mandelic acid, niacinamide, aha",membantu mengatasi jerawat noda
skin game extra hydrating toner untuk melembapkan wajah cocok kulit kering,skin game,toner,,"untuk melembapkan wajah cocok kulit kering, extra hydrating"
sea quill calendula soothing gel membantu menyejukan kulit memperbaiki skin barrier mencerahkan wajah menyembuhkan,sea quill,gel,calendula,"mencerahkan wajah menyembuhkan, membantu menyejukan kulit memperbaiki skin barrier, soothing"
beauty of joseon calming serum green tea panthenol,beauty of joseon,serum,green tea panthenol,calming
esther tea tree serum wajah kulit jerawat,esther,serum wajah,tea tree,kulit jerawat
ceramide purifying toner,,toner,ceramide,purifying
diri sootheme jerawat toner niacinamide panthenol,diri,toner,"niacinamide, panthenol",sootheme jerawat
tavi 5 pha bha retexture toner kulit halus glowing,tavi 5,toner,pha bha,"retexture, kulit halus glowing"
skintific skin reborn cream gel moisturizer pelembab wajah untuk melembapkan memperkuat barrier,skintific,"cream gel moisturizer, pelembab wajah",,"untuk melembapkan memperkuat barrier, skin reborn"
elvicto deep bright face wash,elvicto,face wash,,deep bright
cerave facial moisturizing lotion sunscreen day moisturize,cerave,"moisturize, lotion sunscreen",,"day, facial moisturizing"
aizen retinal repair skin sun triple facial lotion,aizen,facial lotion,retinal,repair skin sun triple
labore sensitive topicalm cream,labore,topicalm cream,,sensitive
aizen retinal facial kerutan,aizen,,retinal,facial kerutan
wardah niacinamide bright barrier boost moisturizer gel pelembab mencerahkan repair serum memperbaiki skin,wardah,"serum, moisturizer gel pelembab",niacinamide,"bright barrier boost, mencerahkan repair, memperbaiki skin"
sk ii ultimate perfecting essence,sk ii,essence,,ultimate perfecting
avoskin alpha arbutin serum,avoskin,serum,alpha arbutin,
cerave blemish control cleanser daily face jerawat prone skin,cerave,cleanser,,"blemish control, daily, face jerawat prone skin"
avoskin miraculous refining toner,avoskin,toner,,miraculous refining
implora eye serum,implora,serum,,eye
the originote brightening moisturizer,the originote,moisturizer,,brightening
avoskin panthenol serum,avoskin,serum,panthenol,
clinelle milk cleanser,clinelle,cleanser,milk,
somethinc sunscreen spf 40 pa,somethinc,sunscreen,,spf 40 pa
skintific skin reborn cream gel moisturizer,skintific,cream gel moisturizer,,skin reborn
facerinna niacinamide power bright cleanser,facerinna,cleanser,niacinamide,power bright
glow lovely vitamin c foam,glow lovely,foam,vitamin c,
lore brightamin serum glowing vitamin pencerah wajah penghilang flek hitam kulit,lore,serum,vitamin,"brightamin, pencerah wajah penghilang flek hitam kulit, glowing"
neogen bio peel gauze peeling lemon,neogen bio,peel gauze,lemon,peeling
erha acneact wh pore minimizing toner,erha,toner,,acneact wh pore minimizing
mosseru hyaluronic moisturizer serum sunscreen,mosseru,moisturizer serum sunscreen,hyaluronic,
dermaster foam cleanser,dermaster,foam cleanser,,
han river alat facial wajah pemijat perawatan kulit massage,han river,alat facial wajah pemijat,,perawatan kulit massage
skin game theory brightening essence untuk kulit kusam sensitif,skin game theory,essence,,"brightening, untuk kulit kusam sensitif"
organic supply co glow renew rose seed oil,organic supply co,,"rose, seed oil",glow renew
innisfree green tea seed hyaluronic cream,innisfree,cream,green tea seed hyaluronic,
senka beauty soothing,senka,,,beauty soothing
hpr retinol serum,hpr,serum,retinol,
animate dark spot white serum,animate,serum,,dark spot white
wardah uv shield essential gel sunscreen spf 30,wardah,essential gel sunscreen,,"uv shield, spf 30"
pinkberry hair body mist,pinkberry,hair body mist,,
viva face tonic green tea jerawat penyegar,viva,face tonic,green tea,jerawat penyegar
somethinc ceramic skin saviour moisturizer gel pelembab wajah untuk hydrating kulit glowing ceramide,somethinc,"moisturizer gel, pelembab wajah","ceramic, ceramide","untuk hydrating kulit glowing, skin saviour"
hatomugi skin conditioner,hatomugi,conditioner,,skin
adleeva jerawat fighter serum,adleeva,serum,,jerawat fighter
npure cica beat the sun powder,npure,powder,cica,beat the sun
skintific niacinamide brightening cleanser facial wash sabun cuci wajah untuk mencerahkan kusam,skintific,cleanser facial wash sabun cuci wajah,niacinamide,"untuk mencerahkan, kusam, brightening"
skintific ceramide barrier repair moisturizer gel pelembab wajah menjaga skin melembapkan kulit,skintific,moisturizer gel pelembab wajah,ceramide,"menjaga skin melembapkan kulit, barrier repair"
nivea men vitamin scrub extra bright sabun cuci wajah pria mencerahkan angkat sel kulit mati brightening kusam cleanser membersihkan pori polusi debu kotoran hyaluronic acid,nivea men,"sabun cuci wajah pria, scrub, cleanser","hyaluronic acid, vitamin","membersihkan pori polusi debu kotoran, mencerahkan angkat sel kulit mati brightening kusam, extra bright"
lore advanced lift perfection serum,lore,serum,,advanced lift perfection
esther night cream,esther,cream,,night
essence,,essence,,
avoskin skin bae toner niacinamide alpha arbutin,"avoskin, skin bae",toner,"alpha arbutin, niacinamide",
elemis collagen day cream,elemis,cream,collagen,day
lore jerawat clarifying complex totol salicylic acid hilang tanpa bekas,lore,totol,salicylic acid,"jerawat clarifying complex, hilang tanpa bekas"
dermaster daily wrinkle care brightening,dermaster,,,daily wrinkle care brightening
animate glow gel strawberry salmon dna,animate,gel,strawberry salmon dna,glow
benton snail bee high content skin,benton snail,,bee,high content skin
avoskin retinol toner,avoskin,toner,retinol,
wardah jerawat,wardah,,,jerawat
benton honest cleansing foam,benton,foam,,honest cleansing
abib calming toner skin booster,abib,toner,,"calming, skin booster"
natur e glow melembabkan meremajakan kulit vitamin astaxanthin peptide meningkatkan produksi kolagen wajah toner moisturizer serum sunscreen spf 45 pa,natur e,"toner moisturizer serum, sunscreen",vitamin astaxanthin peptide,"glow, meningkatkan produksi kolagen wajah, melembabkan meremajakan kulit, spf 45 pa"
jumiso snail mucin peptide facial essence benton aloe propolis soothing gel,"benton, jumiso snail mucin","gel, facial essence","aloe propolis, peptide",soothing
elizabeth arden cream cleanser,elizabeth arden,cream cleanser,,
skin sake brightening memudarkan noda hitam mencerahkan wajar,skin sake,,,brightening memudarkan noda hitam mencerahkan wajar
skintific ceramide barrier moisturizer gel ringan untuk oil control calming pelembab wajah brightening menjaga skin,skintific,"moisturizer gel, pelembab wajah",ceramide,"barrier, ringan untuk oil control calming, brightening menjaga skin"
innisfree pha pore refining toner untuk kulit berminyak,innisfree,toner,pha,"pore refining, untuk kulit berminyak"
diri essentials hydrateme daily barrier moisturizer pelembab perawatan skin untuk semua jenis kulit,diri,"moisturizer, pelembab, essentials",,"perawatan skin untuk semua jenis kulit, hydrateme daily barrier"
the originote hyalu serum,the originote,serum,hyalu,
innisfree retinol cica moisturizer recovery serum,innisfree,moisturizer recovery serum,retinol cica,
votre peau daily facial sun shield spf 50 pa,votre peau,,,daily facial sun shield spf 50 pa
votre peau brightening essence,votre peau,essence,,brightening
labore sensitive cleanser,labore,cleanser,,sensitive
tavi gel cleanser,tavi,"gel, cleanser",,
pigeon teens facial foam jerawat care,pigeon teens,facial foam,,jerawat care
emina bright exfoliating toner,emina,toner,,"exfoliating, bright"
anua heartleaf soothing toner,anua,toner,heartleaf,soothing
momami sun stick,momami,sun stick,,
esther green tea gentle wash,esther,gentle wash,green tea,
mary may 6peptide serum,mary may,serum,6peptide,
bio oil,bio oil,,,
benton uv defense sun cream spf 50 pa,benton,sun cream,,"uv defense, spf 50 pa"
mary may collagen serum,mary may,serum,collagen,
bhumi ceramide hydra lock moisturizer,bhumi,moisturizer,ceramide,hydra lock
pyunkang yul brightening blemish care serum,pyunkang yul,serum,,brightening blemish care
somethinc glow pyhtocell serum untuk kulit berkilau mencerahkan brightening anti - aging,somethinc,serum,,"glow pyhtocell, untuk kulit berkilau mencerahkan brightening anti - aging"
esther toner,esther,toner,,
somethinc acnedot treatment low ph cleanser,somethinc,cleanser,,acnedot treatment low ph
skintific niacinamide brightening serum,skintific,serum,niacinamide,brightening
erha face lips,erha,face lips,,
skintific aha bha pha exfoliating,skintific,,aha bha pha,exfoliating
skintific dark spot eraser serum,skintific,serum,,dark spot eraser
clean clear foaming face wash vitamin c,clean clear,foaming face wash,vitamin c,
rei skin green tea exfoliating body scrub wash,rei skin,body scrub wash,green tea,exfoliating
wardah lightening exfoliator,wardah,exfoliator,,lightening
omg oh my glow bright booster uv barrier sunscreen spf 50 pa,omg oh my glow,sunscreen,,"spf 50 pa, bright booster uv barrier"
crystallure supreme revitalizing oil serum,crystallure supreme,oil serum,,revitalizing
wardah renew you ceramide martrixyl spf35 pa moisturizer,wardah,moisturizer,ceramide martrixyl,"renew you, spf35 pa"
skintific amino acid ultra gentle cleansing,skintific,,amino acid,ultra gentle cleansing
skintific ceramide barrier moisturizer gel light texture,skintific,moisturizer gel,ceramide,"barrier, light texture"
isntree hyaluronic acid low ph cleansing foam,isntree,foam,hyaluronic acid,low ph cleansing
elformula cerahydro mild cleanser facial wash sabun low ph sensitive skin melembabkan kulit cocok untuk sensitif,elformula,mild cleanser facial wash sabun,,"low ph sensitive skin melembabkan kulit cocok untuk sensitif, cerahydro"
bio beauty lab glow care,bio beauty lab,,,glow care
cosrx 96 mucin essence,cosrx,essence,96 mucin,
senka moisturizer ha serum,senka,"moisturizer, serum",ha,
pyunkang yul mild sun cream,pyunkang yul,mild sun cream,,
garnier uv cooling watergel sunscreen spf50,garnier,watergel sunscreen,,"spf50, uv cooling"
tavi cica sun shield face gel oil staining lip sunscreen cream blush highlighter eyeshadow,tavi,"gel, face, sunscreen cream",cica,"sun shield, blush highlighter eyeshadow, oil staining lip"
dermaster white glow clabiane daily sunscreen,dermaster,"clabiane, sunscreen",,"white glow, daily"
tavi plant based squalane ceramide moisturizer boost serum,tavi,moisturizer boost serum,plant based squalane ceramide,
wardah hydra rose gel to foam cleanser facial wash oil wajah untuk kulit kering dehidrasi melembabkan 72 jam,wardah,gel to foam cleanser facial wash,rose,"oil wajah untuk kulit kering dehidrasi melembabkan, 72 jam, hydra"
wardah nature daily aloe hydramild multifunction gel,wardah,gel,aloe,"nature daily, hydramild multifunction"
wardah gel moisturizer serum uv shield tranexamic vitamin c cica hyaluron,wardah,gel moisturizer serum,tranexamic vitamin c cica hyaluron,uv shield
somethinc sunscreen spf 40 pa,somethinc,sunscreen,,spf 40 pa
facial foam viva kering oily,viva,facial foam,,kering oily
skinlife face lotion,skinlife,face lotion,,
bio beauty lab retinol peptide,bio beauty lab,,retinol peptide,
elemis collagen rose facial oil minyak wajah,elemis,facial oil,collagen rose,minyak wajah
elemis collagen night cream pelembab wajah,elemis,cream pelembab wajah,collagen,night
glad2glow centella salicylic acid jerawat gel cleanser facial wash untuk kulit,glad2glow,"gel cleanser, facial wash",centella salicylic acid,"untuk kulit, jerawat"
avoskin skin bae hyaluron hyacross 3 green tea,"avoskin, skin bae",,hyaluron hyacross 3 green tea,
dermaster lavijue serum,dermaster lavijue,serum,,
aizen scar barrier combo,aizen,,,scar barrier combo
safi white expert deep exfoliator,safi,deep exfoliator,,white expert
wardah bright moisturizer spf,wardah,moisturizer,,"bright, spf"
serum wajah pria wanita white glowing,,serum wajah,,pria wanita white glowing
kanebo wash,kanebo,wash,,
skintific retinol renewal serum,skintific,serum,retinol,renewal
nivea body uv white,nivea,,,body uv white
isntree green tea fresh toner,isntree,toner,green tea,fresh
pyunkang yul calming moisturizer repair,pyunkang yul,moisturizer,,"calming, repair"
wardah moisturizer,wardah,moisturizer,,
biore,biore,,,
glad2glow centella ceramide soothing toner,glad2glow,toner,centella ceramide,soothing
skintific clear skin,skintific,,,clear skin
bio essence,bio,essence,,
face serum retinol anti - aging,,face serum,retinol,anti - aging
haruharu black rice sunscreen,haruharu,sunscreen,black rice,
cleya beauty radiant skin moisturizer,cleya beauty,moisturizer,,radiant skin
esther moisturizing lotion,esther,lotion,,moisturizing
sk ii ultimate perfecting serum,sk ii,serum,,ultimate perfecting
natur e white bright glow melembabkan mencerahkan kulit vitamin gluthatione niacinamide serum sunscreen spf 45 pa,natur e,"serum, sunscreen",vitamin gluthatione niacinamide,"spf 45 pa, melembabkan mencerahkan kulit, white bright glow"
d alba tone up sun cream,d alba,tone up sun cream,,
wardah amino foaming cleanser tranexamic dark spot gel,wardah,"gel, foaming cleanser","tranexamic, amino",dark spot
npure probiotics gel cleanser wajah untuk membersihkan minyak kotoran menjaga skin barrier cocok kulit sensitif jerawat,npure,gel cleanser wajah,probiotics,untuk membersihkan minyak kotoran menjaga skin barrier cocok kulit sensitif jerawat
implora ceramide skin barrier moisturizing gel,implora,moisturizing gel,ceramide,skin barrier
somethinc advanced renewal serum,somethinc,serum,,advanced renewal
pumpkinu skin tonic,pumpkinu,skin tonic,,
lacoco intensive treatment eye serum,lacoco,serum,,intensive treatment eye
somethinc sunscreen spf 40 pa charlotte,somethinc,sunscreen,charlotte,spf 40 pa
some mi low ph gel cleanser,some mi,gel cleanser,,low ph
garnier light complete night yoghurt sleeping mask,garnier,sleeping mask,yoghurt,light complete night
elizabeth arden cream skin protectant,elizabeth arden,cream,,skin protectant
somethinc sunscreen spf 40 pa,somethinc,sunscreen,,spf 40 pa
pyunkang yul black tea toner,pyunkang yul,toner,black tea,
erha acneact post jerawat spot serum wanita,erha,serum,,"acneact post jerawat spot, wanita"
abib jerawat foam cleanser heartleaf,abib,foam cleanser,heartleaf,jerawat
aizen retinal repair sun combo facial,aizen,facial,retinal,repair sun combo
viva pelembab under make up,viva,pelembab,,under make up
beauty of joseon glow serum propolis niacinamide,beauty of joseon,serum,propolis niacinamide,glow
sheetmasks elformula bright protect antiox serum cerahydro physical sunscreen spf 50 pa,elformula,"serum, sunscreen, sheetmasks",,"bright protect antiox, cerahydro physical, spf 50 pa"
wardah low ph niacinamide molecular hyaluronic facial wash sabun cuci wajah cleansing cleanser terhidrasi bersih,wardah,"cleanser, facial wash, sabun cuci wajah",niacinamide molecular hyaluronic,"low ph, terhidrasi bersih, cleansing"
wardah make up barrier revive glow youth renewal matte perfection radiant touch,wardah,,,"glow youth renewal matte perfection radiant touch, revive, make up barrier"
cetaphil cleanser,cetaphil,cleanser,,
viva milk cleanser spirulina facial wajah kotoran pembersihan,viva,cleanser,"milk, spirulina",facial wajah kotoran pembersihan
safi white expert cleanser toner,safi,cleanser toner,,white expert
biore men scrub white,biore men,scrub,,white
caudalie deep hydration moisturizer,caudalie,moisturizer,,deep hydration
diri essentials anti - aging magic prevention mencegah flek hitam wajah tanda penuaan dini,diri,essentials,,anti - aging magic prevention mencegah flek hitam wajah tanda penuaan dini
caudalie night cream malam anti - aging,caudalie,cream,,"malam anti - aging, night"
bio beauty lab serum,bio beauty lab,serum,,
caudalie dark spot correcting glycolic night cream malam anti noda hitam,caudalie,cream,glycolic,"dark spot correcting, malam anti noda hitam, night"
hyaluronic acid sodium hyaluronate 250gram,,,hyaluronic acid sodium hyaluronate 250gram,
skintific salicylic acid anti jerawat serum treatment untuk bruntusan exfoliating,skintific,serum,salicylic acid,"anti jerawat, treatment untuk bruntusan exfoliating"
haruharu black rice facial oil,haruharu,facial oil,black rice,
iswhite brilliantly bright foam niacinamide vitamin c glutathione facial wash sabun cuci wajah mencerahkan face cleanser low ph white jerawat glowing,iswhite brilliantly,"face cleanser, facial wash, foam, sabun cuci wajah",niacinamide vitamin c glutathione,"bright, mencerahkan, low ph white jerawat glowing"
ultima ii hydra botanic sun protection spf,ultima ii,hydra botanic,,sun protection spf
acnes natural care face wash complete white,acnes natural care,face wash,,complete white
martiderm hydra 30 ampoules,martiderm,,,"hydra, 30 ampoules"
safi hydrating water drop moisturizer,safi,moisturizer,,hydrating water drop
acnes natural care face wash oil control,acnes natural care,face wash,,oil control
wardah light hydrashot intensive moisturizer,wardah,moisturizer,,light hydrashot intensive
hanasui flawless glow 10 night cream,hanasui,cream,,flawless glow 10 night
acnes creamy wash face,acnes,creamy wash face,,
scarlett white brightly essence toner,scarlett,essence toner,,white brightly
benton heartleaf cream,benton,cream,heartleaf,
diri essentials face glow booster mencerahkan wajah lebih glowing,diri,essentials,,face glow booster mencerahkan wajah lebih glowing
esther glowing serum wajah kulit berminyak,esther,serum,,"glowing, wajah kulit berminyak"
bio beauty lab glycolic brightening cleanser,bio beauty lab,cleanser,glycolic,brightening
hyaluronic acid sodium hyaluronate,,,hyaluronic acid sodium hyaluronate,
glad2glow centella ceramide soothing toner,glad2glow,toner,centella ceramide,soothing
nivea facial foam sparkling bright sabun cuci wajah wanita mencerahkan brightening glowing kulit kenyal bintik hitam kusam cleanser wash pearl serum rucinol licorice vitamin c,nivea,"sabun cuci wajah wanita, serum, facial foam, cleanser wash","rucinol licorice vitamin c, pearl","mencerahkan brightening glowing kulit kenyal bintik hitam kusam, sparkling bright"
pigeon teens hydra squad serum,pigeon teens,serum,,hydra squad
qiansoto premiere beaute niacinamide centella cream white glow brightening night,qiansoto premiere beaute,cream,niacinamide centella,white glow brightening night
amaterasun uv sunscreen serum spf 50 pa,amaterasun,sunscreen serum,,"uv, spf 50 pa"
beauty of joseon apricot blossom peeling gel,beauty of joseon,peeling gel,apricot blossom,
bio oil,bio oil,,,
innisfree vitamin c green tea enzyme brightening serum pencerah noda hitam,innisfree,serum,vitamin c green tea enzyme,"pencerah noda hitam, brightening"
2 nivea men facial foam bright oil clear pore minimizing sabun cuci wajah pria mencerahkan minyak berlebih berminyak kulit kusam cleanser mengecilkan pori komedo polusi debu kotoran vitamin c,2 nivea men,"sabun cuci wajah pria, facial foam, cleanser",vitamin c,"bright oil clear pore minimizing, mencerahkan minyak berlebih berminyak kulit kusam, mengecilkan pori komedo polusi debu kotoran"
tavi niacinamide zinc bright blemish solution serum,tavi,serum,niacinamide zinc,bright blemish solution
elvicto anti jerawat face wash,elvicto,face wash,,anti jerawat
pyunkang yul low ph pore deep cleansing foam,pyunkang yul,cleansing foam,,low ph pore deep
sk ii skinpower essence,sk ii,essence,,skinpower
sk ii facial treatment gentle cleanser,sk ii,gentle cleanser,,facial treatment
b erl hydra stay alis eyebrow eyeliner mascara,b erl,alis eyebrow eyeliner mascara,,hydra stay
avoskin retinol ampoule serum,avoskin,serum,retinol,ampoule
avoskin hydro burst moisturizer,avoskin,moisturizer,,hydro burst
clinelle calm care treatment cream,clinelle,cream,,calm care treatment
bio beauty lab jerawat treatment facial oil serum,bio beauty lab,facial oil serum,,jerawat treatment
acnes sealing jell,acnes,sealing jell,,
mary may blackberry serum,mary may,serum,blackberry,
physiogel lotion,physiogel,lotion,,
pyunkang yul calming moisturizer serum,pyunkang yul,moisturizer serum,,calming
hanasui ceramide probiotic peeling gel,hanasui,peeling gel,ceramide probiotic,
some mi repair cream,some mi,cream,,repair
pond white pollution toxx facial foam,pond,facial foam,,"white pollution, toxx"
skintific acid anti jerawat gel moisturizer pelembab wajah untuk kulit menghilangkan bekas cocok beruntusan,skintific,gel moisturizer pelembab wajah,acid,"untuk kulit menghilangkan bekas cocok beruntusan, anti jerawat"
nivea,nivea,,,
nivea men facial foam bright oil clear pore minimizing sabun cuci wajah pria mencerahkan minyak berlebih berminyak kulit kusam cleanser mengecilkan pori komedo polusi debu kotoran vitamin c,nivea men,"sabun cuci wajah pria, facial foam, cleanser",vitamin c,"bright oil clear pore minimizing, mencerahkan minyak berlebih berminyak kulit kusam, mengecilkan pori komedo polusi debu kotoran"
natur e advanced re juve glow vitamin astaxanthin peptide meningkatkan produksi kolagen wajah serum sunscreen spf 45 pa,natur e,"serum, sunscreen",vitamin astaxanthin peptide,"meningkatkan produksi kolagen wajah, spf 45 pa, advanced re juve glow"
aizen jerawat sun combo,aizen,,,jerawat sun combo
haruharu black rice serum,haruharu,serum,black rice,
safi naturals clarifying toner,safi,toner,,naturals clarifying
wardah uv shield tone up sunscreen spf 50 pa cushion matte finish tahan lama 18 jam,wardah,"tone up sunscreen, cushion",,"matte finish tahan lama, uv shield, 18 jam, spf 50 pa"
natur e advanced intensive firming serum age rejuve glow moisturizer gel menutrisi memperbaiki kulit astaxanthin vitamin,natur e,"moisturizer gel, serum",astaxanthin vitamin,"age rejuve glow, advanced intensive firming, menutrisi memperbaiki kulit"
esther milk cleanser,esther,cleanser,milk,
esther clean wash sabun wajah kulit berminyak jerawat,esther,clean wash sabun wajah,,kulit berminyak jerawat
wardah lightening total cleansing,wardah,,,lightening total cleansing
l oreal hydrating gel cleanser,l oreal,gel cleanser,,hydrating
emina water barrier balancing gel,emina,gel,,water barrier balancing
jacquelle wash,jacquelle,wash,,
viva white soothing aloe gel cooling melembutkan,viva,,aloe gel,"white soothing, cooling melembutkan"
bragg apple toner wajah,bragg,toner wajah,apple,
garnier skin natural light brightening scrub,garnier,scrub,,skin natural light brightening
dermaster derma treatment,dermaster,,,derma treatment
adleeva daylight cream sunscreen glow up protection spf 35 pa siang,adleeva,cream sunscreen,,"glow up protection spf 35 pa siang, daylight"
suncut uv gel spf50 pa sunscreen,suncut,"gel, sunscreen",,"spf50 pa, uv"
ysb vitamin c balm moisturizing stick,ysb,"stick, balm",vitamin c,moisturizing
scarlett brightening facial wash,scarlett,facial wash,,brightening
laneige waterbank toner dry,laneige,"toner, waterbank",,dry
safi white natural anti jerawat cream,safi,cream,,white natural anti jerawat
skin game kind basic oily,skin game,,,kind basic oily
klairs supple preparation unscented facial toner,klairs supple,facial toner,,preparation unscented
biyu daily light moisturizer,biyu,moisturizer,,daily light
amaterasun brightening sunscreen spf 50 pa pencerah wajah tekstur ringan anti kusam,amaterasun,sunscreen,,"spf 50 pa pencerah wajah tekstur ringan anti kusam, brightening"
skin sake round cotton pad,skin sake round,cotton pad,,
elvicto bright up moisturizer brightening untuk kulit glowing pelembab wajah mencerahkan hydrating ringan semua jenis,elvicto,"moisturizer, pelembab wajah",,"untuk kulit glowing, semua jenis, mencerahkan hydrating, bright up, brightening, ringan"
esther cysmela memudarkan melasma flek hitam hiperpigmentasi treatment,esther,,cysmela,memudarkan melasma flek hitam hiperpigmentasi treatment
lacoco dark spot essence,lacoco,essence,,dark spot
avoskin vitamin c niacinamide mandarin orange,avoskin,,"niacinamide, vitamin c, mandarin orange",
bhumi,bhumi,,,
brightening booster,,,,brightening booster
belif the true cream aqua bomb aloe vera,belif the true,cream,aloe vera,aqua bomb
leoleo sunscreen uv filter spf 50 pa aman untuk wajah jerawat berminyak pria,leoleo,sunscreen,,"uv filter spf 50 pa aman untuk wajah jerawat berminyak, pria"
mary may citrus unshiu tremella serum,mary may,serum,citrus unshiu tremella,
isntree hyaluronic acid toner,isntree,toner,hyaluronic acid,
neogen bio peel pad,neogen bio,peel pad,,
glad2glow kiwi 3d acid jerawat moisturizer,glad2glow,moisturizer,kiwi 3d acid,jerawat
true to skin mugwort tripeptide gel cream,true to skin,gel cream,mugwort tripeptide,
anua peach serum,anua,serum,peach,
avoskin retinol toner,avoskin,toner,retinol,
skintific beautyhaul,skintific,,,beautyhaul
soft u derm hydro,soft u derm,,,hydro
torriden,torriden,,,
skintific sensitive moisturizer gel untuk kulit sensitif pelembab wajah menghidrasi barrier,skintific,"moisturizer gel, pelembab wajah",,"barrier, sensitive, menghidrasi, untuk kulit sensitif"
somethinc vitamin glutabright ferulic serum pencerah wajah anti kusam,somethinc,serum,vitamin glutabright ferulic,pencerah wajah anti kusam
innisfree greentea hyaluronic lotion untuk kulit kering,innisfree,lotion,greentea hyaluronic,untuk kulit kering
innisfree bha pore cleansing foam facial cleanser,innisfree,foam facial cleanser,bha,pore cleansing
wardah defense vitamin panthenol anti pollution radiant creamy wash,wardah,creamy wash,vitamin panthenol,"defense, anti pollution radiant"
haruharu black rice moisturizer soft cleansing gel,haruharu,"gel, moisturizer",black rice,soft cleansing
la roche posay foaming gel cleanser sabun wajah kulit jerawat berminyak,la roche posay,"foaming gel, cleanser sabun wajah",,kulit jerawat berminyak
innisfree toner untuk kulit jerawat,innisfree,toner,,untuk kulit jerawat
skintific aqua light daily sunscreen spf 35 pa,skintific,sunscreen,aqua,"spf 35 pa, light daily"
skintific glycolic acid daily clarifying toner,skintific,toner,glycolic acid,daily clarifying
somethinc sunscreen spf 40 pa,somethinc,sunscreen,,spf 40 pa
wardah renew eye cream,wardah,cream,,"renew, eye"
somethinc low ph gentle jelly cleanser,somethinc,gentle jelly cleanser,,low ph
l oreal uv defender serum protector matte fresh spf50 pa,l oreal,"defender serum, matte",,"uv, protector, fresh spf50 pa"
mary may sensitive soothing gel cream,mary may,gel cream,,sensitive soothing
viva face tonic lemon berminyak penyegar,viva,"penyegar, face tonic",lemon,berminyak
diri essentials boostme daily serum niacinamide zinc essence pencerah wajah kusam untuk semua jenis kulit,diri,"serum, essence, essentials","niacinamide, zinc","pencerah wajah kusam untuk semua jenis kulit, boostme daily"
organic supply co castor oil pack therapy perawatan tubuh kulit,organic supply co,castor oil pack,,therapy perawatan tubuh kulit
viva collagen night cream malam untuk mencegah penuaan dini,viva,cream,collagen,"malam untuk mencegah penuaan dini, night"
viva white moisturizer soybean,viva,moisturizer,soybean,white
benton uv defense sun cream,benton,sun cream,,uv defense
toner derma express essence,derma express,"essence, toner",,
safi age defy cream cleanser,safi,cream cleanser,,age defy
wardah white day cream,wardah,cream,,"day, white"
bioaqua tranexamic acid oligopeptide white moisturizer cleanser toner serum cream,bioaqua,moisturizer cleanser toner serum cream,tranexamic acid oligopeptide,white
rovectin essentials aqua activating serum,rovectin,"serum, essentials",,aqua activating
beauty of joseon glow deep serum rice alpha arbutin,beauty of joseon,serum,rice alpha arbutin,glow deep
heimish bulgarian hydrogel eye patch,heimish bulgarian,patch,,hydrogel eye
glowlabs soothe and shoot the spf,glowlabs,,,"soothe and shoot the, spf"
hyaluronic acid sodium hyaluronate 500gram,,,hyaluronic acid sodium hyaluronate 500gram,
avoskin skin bae kombucha niacinamide,"avoskin, skin bae",,"niacinamide, kombucha",
viva air mawar,viva,,air mawar,
esther anti - aging serum penuaan dini,esther,serum,,"penuaan dini, anti - aging"
glow better cloud skin recipe advance moisturizer,glow better cloud,moisturizer,,skin recipe advance
hose fresh brightening action face wash,hose fresh,face wash,,brightening action
skintific 12 acid peeling solution serum wajah untuk exfoliating kulit kusam aha bha pha,skintific,serum wajah,"12 acid, aha bha pha","peeling solution, untuk exfoliating kulit kusam"
tavi cica water break sun shield,tavi,,cica,water break sun shield
esther moisturizing cream,esther,cream,,moisturizing
natur e cantikmu vitamin,natur e,,vitamin,cantikmu
elizabeth arden ceramide advanced night cream,elizabeth arden,cream,ceramide,"advanced, night"
hayejin blessing of sprout wrinkle away eye cream,hayejin,cream,,blessing of sprout wrinkle away eye
animate white cream perawatan wajah,animate,cream,,"white, perawatan wajah"
hydrating barrier care jumiso hyaluronic acid toner pyunkang yul moisturizer cream,"jumiso, pyunkang yul","moisturizer cream, toner",hyaluronic acid,hydrating barrier care
avoskin panthenol mugwort cica barrier hero serum,avoskin,serum,"panthenol, mugwort cica",barrier hero
d alba white truffle double layer revitalizing serum,d alba,serum,,white truffle double layer revitalizing
wardah vitamin c amino radiant charge gel cleanser,wardah,gel cleanser,"vitamin c, amino",radiant charge
biore uv aqua rich protect lotion spf50 pa,biore,lotion,,"spf50 pa, uv aqua rich protect"
oxy jerawat cleanser face wash,oxy,cleanser face wash,,jerawat
retinol ceramide skin renewing water cream,,cream,"retinol, ceramide",skin renewing water
bright hydrate night care,,,,bright hydrate night care
amaterasun uv sunscreen cream spf 50 pa untuk semua jenis kulit,amaterasun,sunscreen cream,,"spf 50 pa untuk semua jenis kulit, uv"
dexskin glowing skin basic mencerahkan,dexskin,,,glowing skin basic mencerahkan
beauty of joseon red bean water gel,beauty of joseon,water gel,red bean,
natur e advanced age rejuve glow intensive boosting essence toner wajah astaxanthin vitamin perawatan melembabkan menjaga elastisitas kulit,natur e,essence toner wajah,astaxanthin vitamin,"perawatan melembabkan menjaga elastisitas kulit, advanced age rejuve glow intensive boosting"
haruharu black rice hyaluronic anti wrinkle serum,haruharu,serum,black rice hyaluronic,anti wrinkle
beneath bhumi berry brightening serum,beneath bhumi,serum,berry,brightening
esther eye cream mata,esther,cream,,"eye, mata"
clean clear facial wash,clean clear,facial wash,,
aizen in one skin repair sun essence toner protect,aizen in one,essence toner,,"protect, skin repair sun"
aizen,aizen,,,
wardah uv shield jerawat calming sunscreen serum spf50 pa,wardah,sunscreen serum,,"spf50 pa, uv shield jerawat calming"
erha age corrector night charge anti - aging,erha,,,"anti - aging, age corrector night charge"
clean clear oil control,clean clear,,,oil control
skintific niacinamide brightening moisturizer gel,skintific,moisturizer gel,niacinamide,brightening
cerave foaming cleanser face wash ceramide oily,cerave,"face wash, foaming cleanser",ceramide,oily
obat penghilang gumpalan lemak kelopak mata xanthelasma milia bintik dekat,,obat,,"penghilang gumpalan lemak kelopak mata, xanthelasma milia bintik dekat"
house of hur weightless sun fluid spf 50 pa,house of hur,fluid,,"spf 50 pa, weightless sun"
nivea men facial foam extra bright sabun cuci wajah pria mencerahkan bintik hitam brightening kulit kusam wash membersihkan pori terdalam polusi debu kotoran glutathione aha vitamin c,nivea men,"sabun cuci wajah pria, wash, facial foam",glutathione aha vitamin c,"mencerahkan bintik hitam brightening kulit kusam, extra bright, membersihkan pori terdalam polusi debu kotoran"
anessa uv sunscreen milk,anessa,sunscreen,milk,uv
pigeon teens facial foam daily mild cleansing,pigeon teens,facial foam,,daily mild cleansing
dear me beauty skin barrier face gel cleanser,dear me beauty,gel cleanser,,skin barrier face
hada labo shirojyun milk,hada labo shirojyun,,milk,
pigeon teens everyday sunscreen spf 35 pa,pigeon teens,sunscreen,,"spf 35 pa, everyday"
nature republic fresh peach cleansing foam,nature republic,"foam, peach",,"cleansing, fresh"
bio beauty lab essence,bio beauty lab,essence,,
carasun healthy uv protector spf 50 pa,carasun,,,"healthy, uv protector spf 50 pa"
wardah tranexamic alpha arbutin niacinamide dark spot corrector gel moisturizer,wardah,gel moisturizer,"niacinamide, tranexamic alpha arbutin",dark spot corrector
heimish bulgarian hydrogel eye patch,heimish bulgarian,patch,,hydrogel eye
wardah pentavitin rose water hydra infused toner hydrating kelopak bunga mawar memperbaiki skin barrier kulit lebih sehat lembap wajah glowing,wardah,infused toner,"rose water, pentavitin, kelopak bunga mawar","memperbaiki skin barrier kulit lebih sehat lembap wajah glowing, hydrating, hydra"
somethinc ceramic skin saviour moisturizer gel,somethinc,moisturizer gel,ceramic,skin saviour
l oreal glycolic bright anti dark spot exfoliant peel,l oreal,exfoliant peel,glycolic,bright anti dark spot
tocobo watery sun cream spf50 pa,tocobo,cream,,"spf50 pa, watery sun"
aizen barrier cleanse,aizen,cleanse,,barrier
skintific dark spot moisturizer gel,skintific,moisturizer gel,,dark spot
kahf skin energizing brightening face wash,kahf,face wash,,skin energizing brightening
viva white advance day cream spf 30 pa,viva,cream,,"spf 30 pa, white advance day"
viva pelembab green tea anti oxidant uv filter,viva,pelembab,green tea,anti oxidant uv filter
b2g3 effortles make up adaptint sunscreen oil makeup simple natural routine spf 50 pa uv protection face,b2g3,sunscreen,,"effortles make up adaptint, oil makeup simple natural routine spf 50 pa uv protection face"
innisfree apple seed cleansing cream untuk angkat kotoran make up,innisfree,cream,apple seed,"untuk angkat kotoran make up, cleansing"
skin aqua white milk spf50,skin aqua,,milk,"spf50, white"
the originote hyalucera moisturizer,the originote,moisturizer,hyalucera,
skintific ceramide barrier repair moisturizer gel,skintific,moisturizer gel,ceramide,barrier repair
lore advanced lift perfection serum wajah anti - aging hilangkan kerutan efek botox,lore,serum,,"wajah anti - aging hilangkan kerutan efek botox, advanced lift perfection"
skintific salicylic acid anti jerawat serum,skintific,serum,salicylic acid,anti jerawat
allura glowing brigth mild cleanser foam,allura,cleanser foam,,glowing brigth mild
tocobo coconut cleansing foam,tocobo,foam,coconut,cleansing
klairs moisturizer soothing serum,klairs,"moisturizer, serum",,soothing
scarlett white niacinamide beta glucan phyto serum,"phyto, scarlett",serum,"niacinamide, beta glucan",white
scarlett serum phyto white,"phyto, scarlett",serum,,white
nivea body uv whtning serum spf33,nivea,serum,,"body uv whtning, spf33"
roro mendut lulur rempah white,roro mendut,lulur,rempah,white
esther kulit normal,esther,,,kulit normal
skintific centella jerawat calming toner skincare wajah untuk kulit soothing,skintific,toner skincare wajah,centella,"jerawat calming, untuk kulit soothing"
dear me beauty gentle cleanser,dear me beauty,gentle cleanser,,
asam miristat myristic acid,,,asam miristat myristic acid,
esther anti - aging,esther,,,anti - aging
foaming facial wash,,foaming facial wash,,
emina bright prebiotic tranexamic acid brightening facial cleanser,emina,facial cleanser,prebiotic tranexamic acid,"bright, brightening"
some mi beta panthenol repair cream,some mi,cream,beta panthenol,repair
facetology triple care sunscreen spf 40 pa,facetology,sunscreen,,"triple care, spf 40 pa"
organic supply co rose facial roller radiance anti - aging,organic supply co,facial roller,rose,radiance anti - aging
innisfree green tea hyaluronic moisturizer serum spf 50 pa,innisfree,"moisturizer, serum",green tea hyaluronic,spf 50 pa
finally found you hydriceing brightening essence booster serum infused toner untuk semua jenis kulit,finally found you,essence booster serum infused toner,,"untuk semua jenis kulit, hydriceing brightening"
mustika ratu penyegar gambir toner mask bengkoang,mustika ratu,toner mask,"gambir, bengkoang",penyegar
ampoule avoskin,avoskin,ampoule,,
heimish matcha hydrogel eye,heimish,,matcha,hydrogel eye
innisfree vitamin c green tea brightening serum mencerahkan wajah,innisfree,serum,vitamin c green tea,"mencerahkan wajah, brightening"
glad2glow blueberry ceramide moisturizer,glad2glow,moisturizer,"blueberry, ceramide",
caudalie gentle buffing cream exfoliating scrub,caudalie,"scrub, gentle buffing cream",,exfoliating
haruharu black rice moisturizer airyfit daily sunscreen,haruharu,"moisturizer, sunscreen",black rice,airyfit daily
belif uv protector sunscreen,belif,sunscreen,,uv protector
erha age corrector serum peptides soya phytoplacenta,erha,serum,peptides soya phytoplacenta,age corrector
beneath bhumi blueberry cream moisturizer,beneath bhumi,cream moisturizer,blueberry,
benton guava toner face mask pad,benton,toner face mask pad,guava,
skins sake fss anti jerawat essentials retinoid retinol retinal serum hocl mist untuk mengatasi meratakan tekstur menenangkan kulit sensitif,skins sake fss,"serum, mist, essentials","retinol, hocl, retinoid, retinal","anti jerawat, untuk mengatasi meratakan tekstur menenangkan kulit sensitif"
hada labo moisturizer light,hada labo,moisturizer,,light
hada labo moisturizing face wash,hada labo,face wash,,moisturizing
haruharu black rice bakuchiol eye cream,haruharu,cream,black rice bakuchiol,eye
mary may gluconolactone pha cleansing pad,mary may,pad,gluconolactone pha,cleansing
dexskin derma express skin barrier protector sleeping mask,dexskin derma express,mask,,skin barrier protector sleeping
skin sake retinal serum retinoid memudarkan garis halus kerutan menghaluskan tekstur kulit samphira oil,skin sake,serum,"samphira oil, retinoid, retinal",memudarkan garis halus kerutan menghaluskan tekstur kulit
cerave foaming cleanser face wash ceramide,cerave,"face wash, foaming cleanser",ceramide,
the originote sunscreen,the originote,sunscreen,,
clean clear foaming face wash,clean clear,foaming face wash,,
hayejin blessing serum,hayejin,serum,,blessing
aizen brightening retinal skin repair cleanse,aizen,cleanse,retinal,"skin repair, brightening"
heimish watermelon moisturizer gel cream,heimish,moisturizer gel cream,watermelon,
skintific ceramide low ph cleanser,skintific,cleanser,ceramide,low ph
some mi aha bha pha 30 days miracle jerawat clear foam,some mi,foam,aha bha pha,30 days miracle jerawat clear
momilen maternity care cream,momilen,cream,,maternity care
l oreal paris glycolic bright dark circle eye serum niacinamide,l oreal paris,serum,"glycolic, niacinamide",bright dark circle eye
cosrx cream,cosrx,cream,,
wardah moisturizer cream niacinamide brightening pelembab wajah white facial,wardah,"moisturizer cream, pelembab wajah",niacinamide,"white facial, brightening"
elvicto anti jerawat face wash,elvicto,face wash,,anti jerawat
amaterasun sunscreen spf 50 pa,amaterasun,sunscreen,,spf 50 pa
avoskin hydrating treatment essence,avoskin,essence,,hydrating treatment
facetology peeling serum,facetology,serum,,peeling
momami facial cream,momami,facial cream,,
nature soothing moisturizer aloe vera foam cleanser,nature,"foam cleanser, moisturizer",aloe vera,soothing
acnes spot care,,,,acnes spot care
innisfree green tea seed hyaluronic cream,innisfree,cream,green tea seed hyaluronic,
cetaphil bright healthy radiance brightness toner,cetaphil,toner,,bright healthy radiance brightness
cosrx niacinamide serum,cosrx,serum,niacinamide,
kojiesan cleanser toner,kojiesan,cleanser toner,,
nuface me sun shield spf,nuface me,,,sun shield spf
avoskin shield of sun essence spf 50 pa,avoskin,essence,,"shield of sun, spf 50 pa"
facetology triple care sunscreen oily skin,facetology,sunscreen,,"triple care, oily skin"
skin aqua tone up spf50 pa,skin aqua,tone up,,spf50 pa
erha retinol peeling face,erha,,retinol,peeling face
innisfree green tea seed hyaluronic serum untuk kulit glowing,innisfree,serum,green tea seed hyaluronic,untuk kulit glowing
pyunkang yul black tea eye cream,pyunkang yul,cream,black tea,eye
numbuzin beauty cream,numbuzin,cream,,beauty
somethinc ceramic skin saviour moisturizer gel,somethinc,moisturizer gel,ceramic,skin saviour
gatsby aesthetic bright sunscreen moisturizer,gatsby,sunscreen moisturizer,,aesthetic bright
benton green tea cleansing foam,benton,foam,green tea,cleansing
raisu brightening soap sabun pencerah kulit,raisu,soap sabun,,"pencerah kulit, brightening"
light brightening scrub,,scrub,,light brightening
lovillea calm bright facial wash,lovillea,facial wash,,calm bright
bioaqua ceramide,bioaqua,,ceramide,
avoskin lip optimizer serum,avoskin,lip optimizer serum,,
azarine calm my jerawat skinpair sunscreen moisturizer spf35 pa untuk kulit perlindungan uv mengurangi kemerahan menenangkan oil control menjaga skin barrier,azarine,sunscreen moisturizer,,"calm my jerawat skinpair, spf35 pa untuk kulit perlindungan uv mengurangi kemerahan menenangkan oil control menjaga skin barrier"
alonie aloe foam cleansing membersihkan,alonie,foam,aloe,cleansing membersihkan
caudalie moisturizing matifying fluid,caudalie,,fluid,moisturizing matifying
d alba mild skin balancing cream,d alba,cream,,mild skin balancing
neogen bio peel gauze pad lemon,neogen bio,peel gauze pad,lemon,
b erl glazed skin essence serum mencerahkan perawatan wajah lightening memudarkan flek hitam,b erl,essence serum,,"mencerahkan perawatan wajah lightening memudarkan flek hitam, glazed skin"
wardah amino calm soothe gel cleanser,wardah,gel cleanser,amino,calm soothe
holika moisturizer make up sun cream,holika,"moisturizer, cream",,make up sun
rose day biome gentle cleanser,biome,gentle cleanser,rose,day
somethinc ceramic skin saviour moisturizer gel pelembab wajah untuk hydrating kulit glowing ceramide,somethinc,"moisturizer gel, pelembab wajah","ceramic, ceramide","untuk hydrating kulit glowing, skin saviour"
tavi gel oil cleanser,tavi,"gel, oil cleanser",,
avoskin retinol,avoskin,,retinol,
susu cleanser dexskin derma express soothing sunflower seed,dexskin derma express,cleanser,"susu, sunflower seed",soothing
natur e hyaluglow deep rich hydrating moisturizer gel pelembab wajah hyaluronic acid vitamin membantu melembapkan mencerahkan kulit,natur e,moisturizer gel pelembab wajah,hyaluronic acid vitamin,"membantu melembapkan mencerahkan kulit, hyaluglow deep rich hydrating"
wardah exfoliating toner aha pha,wardah,toner,aha pha,exfoliating
wardah renew you treatment essence,wardah,essence,,renew you treatment
biore men scrub cool oil clear,biore men,scrub,,cool oil clear
viva cleansing cream cleanser wajah,viva,cream cleanser wajah,,cleansing
c4h6n4o3 alantoin allantoin,c4h6n4o3,,alantoin allantoin,
cremophor rh hydrogenated castor oil,,,"hydrogenated castor oil, cremophor rh",
elizabeth arden prevage anti - aging moisturizer cream spf30,elizabeth arden,moisturizer cream,,"prevage anti - aging, spf30"
adleeva brightening cream daylight night,adleeva,cream,,"daylight night, brightening"
avoskin hydrating treatment essence,avoskin,essence,,hydrating treatment
elvicto bright scrub wash face,elvicto,scrub wash face,,bright
viva milk cleanser lemon berminyak kotoran,viva,cleanser,"milk, lemon",berminyak kotoran
natur e advanced soft intensive firming serum memperbaiki mnutrisi kulit astaxanthin vitamin,natur e,serum,astaxanthin vitamin,"intensive firming, advanced soft, memperbaiki mnutrisi kulit"
nature republic fresh aloe cleansing foam,nature republic,foam,aloe,"cleansing, fresh"
somethinc calm down skinpair cleanser,somethinc,cleanser,,calm down skinpair
etonne calendula,etonne,,calendula,
the originote cica soothing essence toner,the originote,essence toner,cica,soothing
oasea white,oasea,,,white
la roche posay oil control uvmune,la roche posay,,,"oil control, uvmune"
crystallure supreme revitalizing rich cream,crystallure supreme,cream,,revitalizing rich
dexskin complete brightening,dexskin,,,complete brightening
hanasui flawless glow gentle cleanser,hanasui,gentle cleanser,,flawless glow
wardah bright peptide niacinamide hyperpigmentation expert night moisturizer,wardah,moisturizer,"niacinamide, peptide","bright, hyperpigmentation expert night"
neogen bio peel gauze peeling,neogen bio,peel gauze,,peeling
holika enprani wrinkle care pomegranate collagen stick,holika enprani,stick,pomegranate collagen,wrinkle care
uv fluid,,,fluid,uv
b erl gojicacteen treatment soothing gel moisturizer mask pelembab wajah,b erl,gel moisturizer mask pelembab wajah,,gojicacteen treatment soothing
tirtir ceramic cream,tirtir ceramic,cream,,
skintific hyaluronic acid barrier essence toner,skintific,essence toner,hyaluronic acid,barrier
ainie papaya brightening soap vitamin,ainie papaya,soap,vitamin,brightening
b erl skin key of brightening day cream night,b erl,cream,,"night, skin key of brightening day"
wardah vitamin c adenosine radiant charge gel moisturizer,wardah,gel moisturizer,vitamin c,adenosine radiant charge
safi age daily essence,safi,essence,,age daily
erha active glow,erha,,,active glow
2 nivea sunscreen face serum extra protect oil control spf50 pa sunblock tidak berminyak spf uv lightweight gel tekstur ringan cepat meresap no whitecast carnitine,2 nivea,"gel, sunblock, sunscreen face serum",carnitine,"tidak berminyak spf uv lightweight, no whitecast, extra protect oil control spf50 pa, tekstur ringan cepat meresap"
light wardah moisturizer cream niacinamide brightening pelembab wajah white facial night,wardah,"moisturizer cream, pelembab wajah",niacinamide,"light, white facial night, brightening"
hada labo ultimate white facial wash,hada labo,facial wash,,ultimate white
dexskin derma express salmon dna advance skin,dexskin derma express,,salmon dna,advance skin
tocobo collagen brightening eye gel cream,tocobo,gel cream,collagen,brightening eye
cnp laboratory propolis energy active ampule,cnp laboratory,,propolis,energy active ampule
elformula facial care daily gentle low ph cleanser peeling solution cerahydro barrier repair sunscreen spf,elformula,"sunscreen, cleanser",,"peeling solution cerahydro barrier repair, facial care daily gentle low ph, spf"
scarlett white jerawat day cream,scarlett,cream,,white jerawat day
ponds bright facial foam,ponds,facial foam,,bright
safi jerawat expert sebum control fluid toner wajah,safi,toner wajah,fluid,jerawat expert sebum control
safi age defy radiant day emulsion,safi,,emulsion,age defy radiant day
numbuzin blemish serum,numbuzin,blemish serum,,
renewal senka whip berry bright,senka whip,,berry,"bright, renewal"
sk ii essence,sk ii,essence,,
skintific ceramide barrier repair,skintific,,ceramide,barrier repair
kose white cleansing oil makeup remover batiste,kose,,,white cleansing oil makeup remover batiste
sk ii eye cream,sk ii,cream,,eye
skintific mugwort anti pores jerawat clay stick mask wajah untuk membersihkan pori,skintific,"mask wajah, clay stick",mugwort,"anti pores jerawat, untuk membersihkan pori"
elemis apricot toner,elemis,toner,apricot,
embryolisse moisturizer pelembab wajah untuk kulit kering,embryolisse,"moisturizer, pelembab wajah",,untuk kulit kering
hyaluronic acid sodium hyaluronate 50gram,,,hyaluronic acid sodium hyaluronate 50gram,
somethinc holyshield sunscreen mist spf46 pa,somethinc,"sunscreen, mist",,"spf46 pa, holyshield"
in one sunscreen bayi anak spf 50 pa skin barrier expert perlindungan kulit dari sinar uva uvb aman sensitif,in one,sunscreen,,bayi anak spf 50 pa skin barrier expert perlindungan kulit dari sinar uva uvb aman sensitif
caudalie smooth and glow,caudalie,,,smooth and glow
wardah brightening hydrating toner,wardah,toner,,brightening hydrating
pyunkang yul calming low ph foaming cleanser,pyunkang yul,foaming cleanser,,calming low ph
beauty of joseon green plum refreshing toner aha bha,beauty of joseon,toner,"aha bha, green plum",refreshing
glad2glow aha bha pha intensive peeling solution,glad2glow,,aha bha pha,intensive peeling solution
bio beauty lab blemish and pore clearing toner,bio beauty lab,toner,,blemish and pore clearing
emina bright prebiotic tranexamic acid brightening facial cleanser,emina,facial cleanser,prebiotic tranexamic acid,"bright, brightening"
lacoco bakuchiol essence,lacoco,essence,bakuchiol,
bhumi defense daily sunscreen,bhumi,sunscreen,,defense daily
glad2glow brow intense serum,glad2glow,serum,,brow intense
hadalabo gokujyun anti - aging serum,hadalabo gokujyun,serum,,anti - aging
glad2glow propolis hyaluronic acid barrier essence toner,glad2glow,essence toner,propolis hyaluronic acid,barrier
lilin lebah beeswax,beeswax,lilin lebah,,
innisfree blueberry rebalancing skin,innisfree,,blueberry,rebalancing skin
innisfree black tea youth enhancing lotion anti - aging untuk segarkan kulit lelah,innisfree,lotion,black tea,"anti - aging untuk segarkan kulit lelah, youth enhancing"
esther facial soap,esther,facial soap,,
perawatan mommies brightening hydrating,mommies,,,"perawatan, brightening hydrating"
natur e white bright glow radiant ultra light sun protection spf 45 pa sunscreen wajah tone up ringan melembabkan mencerahkan kulit vitamin gluthatione niacinamide,natur e,sunscreen wajah tone up,vitamin gluthatione niacinamide,"ringan melembabkan mencerahkan kulit, white bright glow radiant ultra light sun protection spf 45 pa"
dexskin derma express hydrating essence,dexskin derma express,essence,,hydrating
beauty of joseon ginseng moisturizer serum,beauty of joseon,"moisturizer, serum",ginseng,
sk ii skinpower essence,sk ii,essence,,skinpower
viva body painting remover,viva,,,body painting remover
benton green tea serum,benton,serum,green tea,
aizen jerawat barrier triple,aizen,,,jerawat barrier triple
isntree hyaluronic acid gel cream,isntree,gel cream,hyaluronic acid,
safi white natural anti jerawat cleanser tea tree,safi,cleanser,tea tree,white natural anti jerawat
noblesse facial foam cleansing,noblesse,facial foam,,cleansing
clean clear oil control,clean clear,,,oil control
erha brightening day cream,erha,cream,,brightening day
watsons face massager,watsons,,,face massager
simple kind to skin moisturising facial wash,simple kind to skin,facial wash,,moisturising
clinelle calm care cleanser,clinelle,cleanser,,calm care
somethinc jerawat treatment salicylic acid serum,somethinc,serum,salicylic acid,jerawat treatment
labore sensitive soothing mist,labore,mist,,"sensitive, soothing"
wardah hydra rose gel to foam cleanser,wardah,gel to foam cleanser,rose,hydra
safi age defy foam cleanser deep exfoliator,safi,foam cleanser,,"age defy, deep exfoliator"
neogen bio peel gauze peeling,neogen bio,peel gauze,,peeling
b erl brighthening essence treatment mencerahkan niacinamide extract flower,b erl,essence,niacinamide extract flower,"brighthening, treatment mencerahkan"
cetaphil cleanser,cetaphil,cleanser,,
pyunkang yul essence toner,pyunkang yul,essence toner,,
dermaster hydrating ultimate glow,dermaster,,,hydrating ultimate glow
gatsby cooling face wash clean,gatsby,face wash,,"clean, cooling"
gatsby cooling face wash triple porefection,gatsby,face wash,,"triple porefection, cooling"
skintific aha bha pha lha peeling solution,skintific,,aha bha pha lha,peeling solution
wardah amino gel cleanser vitamin c sabun cuci wajah low ph untuk kulit kusam dry kering senstive face wash membersihkan mencerahkan melembapkan sensitive,wardah,"gel cleanser, face wash, sabun cuci wajah","vitamin c, amino","membersihkan mencerahkan melembapkan sensitive, low ph untuk kulit kusam dry kering senstive"
cosrx low ph morning gel cleanser,cosrx,gel cleanser,,"low ph, morning"
bhumi multi targeted natural adoring face oil,bhumi,,,multi targeted natural adoring face oil
innisfree green tea amino hydrating cleansing foam,innisfree,foam,green tea amino,hydrating cleansing
esther serum wajah kulit aging,esther,serum wajah,,kulit aging
lagom cellus revive essence toner,lagom,essence toner,,cellus revive
elemis collagen eye revive mask mata,elemis,mask,collagen,"eye revive, mata"
erha agec day cream pelembab wajah,erha,cream pelembab wajah,,agec day
wardah day moisturizer,wardah,moisturizer,,day
skintific dark spot eraser serum,skintific,serum,eraser,dark spot
skintific day light sunscreen mist spf 50 pa,skintific,sunscreen mist,,"day light, spf 50 pa"
skintific dark spot eraser serum,skintific,serum,eraser,dark spot
erha age corrector aha bha red algae facial wash,erha,facial wash,aha bha red algae,age corrector
animate salmon dna glowing gel,animate,gel,salmon dna,glowing
elizabeth arden prevage anti - aging daily serum,elizabeth arden,serum,,prevage anti - aging daily
dermaster,dermaster,,,
glad2glow peach retinol moisturizer,glad2glow,moisturizer,peach retinol,
emina spf 50 pa cica jerawat fighter sunscreen,emina,sunscreen,cica,"jerawat fighter, spf 50 pa"
anessa,anessa,,,
glad2glow apricot glycolic acid exfoliating smooth peeling gel,glad2glow,gel,apricot glycolic acid,exfoliating smooth peeling
banana boat simply protect moisturizer uv sunscreen lotion spf 50 pa,banana boat,"sunscreen lotion, moisturizer",,"simply protect, uv, spf 50 pa"
nuxe rich cleansing gel,nuxe,gel,,rich cleansing
skinlife foaming facial wash,skinlife,foaming facial wash,,
numbuzin vitamin boosting essential toner,numbuzin,essential toner,vitamin,boosting
elizabeth arden skin renewal booster,elizabeth arden,,,skin renewal booster
tavi retinol peptide slow aging serum,tavi,serum,retinol peptide,slow aging
mustika ratu penyegar sari ketimun toner mask bengkoang,mustika ratu,toner mask,"bengkoang, sari ketimun",penyegar
tocobo essence,tocobo,essence,,
noblesse eye cream,noblesse,cream,,eye
glow lovely vitamin cream,glow lovely,cream,vitamin,
tocobo watery sun cream spf50 pa,tocobo,cream,,"spf50 pa, watery sun"
natur e white bright glow radiant face and body extra protection vitamin gluthatione niacinamide toner moisturizer serum sunscreen spf 45 pa,natur e,toner moisturizer serum sunscreen,vitamin gluthatione niacinamide,"spf 45 pa, white bright glow radiant face and body extra protection"
daily peeling serum kulit berminyak,,serum,,"daily peeling, kulit berminyak"
beneath bhumi sugar rush exfoliating serum,beneath bhumi,serum,,sugar rush exfoliating
numbuzin deep clean fresh cream cleanser,numbuzin,cream cleanser,,deep clean fresh
aizen jerawat,aizen,,,jerawat
somethinc sunscreen spf 40 pa,somethinc,sunscreen,,spf 40 pa
erha21 erha facial wash oily skin sabun wajah kulit berminyak,"erha21, erha","sabun wajah, facial wash",,"oily skin, kulit berminyak"
glowlabs glow essence angkat sel kulit mati harian,glowlabs,essence,,"glow, angkat sel kulit mati harian"
pyunkang yul essence toner pad,pyunkang yul,essence toner pad,,
embryolisse lashes and brows booster,embryolisse,lashes and brows,,booster
tavi cica water break sun shield spf sunscreen wajah lightweight menyegarkan sunblock olahraga berenang,tavi,"sunscreen wajah, sunblock",cica,"water break sun shield spf, olahraga berenang, lightweight menyegarkan"
votre peau calendula hydrating face toner,votre peau,face toner,calendula,hydrating
acnes uv,,,,acnes uv
safi age defy essence,safi,essence,,age defy
the originote jerawat serum,the originote,serum,,jerawat
emina uv gel spf 50,emina,gel,,"uv, spf 50"
implora serum,implora,serum,,
innisfree black tea youth enhancing cream wajah perawatan,innisfree,cream wajah,black tea,"youth enhancing, perawatan"
numbuzin firming cream,numbuzin,cream,,firming
dexskin derma express whiteten jelly booster,dexskin derma express,jelly booster,,whiteten
beauty of joseon sunscreen aqua fresh rice,beauty of joseon,sunscreen,"aqua, rice",fresh
innisfree vitamin c green tea brightening cream,innisfree,cream,vitamin c green tea,brightening
viva sunscreen foundation tabir surya untuk melindungi kulit uv filter,viva,sunscreen foundation tabir surya,,untuk melindungi kulit uv filter
isntree green tea,isntree,,green tea,
heimish clean foam,heimish,foam,,clean
esther jerawat toner,esther,toner,,jerawat
erha acneact anti jerawat serum,erha,serum,,acneact anti jerawat
haruharu black rice soft peeling gel,haruharu,gel,black rice,soft peeling
caudalie vinopure salicylic spot solution cream jerawat,caudalie vinopure,cream,salicylic,"spot solution, jerawat"
dermaster lavijue wrinkle care serum clabiane derm cream,"dermaster lavijue, clabiane","serum, derm cream",,wrinkle care
viva moisturizer cream,viva,moisturizer cream,,
kose suncut uv milk spf50 pa sunscreen,kose,sunscreen,milk,"spf50 pa, suncut uv"
wardah renew you anti - aging eye cream,wardah,cream,,renew you anti - aging eye
fair and lovely vitamin,fair and lovely,,vitamin,
d alba essence sun cream,d alba,essence sun cream,,
adleeva brightening night cream malam,adleeva,cream,,"malam, brightening night"
vitamin b5 panthenol,,,"vitamin b5, panthenol",
skintific dark spot eraser serum pencerah wajah penghilang flek hitam anti noda,skintific,serum,eraser,"dark spot, anti noda, pencerah wajah penghilang flek hitam"
jumiso cream centella,jumiso,cream,centella,
wardah uv shield jerawat calming sunscreen serum spf50 pa,wardah,sunscreen serum,,"spf50 pa, uv shield jerawat calming"
ponds bright niasorcinol night serum,ponds,serum,niasorcinol,"bright, night"
bio essence moisturizer,bio,"moisturizer, essence",,
d alba mild skin balancing toner,d alba,toner,,mild skin balancing
dermies max dark circle correction treatment,dermies max,,,dark circle correction treatment
esther radiant day cream wajah pagi kulit kusam,esther,cream wajah,,"pagi kulit kusam, radiant day"
elemis collagen rose cleansing balm cleanser wajah,elemis,balm cleanser wajah,collagen rose,cleansing
kose white cleansing oil makeup remover,kose,,,"makeup remover, white cleansing oil"
diri essentials jerawat serum 2 bha niacinamide zinc mengurangi bekas wajah,diri,"serum, essentials","2 bha, niacinamide zinc","jerawat, mengurangi bekas wajah"
isntree green tea,isntree,,green tea,
elizabeth arden advance light ceramide capsules strengthening serum,elizabeth arden,"serum, capsules",ceramide,"strengthening, advance light"
skin sake hypochlorous acid spray hocl anti bakteri yang efektif membunuh penyebab jerawat membantu meredakan eksim serta iritasi kulit,skin sake,spray,"hypochlorous acid, hocl","penyebab jerawat membantu meredakan eksim serta iritasi kulit, anti bakteri yang efektif membunuh"
finally found you soy clear brightening dark spot serum mencerahkan noda hitam untuk semua jenis kulit,finally found you soy,serum,,"mencerahkan noda hitam untuk semua jenis kulit, clear brightening dark spot"
bragg apple toner wajah,bragg,toner wajah,apple,
jumiso hyaluronic acid sunscreen,jumiso,sunscreen,hyaluronic acid,
natur e advanced age re juve glow intensive white bright radiant ultra light sun protection spf 45 pa,natur e,,,advanced age re juve glow intensive white bright radiant ultra light sun protection spf 45 pa
hayylife pinset jerawat komedo blackhead remover,hayylife,pinset,,"blackhead remover, jerawat komedo"
nivea men extra bright dark spot facial foam roll on,nivea men,"facial foam, roll on",,extra bright dark spot
abib sunstick protection,abib,sunstick,,protection
jumiso snail mucin peptide facial essence,jumiso,facial essence,"snail mucin, peptide",
esther jerawat skin,esther,,,jerawat skin
skin tonic,,skin tonic,,
clinelle purifying pore essence,clinelle,essence,,purifying pore
facetology triple care sunscreen spf50 pa,facetology,sunscreen,,"spf50 pa, triple care"
votre peau niacinamide booster ampoule,votre peau,,niacinamide,booster ampoule
anua heartleaf quercetinol pore deep cleansing foam,anua,foam,heartleaf quercetinol,pore deep cleansing
viva milk cleanser green tea facial wajah,viva,"facial wajah, cleanser","milk, green tea",
skintific ceramide soothing toner,skintific,toner,ceramide,soothing
serum glowing skin barrier repair rose gel,,"gel, serum",rose,glowing skin barrier repair
numbuzin skin softening serum,numbuzin,serum,,skin softening
aizen divine face cleanser sabun wajah khusus kulit sensitif mudah jerawat wash,aizen divine,"face cleanser, wash, sabun wajah",,khusus kulit sensitif mudah jerawat
esther retinol serum acid extract tranexamic essence kusam pencerah,esther,"serum, essence","retinol, acid extract tranexamic",kusam pencerah
aizen scar barrier sun triple bekas jerawat skin,aizen,,,"bekas jerawat skin, scar barrier sun triple"
erha glow,erha,,,glow
erha21 erha balancing toner untuk semua jenis kulit,"erha21, erha",toner,,"untuk semua jenis kulit, balancing"
judydoll sun defense moisturizer light,judydoll,moisturizer,,"light, sun defense"
elformula cerahydro barrier repair moisturizer cream,elformula,moisturizer cream,,cerahydro barrier repair
tavi shield mist setting spray makeup,tavi,mist setting spray makeup,,shield
pyunkang yul black tea cream,pyunkang yul,cream,black tea,
d savior dark spot serum noda hitam,d savior,serum,,"dark spot, noda hitam"
esther peeling cream,esther,cream,,peeling
the originote astachiol serum,the originote,serum,astachiol,
biore mens scrub white,biore mens,scrub,,white
ms glow penghilang flek hitam bopeng,ms glow,,,penghilang flek hitam bopeng
caudalie hyaluronic serum,caudalie,serum,hyaluronic,
charis madecassoside cica cream,charis,cream,madecassoside cica,
somethinc omega deep cleansing balm untuk makeup remover kulit bersih lembap,somethinc,balm,omega,"deep cleansing, untuk makeup remover kulit bersih lembap"
felinz lash brow serum,felinz,lash brow serum,,
hada labo ultimate anti - aging milk,hada labo,,milk,ultimate anti - aging
hanasui flawless glow 10 day cream,hanasui,cream,,flawless glow 10 day
emina face mask grape seed olive,emina,face mask,grape seed olive,
skintific day light sunscreen mist spf 50 pa,skintific,sunscreen mist,,"day light, spf 50 pa"
safi age defy cream cleanser deep moisturer,safi,"cream cleanser, moisturer",,"deep, age defy"
pyunkang yul essence toner,pyunkang yul,essence toner,,
azarine cicamide barrier sunscreen moisturizer spf35 pa sp35,azarine,sunscreen moisturizer,"sp35, cicamide","barrier, spf35 pa"
rose day brightening dark spot toner,rose day,toner,,brightening dark spot
from this island mangosteen brightening serum,from this island,serum,mangosteen,brightening
b erl peeling solution apple serum exfoliating aha bha pha glycolic acid,b erl,serum,"aha bha pha glycolic acid, apple","peeling solution, exfoliating"
avoskin shield of sun essence spf 50 pa,avoskin,essence,,"shield of sun, spf 50 pa"
mary may niacinamide chaenomeles sinesis serum,mary may,serum,niacinamide chaenomeles sinesis,
pyunkang yul calming deep moisturizer toner,pyunkang yul,moisturizer toner,,calming deep
abib essence,abib,essence,,
dexskin derma express jerawat skin refine cleanser,dexskin derma express,cleanser,,jerawat skin refine
innisfree green tea seed hyaluronic serum wajah essence,innisfree,serum wajah essence,green tea seed hyaluronic,
anua heartleaf soothing toner,anua,toner,heartleaf,soothing
bhumi glacier water calming cleanser,bhumi,cleanser,,glacier water calming
2 nivea men face scrub bright oil clear pore minimizing sabun cuci wajah pria mencerahkan minyak berlebih berminyak kulit kusam mengecilkan pori komedo vitamin c,2 nivea men,"sabun cuci wajah pria, face scrub",vitamin c,"bright oil clear pore minimizing, mencerahkan minyak berlebih berminyak kulit kusam mengecilkan pori komedo"
emina bright niacinamide ceramide brightening facial cleanser,emina,facial cleanser,"niacinamide, ceramide","bright, brightening"
poise anti jerawat facial foam,poise,facial foam,,anti jerawat
la roche posay foaming gel cleanser facial wash kulit,la roche posay,foaming gel cleanser facial wash,,kulit
studio tropik pa peach skin pretty filter,studio tropik,,peach,"pa, skin pretty filter"
cosrx aloe soothing sun cream spf 50 pa,cosrx,cream,aloe,"soothing sun, spf 50 pa"
l oreal glycolic bright glowing daily cleanser foam,l oreal,cleanser foam,glycolic,bright glowing daily
labore multi pigmentation brightening serum,labore,serum,,multi pigmentation brightening
neogen bio peel gauze peeling lemon,neogen bio,peel gauze,lemon,peeling
nivea sunscreen face serum protect light feel spf50 pa sunblock cocok kulit sensitif spf uv lightweight tekstur ringan cepat meresap tidak lengket no whitecast,nivea,"sunblock, sunscreen face serum",,"protect light feel spf50 pa, cocok kulit sensitif spf uv lightweight tekstur ringan cepat meresap tidak lengket no whitecast"
somethinc renewal serum,somethinc,serum,,renewal
wardah glycolic acid maltobionic succinic peeling serum,wardah,serum,"succinic, maltobionic, glycolic acid",peeling
pyunkang yul jerawat toner,pyunkang yul,toner,,jerawat
heimish clean white clay foam,heimish,clay foam,,clean white
nivea men vitamin scrub extra bright sabun cuci wajah pria mencerahkan angkat sel kulit mati brightening kusam cleanser membersihkan pori polusi debu kotoran hyaluronic acid,nivea men,"sabun cuci wajah pria, scrub, cleanser","hyaluronic acid, vitamin","membersihkan pori polusi debu kotoran, mencerahkan angkat sel kulit mati brightening kusam, extra bright"
glow better effortless eye cream light,glow better,cream,,"effortless, light, eye"
wardah defense energizing creamy wash,wardah,creamy wash,,defense energizing
crystallure supreme advanced hydra gel,crystallure supreme,gel,,advanced hydra
erha age corrector facial wash,erha,facial wash,,age corrector
erha21 eternalips spf 20 pa,erha21,eternalips,,spf 20 pa
kahf triple protection sunscreen moisturizer,kahf,sunscreen moisturizer,,triple protection
kahf jerawat and pore cleanse scrub face wash,kahf,scrub face wash,,jerawat and pore cleanse
haruharu black bamboo mist,haruharu,bamboo mist,black,
garnier men acno fight anti jerawat foam,garnier men,foam,,acno fight anti jerawat
caudalie beauty,caudalie,,,beauty
skintific retinol skin renewal serum,skintific,serum,retinol,skin renewal
d alba white spray serum,d alba,spray serum,,white
l oreal glycolic bright glowing day cream spf17,l oreal,cream,glycolic,"bright glowing day, spf17"
abib heartleaf facial mist calming spray,abib,"spray, facial mist",heartleaf,calming
elformula daily gentle low ph facial cleanser wash intensive peeling solution,elformula,facial cleanser wash,,"daily gentle low ph, intensive peeling solution"
skintific niacinamide brightening serum,skintific,serum,niacinamide,brightening
haruharu black rice bakuchiol eye cream,haruharu,cream,black rice bakuchiol,eye
b erl peeling serum barrier moisturizer soothing gel calming,b erl,"gel, serum, moisturizer",,"peeling, soothing, calming, barrier"
long lasting sunscreen spray,,sunscreen spray,,long lasting
innisfree cherry blossom glow jelly cream mencerahkan untuk kulit kusam,innisfree cherry blossom,jelly cream,,"glow, mencerahkan untuk kulit kusam"
benton eyelash serum,benton,eyelash serum,,
wardah advanced solusi masalah kulit moisturizer day cream serum lightening bright renew you rose defense,wardah,"cream serum, moisturizer",rose,"day, defense, lightening bright renew you, advanced solusi masalah kulit"
aizen barrier sun combo skin protect,aizen,,,barrier sun combo skin protect
avoskin deep body cleanser,avoskin,deep body cleanser,,
mary may cordata tea tree cleansing foam,mary may,foam,cordata tea tree,cleansing
caudalie dark spot niacinamide moisturizer cream siang kulit bercahaya anti noda hitam,caudalie,moisturizer cream,niacinamide,"dark spot, siang kulit bercahaya anti noda hitam"
dorskin cica gentle cleanser,dorskin,gentle cleanser,cica,
nutrishe acid exfoliating serum,nutrishe,serum,acid,exfoliating
azarine hydrasoothe sunscreen gel spf45 untuk kulit berminyak semua jenis,azarine,sunscreen gel,,"spf45 untuk kulit berminyak semua jenis, hydrasoothe"
kose speedy cleansing oil makeup remover,kose,,,"speedy cleansing oil, makeup remover"
wardah renew you treatment essence menghidrasi kulit wajah,wardah,essence,,"menghidrasi kulit wajah, renew you treatment"
scarlett white jerawat essence toner,scarlett,essence toner,,white jerawat
lagom white moisturizer cream,lagom,moisturizer cream,,white
dermaster lavijue wrinkle care serum clabiane ultra daily sunscreen,"dermaster lavijue, clabiane","serum, sunscreen",,"ultra daily, wrinkle care"
safi white expert cleanser toner,safi,cleanser toner,,white expert
glowlabs soothe and shoot spf,glowlabs,,,"soothe and shoot, spf"
caudalie resveratrol lift firming serum anti - aging,caudalie,serum,resveratrol,"lift firming, anti - aging"
alpha arbutin powder,,,alpha arbutin powder,
medicin medicated,,medicin,,medicated
ultima ii clear white anti - aging face essence,ultima ii,face essence,,"anti - aging, clear white"
torriden skin booster,torriden,,,skin booster
jumiso soothing cica aloe essence toner,jumiso,essence toner,cica aloe,soothing
isntree hyaluronic acid toner,isntree,toner,hyaluronic acid,
elvicto parfum,elvicto,parfum,,
heimish rose tone up sunscreen,heimish,tone up sunscreen,rose,
emina water calming gel,emina,gel,,water calming
avoskin retinol ampoule,avoskin,,retinol,ampoule
elformula mugwort soothing sun gel spf 40 pa mencerahkan wajah kusam hyaluronic niacinamide extract facial,elformula,"extract facial, gel","mugwort, hyaluronic niacinamide","spf 40 pa mencerahkan wajah kusam, soothing sun"
jumiso hyaluronic acid cream,jumiso,cream,hyaluronic acid,
elvicto men toner wajah pria membantu memudarkan kulit kusam hydrating brightening penyeimbang ph glowing white,elvicto men,toner wajah pria,,"white, membantu memudarkan kulit kusam hydrating brightening penyeimbang ph glowing"
pyunkang yul calming sun cream spf 50 pa,pyunkang yul,cream,,"calming sun, spf 50 pa"
l oreal uv defender serum protector sunscreen resist spf 50 pa,l oreal,defender serum protector sunscreen,,"uv, resist spf 50 pa"
mother of pearl gel sunscreen spf 50 pa,mother of pearl,"gel, sunscreen",,spf 50 pa
skin sake retinol cream polyglutamic acid,skin sake,cream,"retinol, polyglutamic acid",
avoskin vitamin c wrinkle balm moisturizing stick,avoskin,"stick, balm",vitamin c,"wrinkle, moisturizing"
esther serum,esther,serum,,
natur e white bright glow radiant miracle booster serum wajah vitamin niacinamide glutathione olive mencerahkan memperbaiki kulit,natur e,serum wajah,vitamin niacinamide glutathione olive,"white bright glow radiant miracle booster, mencerahkan memperbaiki kulit"
b erl mencerahkan melembabkan perawatan wajah pelembab niacinamide lightening facial serum moisturizer,b erl,"moisturizer, facial serum, pelembab",niacinamide,"lightening, mencerahkan melembabkan perawatan wajah"
ponds age miracle wrinkle corrector day cream spf18,ponds,cream,,"age miracle wrinkle corrector day, spf18"
skin light soap,,soap,,skin light
omg oh my glow bright booster moisturizer,omg oh my glow,moisturizer,,bright booster
innisfree long lasting sunscreen spf50 pa,innisfree,sunscreen,,"spf50 pa, long lasting"
safi white expert day cream spf15,safi,cream,,"white expert day, spf15"
ponds pure bright facial foam,ponds,facial foam,,pure bright
some mi aha bha pha 30 days miracle cream,some mi,cream,aha bha pha,30 days miracle
numbuzin glossy essence serum,numbuzin,essence serum,,glossy
restorative protective cream,,cream,,restorative protective
innisfree orchid toner,innisfree,toner,orchid,
erha ultimate radiance face,erha,,,ultimate radiance face
numbuzin clear filter essence,numbuzin,essence,,clear filter
erha glow rejuvenation facial dna salmon retinol brightening hyaluronic repair,erha,facial,"dna salmon retinol, hyaluronic","repair, brightening, glow rejuvenation"
cosrx salicylic acid daily cleanser,cosrx,cleanser,salicylic acid,daily
skin game hydrating facial wash,skin game,facial wash,,hydrating
nivea men extra bright vitamin face scrub,nivea men,face scrub,vitamin,extra bright
abib essence calming drop,abib,essence,,calming drop
beauty of joseon sunscreen rice probiotics,beauty of joseon,sunscreen,rice probiotics,
viva milk cleanser bengkuang membersihkan wajah untuk kulit normal,viva,cleanser,"milk, bengkuang",membersihkan wajah untuk kulit normal
esther moisturizer gel,esther,moisturizer gel,,
biore pore,biore,,,pore
adleeva moisturizer gel cream,adleeva,"moisturizer, gel cream",,
kose deep cleansing oil makeup remover cleanser,kose,,,deep cleansing oil makeup remover cleanser
esther sun cream tabir surya wajah,esther,sun cream tabir surya wajah,,
dermies facial jerawat comedo extraction,dermies,facial,,jerawat comedo extraction
elizabeth arden brightening cicaglow,elizabeth arden,,cicaglow,brightening
numbuzin cica ceramide repair cream,numbuzin,cream,cica ceramide,repair
avoskin miraculous refining serum,avoskin,serum,,miraculous refining
avoskin hydrating treatment essence,avoskin,essence,,hydrating treatment
glad2glow pomegranate niacinamide brightening toner,glad2glow,toner,pomegranate niacinamide,brightening
tavi shield mist,tavi,mist,,shield
emina high res bright glow sphere serum,emina,sphere serum,,high res bright glow
cerave hydrating foaming oil facial cleanser,cerave,foaming oil facial cleanser,,hydrating
ultima ii hydrating serum,ultima ii,serum,,hydrating
anessa day serum spf50 pa,anessa,serum,,"day, spf50 pa"
5 calm little fairy remaja untuk kulit sensitif kemerahan,little fairy,,,"remaja untuk kulit sensitif kemerahan, 5 calm"
serum wajah lebih mencerahkan gllowing skin,,serum wajah,,lebih mencerahkan gllowing skin
roro mendut sleeping mask glow anti - aging,roro mendut,sleeping mask,,glow anti - aging
scarlett jerawat serum tea tree salicyclic acid liquorice,scarlett,serum,"tea tree, salicyclic acid liquorice",jerawat
jf anti jerawat cleanser,jf,cleanser,,anti jerawat
sk ii ultimate perfecting eye cream,sk ii,cream,,ultimate perfecting eye
npure licorice bring the light cleanser,npure,cleanser,licorice,bring the light
klairs supple preparation facial toner,klairs,facial toner,,supple preparation
glad2glow pomegranate niacinamide brightening moisturizer,glad2glow,moisturizer,"pomegranate, niacinamide",brightening
mary may peptide bakuchiol sun stick spf50 pa,mary may,sun stick,peptide bakuchiol,spf50 pa
parasol sunscreen gel,parasol,sunscreen gel,,
lagom mist toner,lagom,mist toner,,
innisfree retinol cica moisturizer recovery serum,innisfree,moisturizer recovery serum,retinol cica,
shizengokochi facial soap green tea,shizengokochi,facial soap,green tea,
esther retinol cica,esther,,retinol cica,
innisfree bija trouble cleansing foam cleanser,innisfree,foam cleanser,bija,trouble cleansing
isntree hyaluronic acid watery sun gel spf50 pa,isntree,gel,hyaluronic acid,"spf50 pa, watery sun"
tocobo ceramide cream,tocobo,cream,ceramide,
esther brightening eye serum 0 ampul mata,esther,serum,,"0 ampul mata, brightening eye"
neogen bio peel gauze pad,neogen bio,peel gauze pad,,
avoskin serum,avoskin,serum,,
viva face tonic bengkuang pembersihan penyegar,viva,face tonic,bengkuang,pembersihan penyegar
viva face tonic spirulina biru penyegar,viva,face tonic,spirulina biru,penyegar
viva milk cleanser lemon berminyak facial,viva,cleanser,"milk, lemon",berminyak facial
sk ii skinpower essence,sk ii,essence,,skinpower
aizen brightening barrier,aizen,,,brightening barrier
somethinc acnedot treatment low ph cleanser,somethinc,cleanser,,acnedot treatment low ph
votre peau sunscreen spf 50 pa ultra light weight niacinamide centella asiatica,votre peau,sunscreen,"niacinamide, centella asiatica",spf 50 pa ultra light weight
lagom gel cleanser,lagom,"gel, cleanser",,
wardah glow toner ceramide aquaporin95 meningkatkan hidrasi memperbaiki skin barrier,wardah,toner,ceramide aquaporin95,"glow, meningkatkan hidrasi memperbaiki skin barrier"
elemis dynamic resurfacing facial pads kapas exfoliating,elemis,"kapas, facial pads",,"exfoliating, dynamic resurfacing"
beplain bean ph balanced cleansing foam,beplain,foam,bean,ph balanced cleansing
erha ultracalm face serum,erha,serum,,ultracalm face
nutrishe jerawat blemish advanced serum,nutrishe,serum,,jerawat blemish advanced
wardah uv shield airy smooth sunscreen serum spf 50 pa lightening concealer base make up wajah terlindungi noda hitam bekas jerawat tertutupi,wardah,"concealer, sunscreen serum",,"spf 50 pa lightening, base make up wajah terlindungi noda hitam bekas jerawat tertutupi, uv shield airy smooth"
somethinc sunscreen spf 40 pa,somethinc,sunscreen,,spf 40 pa
labore sensitive physical sunscreen spf 50 pa,labore,sunscreen,,"physical, sensitive, spf 50 pa"
beauty of joseon ginseng essence,beauty of joseon,essence,ginseng,
diri essentials prepme daily toner lactic acid citric niacinamide mencerahkan wajah kusam untuk semua jenis kulit,diri,"toner, essentials","citric niacinamide, lactic acid","mencerahkan wajah kusam untuk semua jenis kulit, prepme daily"
numbuzin deep clean fresh cream cleanser,numbuzin,cream cleanser,,deep clean fresh
dermaster hydrating wrinkle care,dermaster,,,hydrating wrinkle care
skintific niacinamide brightening cleanser,skintific,cleanser,niacinamide,brightening
skin aqua moisturizer milk spf 50,skin aqua,moisturizer,milk,spf 50
viva cream pelembab wajah uv filter vitamin e,viva,cream pelembab wajah,vitamin e,uv filter
peg 40 hydrogenated castor oil,peg 40,,castor oil,hydrogenated
elformula intensive peeling solution mugwort soothing sun gel spf 40 pa,elformula,"peeling, gel",mugwort,"intensive, solution, soothing sun, spf 40 pa"
cerave hydrating cleanser,cerave,cleanser,,hydrating
fair lovely vitamin c glow,fair lovely,,vitamin c,glow
kanebo lotion,kanebo,lotion,,
allura oil control mild cleanser foam,allura,cleanser foam,,oil control mild
face serum retinol anti - aging,,face serum,retinol,anti - aging
holika aloe waterproof sun cream,holika,sun cream,aloe,waterproof
moisturizer avoskin multi herbs cooling effect,avoskin,moisturizer,multi herbs,cooling effect
bio essence renew radiant youth facial oil,bio essence,,,renew radiant youth facial oil
romano perawatan daily use essential,romano,essential,,perawatan daily use
ms glow white pencerah glowing,ms glow,,,"white, pencerah glowing"
diri essentials jerawat kulit sensitif,diri,essentials,,"jerawat, kulit sensitif"
pyunkang yul calming moisturizer mist,pyunkang yul,moisturizer mist,,calming
baby pink brightening facial wash,baby pink,facial wash,,brightening
pigeon teens facial foam remaja wajah,pigeon teens,facial foam,,remaja wajah
elemis collagen cream pelembab wajah,elemis,cream pelembab wajah,collagen,
elemis collagen skin protection spf 50 sunscreen wajah,elemis,sunscreen wajah,collagen,"spf 50, skin protection"
npure licorice brigthening glowing,npure,,licorice,brigthening glowing
klairs preparation facial toner,klairs,facial toner,,preparation
caudalie purifying toner anti jerawat,caudalie,toner,,"purifying, anti jerawat"
elizabeth arden ceramide daily youth restoring face serum,elizabeth arden,face serum,ceramide,daily youth restoring
skintific retinol skin renewal serum wajah untuk mengurangi kerutan garis halus anti - aging,skintific,serum wajah,retinol,"untuk mengurangi kerutan garis halus, anti - aging, skin renewal"
wardah light low ph niacinamide hyaluronic zinc facial foam,wardah,facial foam,niacinamide hyaluronic zinc,light low ph
b erl mencerahkan anti ribet facia wash lightening facial serum essence,b erl,"facia wash, essence, facial serum",,"lightening, mencerahkan anti ribet"
somethinc body care perawatan tubuh,somethinc,body care,,perawatan tubuh
jumiso pore purifying salicylic acid foaming cleanser,jumiso,foaming cleanser,salicylic acid,pore purifying
mary may blackberry cream essence,mary may,cream essence,blackberry,
aizen barrier sun,aizen,,,barrier sun
glowing luxury intense lightening moisturizer sunscreen untuk mencerahkan wajah,,moisturizer sunscreen,,"untuk mencerahkan wajah, glowing luxury, intense lightening"
somethinc glow aha bha pha clarifying treatment toner exfoliating untuk angkat sel kulit mati lebih glowing,somethinc,toner,aha bha pha,"glow, exfoliating untuk angkat sel kulit mati lebih glowing, clarifying treatment"
innisfree green tea seed hyaluronic cream wajah moisturizer,innisfree,cream wajah moisturizer,green tea seed hyaluronic,
sk ii men facial treatment essence,sk ii men,essence,,facial treatment
wardah hyaluron pentavitin deep water restore gel moisturizer,wardah,gel moisturizer,hyaluron pentavitin,deep water restore
aizen sun,aizen,,,sun
innisfree black tea youth enhancing skin toner anti - aging untuk segarkan kulit lelah,innisfree,toner,black tea,"youth enhancing skin, anti - aging untuk segarkan kulit lelah"
implora ceramide skin barrier moisturizing gel,implora,gel,ceramide,skin barrier moisturizing
beneath bhumi essence,beneath bhumi,essence,,
bioderma spf30,bioderma,,,spf30
nature aloe fresh sun stick spf50,nature,sun stick,aloe,"spf50, fresh"
emina uv gel spf 50 pa,emina,gel,,"uv, spf 50 pa"
innisfree vitamin c green tea enzyme brightening serum,innisfree,serum,vitamin c green tea enzyme,brightening
ponds ultra light gel hydrating moisturizer cera hyamino,ponds,"gel, moisturizer",cera hyamino,"ultra light, hydrating"
labore sensitive physical sunscreen,labore,sunscreen,,"physical, sensitive"
sheetmasks elformula antiox serum cerahydro barrier repair moisturizer gel,elformula,"moisturizer gel, serum, sheetmasks",,"cerahydro barrier repair, antiox"
collab tavi labore cica sun shield gel oil staining lip barrier revive cream,collab tavi labore,"gel, cream",cica,"barrier revive, sun shield, oil staining lip"
dear me beauty skin barrier physical sunscreen spf 50 pa,dear me beauty,sunscreen,,"skin barrier physical, spf 50 pa"
skin game watery moisturizer pelembab wajah untuk barrier kulit berminyak,"watery, skin game",moisturizer pelembab wajah,,untuk barrier kulit berminyak
wardah uv shield aqua fresh essence spf 50 pa,wardah,essence,,"uv shield aqua fresh, spf 50 pa"
safi essence pelembab kulit wajah,safi,essence pelembab,,kulit wajah
somethinc,somethinc,,,
benton snail bee high content steam cream,benton,cream,snail bee,high content steam
caudalie instant foaming cleanser sabun wajah,caudalie,cleanser sabun wajah,,instant foaming
caudalie moisturizing routine essentials,caudalie,essentials,,moisturizing routine
amaterasun brightening sunscreen spf 50 pa,amaterasun,sunscreen,,"brightening, spf 50 pa"
caudalie face mist,caudalie,face mist,,
vitamin b5 panthenol,,,"vitamin b5, panthenol",
d alba white spray serum,d alba,spray serum,,white
somethinc omega deep cleansing balm,somethinc,balm,omega,deep cleansing
some mi aha bha pha 30 days miracle serum,some mi,serum,aha bha pha,30 days miracle
rose day moisturizer,rose day,moisturizer,,
glad2glow pomegranate niacinamide,glad2glow,,"pomegranate, niacinamide",
allura cera peptinol night moisturizer,allura,moisturizer,cera peptinol,night
ultima ii hydrating foaming cleanser,ultima ii,foaming cleanser,,hydrating
dermies max instant glow treatment,dermies max,,,instant glow treatment
gatsby facial wash,gatsby,facial wash,,
aizen brightening skin repair barrier ceramide moisturizer hydrating,aizen,moisturizer,ceramide,"brightening skin repair barrier, hydrating"
innisfree retinol cica moisturizer recovery serum,innisfree,moisturizer recovery serum,retinol cica,
esther intensive day cream pagi kulit aging,esther,cream,,"pagi kulit aging, intensive day"
betadine cleanser,betadine,cleanser,,
beneath peaceful skin,beneath,,,peaceful skin
natur e clear and calm ceraglow skin barrier calming serum moisturizer gel melembabkan wajah ceramide,natur e,serum moisturizer gel,ceramide,"clear and calm ceraglow skin barrier calming, melembabkan wajah"
d alba white cream cleanser,d alba,cream cleanser,,white
heimish matcha amino jerawat cleansing foam,heimish,foam,"matcha, amino",jerawat cleansing
esther dna peptide anti - aging serum,esther,serum,dna peptide,anti - aging
skintific matte fit serum sunscreen spf50 pa,skintific,serum sunscreen,,"spf50 pa, matte fit"
erha age corrector skin renew,erha,,,age corrector skin renew
pyunkang yul ultimate calming solution cream,pyunkang yul,cream,,ultimate calming solution
aizen retinal repair cleanse cleanser cleansing anti - aging,aizen,cleanser,retinal,"repair cleanse, cleansing anti - aging"
labore sensitive barrier revive cream,labore,cream,,"barrier revive, sensitive"
innisfree green tea hyaluronic mist,innisfree,mist,green tea hyaluronic,
wardah nature daily aloe facial wash,wardah,facial wash,aloe,nature daily
nivea men vitamin scrub extra bright sabun cuci wajah pria mencerahkan angkat sel kulit mati brightening kusam facial wash cleanser membersihkan pori polusi debu kotoran hyaluronic acid,nivea men,"sabun cuci wajah pria, scrub, facial wash cleanser","hyaluronic acid, vitamin","membersihkan pori polusi debu kotoran, mencerahkan angkat sel kulit mati brightening kusam, extra bright"
skintific ceramide barrier moisturizer gel,skintific,moisturizer gel,ceramide,barrier
innisfree collagen green tea ceramide cream,innisfree,cream,collagen green tea ceramide,
implora luminous brightening serum,implora,serum,,luminous brightening
nivea men facial foam extra bright dark spot,nivea men,facial foam,,extra bright dark spot
jumiso day vitamin firming serum,jumiso,serum,vitamin,"day, firming"
esther serum,esther,serum,,
skintific ceramide serum sunscreen spf50 pa,skintific,serum sunscreen,ceramide,spf50 pa
skintific light serum sunscreen spf50 pa,skintific,serum sunscreen,,"spf50 pa, light"
pond white beauty cleansing milk,pond,,milk,white beauty cleansing
anessa uv sunscreen milk,anessa,sunscreen,milk,uv
hada labo shirojyun lotion,hada labo shirojyun,lotion,,
dermaster sunscreen gel ceramide,dermaster,"gel, sunscreen",ceramide,
leoleo perawatan wajah pria extra glowing facial wash scrub white face serum sunscreen uv filter spf 50 pa mencerahkan,leoleo,"facial wash scrub, serum sunscreen",,"white face, perawatan wajah pria extra glowing, uv filter spf 50 pa mencerahkan"
heimish matcha redness relief hydrating toner,heimish,toner,matcha,redness relief hydrating
innisfree hyaluronic moisturizer sunscreen spf50 pa untuk kulit kering,innisfree,moisturizer sunscreen,hyaluronic,spf50 pa untuk kulit kering
benton snaill bee eye patch,benton,patch,snaill bee,eye
metcovazin cream,metcovazin,cream,,
safi white expert replenishing night cream,safi,cream,,white expert replenishing night
ms glow men complite pencerah bersih pria,ms glow men,,,"complite pencerah bersih, pria"
dermaster daily brightening,dermaster,,,daily brightening
dermaster serum anti wrinkle brightening,dermaster,serum,,anti wrinkle brightening
viva milk cleanser cucumber berminyak facial wajah,viva,"wajah, cleanser","milk, cucumber",berminyak facial
atocalm daily cream,atocalm,cream,,daily
ponds white beauty facial foam,ponds,facial foam,,white beauty
roro mendut lulur spirulina kulit kusam kering bruntusan,roro mendut,lulur,spirulina,kulit kusam kering bruntusan
elizabeth arden prevage anti - aging overnight cream,elizabeth arden,cream,,prevage anti - aging overnight
skinlife foaming facial wash pump,skinlife,foaming facial wash pump,,
safi age defy renewal night cream,safi,cream,,age defy renewal night
wardah uv shield aqua fresh essence spf,wardah,essence,,"uv shield aqua fresh, spf"
hyaluronic acid sodium hyaluronate,,,hyaluronic acid sodium hyaluronate,
biore uv aqua rich watery essence spf50,biore,essence,,"spf50, uv aqua rich watery"
labore sensitive barrier revive cream,labore,cream,,"barrier revive, sensitive"
viva anti winkel cream,viva,cream,,anti winkel
hada labo tamagohada mild peeling make up remover face wash,hada labo tamagohada,face wash,,mild peeling make up remover
allura oil control mild pore cleanser foam,allura,cleanser foam,,oil control mild pore
acnes natural care face wash deep pore,acnes natural care,face wash,,deep pore
glad2glow vitamin c bright glow toner,glad2glow,toner,vitamin c,bright glow
emina bright face wash,emina,face wash,,bright
hada labo gokujyun,hada labo gokujyun,,,
esther clean wash sabun wajah kulit berminyak jerawat,esther,clean wash sabun wajah,,kulit berminyak jerawat
haruharu centella phyto peptide concentrate cream,haruharu,concentrate cream,"centella phyto, peptide",
innisfree men fresh lotion,innisfree,lotion,,men fresh
dermies max facial jerawat oily skin comedo extraction,dermies max,facial,,jerawat oily skin comedo extraction
light and bright lightening serum mencerahkan niacinamide,,serum,niacinamide,"lightening, light and bright, mencerahkan"
bhumi,bhumi,,,
skins sake glow essentials vitamin c hexylresorcinol hocl mist untuk mencerahkan kulit meratakan warna mengurangi bekas jerawat menenangkan sensitif tanpa iritasi,skins sake,"mist, essentials","hexylresorcinol hocl, vitamin c","glow, untuk mencerahkan kulit meratakan warna mengurangi bekas jerawat menenangkan sensitif tanpa iritasi"
diri essentials sunscreen spf 50 pa pelindung wajah dari sinar uv matahari,diri,"sunscreen, essentials",,spf 50 pa pelindung wajah dari sinar uv matahari
natur e advanced age rejuve glow intensive firming serum wajah menjaga elastisitas kulit astaxanthin vitamin perawatan menutrisi,natur e,serum wajah,astaxanthin vitamin,"advanced age rejuve glow intensive firming, perawatan menutrisi, menjaga elastisitas kulit"
numbuzin firming cream,numbuzin,cream,,firming
dermies max jerawat scar treatment,dermies max,,,jerawat scar treatment
b erl lightening facial serum mencerahkan perawatan wajah memudarkan flek hitam pencerah anti kusam,b erl,facial serum,,"lightening, mencerahkan perawatan wajah memudarkan flek hitam pencerah anti kusam"
sk ii facial treatment clear lotion,sk ii,lotion,,facial treatment clear
beauty of joseon revive eye cream ginseng retinal,beauty of joseon,revive eye cream,ginseng retinal,
beauty of joseon green plum refreshing cleanser,beauty of joseon,cleanser,green plum,refreshing
viva massage cream facial wajah,viva,cream facial wajah,,massage
somethinc calm down skinpair bubble cleanser facial untuk kulit sensitif sabun cuci wajah centella,somethinc,"bubble cleanser facial, sabun cuci wajah",centella,"untuk kulit sensitif, calm down skinpair"
senka low ph calming cica,senka,,cica,low ph calming
base daily renewal natural exfoliating,base daily,,,renewal natural exfoliating
aizen brightening cleanser cleansing,aizen,cleanser,,"brightening, cleansing"
forever young rivya rejuvenation cream backhousia facial wash,rivya,"facial wash, cream",backhousia,"forever young, rejuvenation"
wardah lightening exfoliator cleanser wajah scrub niacinamide,wardah,cleanser wajah scrub,niacinamide,"lightening, exfoliator"
erha light peeling face,erha,,,light peeling face
ultima ii absolutely flawless face mist,ultima ii,face mist,,absolutely flawless
brightening booster vitamin 3 alpha arbutin,,,vitamin 3 alpha arbutin,brightening booster
paper filter 02 white,,paper filter 02,,white
cleansing milk,,,milk,cleansing
cerave moisturising cream pump skin barrier repair moisturizer ceramide dry pelembap untuk kulit kering,cerave,"moisturizer, cream pump, pelembap",ceramide,"moisturising, dry, skin barrier repair, untuk kulit kering"
viva white advanced serum mencerahkan niacinamide vitamin,viva,serum,niacinamide vitamin,"white advanced, mencerahkan"
natur e face cream pelembab wajah ekstrak pomegranate vitamin membantu melembapkan menutrisi kulit,natur e,face cream pelembab wajah,ekstrak pomegranate vitamin,membantu melembapkan menutrisi kulit
aizen jerawat skin repair combo treatment,aizen,,,jerawat skin repair combo treatment
hanasui peeling serum,hanasui,serum,,peeling
nature soothing moisturizer aloe vera gel,nature,"gel, moisturizer",aloe vera,soothing
erha face lips,erha,face lips,,
aizen scar barrier,aizen,,,scar barrier
innisfree vitamin c tone up sunscreen spf50 pa mencerahkan wajah,innisfree,tone up sunscreen,vitamin c,spf50 pa mencerahkan wajah
viva milk cleanser facial wajah membersihkan,viva,cleanser facial wajah,milk,membersihkan
lore crystal soap jerawat skin sabun wajah,lore,"sabun wajah, crystal soap",,jerawat skin
erha jerawat cleanser scrub,erha,cleanser scrub,,jerawat
safi age defy serum,safi,serum,,age defy
viva cream extra care perawatan wajah pelembab mencerahkan vitamin a natural oil omega 3,viva,"cream, pelembab","omega 3, vitamin a","extra care perawatan wajah, natural oil, mencerahkan"
luxcrime ultra light sunscreen essence spf 50 pa,luxcrime,sunscreen essence,,"ultra light, spf 50 pa"
hayejin blessing of sprout vitality cream,hayejin,cream,,blessing of sprout vitality
caudalie brightening glycolic essence pencerah wajah,caudalie,essence,glycolic,"pencerah wajah, brightening"
glad2glow dark spot moisturizer,glad2glow,moisturizer,,dark spot
alantoin allantoin,,,alantoin allantoin,
isdin vital eyes,isdin,,,vital eyes
glad2glow vitamin c bright glow cleanser,glad2glow,cleanser,vitamin c,bright glow
martiderm night renew 30 ampoules,martiderm,,,night renew 30 ampoules
true to skin hyaluronic hydrating barrier serum,true to skin,serum,hyaluronic,hydrating barrier
innisfree tone up watering sunscreen spf50 pa,innisfree,"tone up, sunscreen",,"spf50 pa, watering"
avoskin miraculous refining toner,avoskin,toner,,miraculous refining
finally found you soy bright moisturizer primer makeup gel pelembab cream siang malam,finally found you soy,moisturizer primer makeup gel pelembab cream,,"bright, siang malam"
abib sedum hyaluron pad hydrating touch,abib,"pad, sedum",hyaluron,hydrating touch
pyunkang yul calming pore clear wash,pyunkang yul,,,calming pore clear wash
mary may hyaluronics serum,mary may,serum,hyaluronics,
esther toner,esther,toner,,
beauty of joseon glow rice milk,beauty of joseon,,rice milk,glow
pyunkang yul jerawat facial cleanser,pyunkang yul,facial cleanser,,jerawat
safi age defy youth,safi,,,age defy youth
amaterasun sunscreen spf 50 pa,amaterasun,sunscreen,,spf 50 pa
b erl berry jerawat treatment oil control cleanser facial sabun wajah mencerahkan,b erl,cleanser facial sabun wajah,berry,"mencerahkan, jerawat treatment oil control"
derma express triple cleansing,derma express,,,triple cleansing
heimish clean foam,heimish,foam,,clean
rivya sleepcare serum facial wash moisturizer brightening cleanser,rivya,"serum facial wash moisturizer, cleanser",,"sleepcare, brightening"
viva white face cleanser soybean,viva,face cleanser,soybean,white
susu cleanser wajah viva cucumber untuk kulit berminyak bernoda hitam,viva,cleanser wajah,"susu, cucumber",untuk kulit berminyak bernoda hitam
jumiso day vitamin glow facial toner,jumiso,facial toner,vitamin,"day, glow"
somethinc calm down pha 3 soothing everyday toner,somethinc,toner,pha 3,"calm down, soothing everyday"
dap jerawat puriying facial gel,dap,facial gel,,jerawat puriying
hada labo shirojyun cream,hada labo shirojyun,cream,,
isdin eyes,isdin,,,eyes
wardah renew you ceramide martrixyl spf35 pa moisturizer,wardah,moisturizer,ceramide martrixyl,"renew you, spf35 pa"
johnson foaming wash,johnson,wash,,foaming
beaute glow brightening day cream spf 20,,cream,,"beaute glow brightening day, spf 20"
mary may white collagen cleansing foam,mary may,foam,collagen,"white, cleansing"
ponds men white boost,ponds men,,,white boost
elemis collagen rose serum,elemis,serum,collagen rose,
adleeva daylight cream jerawat fighter night,adleeva,cream,,"daylight, jerawat fighter night"
avoskin lactic acid kiwi niacinamide serum exfoliating untuk mencerahkan menghaluskan kulit,avoskin,serum,"lactic acid, kiwi, niacinamide",exfoliating untuk mencerahkan menghaluskan kulit
hyaluglow hydrating serum moisturizer,hyaluglow,serum moisturizer,,hydrating
natur e white bright glow tone up ringan vitamin gluthatione niacinamide toner moisturizer serum sunscreen spf 45 pa,natur e,"tone up ringan, toner moisturizer serum, sunscreen",vitamin gluthatione niacinamide,"spf 45 pa, white bright glow"
moisturizer,,moisturizer,,
dermies max bright treatment,dermies max,,,bright treatment
skin sake glycolic acid gel tranexamic,skin sake,gel,"tranexamic, glycolic acid",
some mi niacin anti blemish care cream,some mi,care cream,niacin,anti blemish
neutrogena deep clean foaming cleanser,neutrogena,foaming cleanser,,deep clean
kojiesan dream white anti - aging soap,kojiesan,soap,,dream white anti - aging
wardah renew you retinol ceramide renewal serum,wardah,serum,"retinol, ceramide","renew you, renewal"
gatsby cooling face wash oil control,gatsby,face wash,,"oil control, cooling"
erha21 erha moisturizer very dry skin wajah sangat kering,"erha21, erha",moisturizer,,very dry skin wajah sangat kering
erha facial glow bright,erha,,,facial glow bright
leoleo white face serum pencerah kulit wajah pria mencerahkan,leoleo,face serum,,"white, pencerah kulit wajah pria mencerahkan"
caudalie resveratrol lift firming eye gel cream mata,caudalie,gel cream,resveratrol,"lift firming eye, mata"
from this island plumping cream,from this island,cream,plumping,
wardah lightening face toner,wardah,face toner,,lightening
viva white clean mask refreshner skin,viva,mask,,"white clean, refreshner skin"
cetaphil daily exfoliating cleanser,cetaphil,cleanser,,daily exfoliating
viva rose face mist mawar,viva,face mist,"rose, mawar",
organic supply co pure argan oil,organic supply co pure,,argan oil,
kahf bright revitalizing amino gel face wash sabun cuci wajah pria,kahf,gel face wash sabun cuci wajah pria,amino,bright revitalizing
wardah white night cream,wardah,cream,,"white, night"
ponds cream oily skin,ponds,cream,,oily skin
amaterasun uv sunscreen serum spf50 pa ringan untuk wajah anti kusam protection glowing finish,amaterasun,sunscreen serum,,"uv, spf50 pa ringan untuk wajah anti kusam protection glowing finish"
caudalie resveratrol lift firming cream,caudalie,cream,,resveratrol lift firming
skintific aha bha exfoliating toner,skintific,toner,aha bha,exfoliating
skintific glycolic acid daily clarifying toner exfoliating untuk kulit kusam jerawat mencerahkan wajah,skintific,toner,glycolic acid,"daily clarifying, exfoliating untuk kulit kusam jerawat mencerahkan wajah"
klairs midnight blue youth activating drop serum,klairs,serum,,midnight blue youth activating drop
skintific niacinamide brightening essence toner glowing birghtening untuk pencerah wajah,skintific,essence toner,niacinamide,"glowing birghtening untuk pencerah wajah, brightening"
studio tropik rescue rx antibacterial face mist,studio tropik rescue rx,face mist,,antibacterial
labore sensitive skin nutrition gel,labore,gel,,"skin nutrition, sensitive"
safi white expert oil control facial cleanser toner,safi,facial cleanser toner,,white expert oil control
sk ii,sk ii,,,
abib rose,abib,,rose,
,,,,
roro mendut scrub wajah white lulur anti jerawat brotowali,"roro mendut, brotowali","lulur, scrub wajah",,"white, anti jerawat"
npure centella asiatica jerawat toner merawat skin barrier,npure,toner,centella asiatica,"merawat skin barrier, jerawat"
emulgade,emulgade,,,
skin game basic dry,skin game,,,basic dry
skinlife clear facial foam,skinlife,facial foam,,clear
panty o ladies disposable,panty o,,,ladies disposable
jumiso hyaluronic acid toner,jumiso,toner,hyaluronic acid,
dermies max photopurifying,dermies max,,,photopurifying
tirtir ceramic milk ampoule,tirtir,,ceramic milk,ampoule
lacoco aloe vera soothing mist,lacoco,mist,aloe vera,soothing
abib sedum hyaluron hydrating,abib,,sedum hyaluron,hydrating
wardah make up barrier glow youth renewal matte radiant touch,wardah,,,"glow youth renewal matte radiant touch, make up barrier"
wardah acnederm pore blackhead balm,wardah,balm,,acnederm pore blackhead
pigeon teens complete your squad facial remaja,pigeon teens,,,complete your squad facial remaja
isntree niacinamide serum,isntree,serum,niacinamide,
numbuzin daily multi vitamin cream,numbuzin,cream,vitamin,daily multi
wardah uv shield jerawat calming sunscreen moisturizer spf35 pa,wardah,sunscreen moisturizer,,"spf35 pa, uv shield jerawat calming"
innisfree bha pore cleansing foam sabun cleanser wajah untuk kulit berminyak,innisfree,foam sabun cleanser wajah,bha,"untuk kulit berminyak, pore cleansing"
bhumi anti - aging bakuchiol oil,bhumi,,bakuchiol oil,anti - aging
carasun healthy uv protector spf 50 pa,carasun,,,"healthy, uv protector spf 50 pa"
holika sun cream spf 50 pa,holika,sun cream,,spf 50 pa
natur e advanced intensive firming moisturizer gel,natur e,moisturizer gel,,advanced intensive firming
base day quick comfort face mist,base day,face mist,,quick comfort
somethinc calm down pha 3 soothing everyday toner,somethinc,toner,pha 3,"calm down, soothing everyday"
somethinc acnedot treatment low ph cleanser,somethinc,cleanser,,acnedot treatment low ph
breylee sunscreen,breylee,sunscreen,,
herbitus skin tonic,herbitus,skin tonic,,
neutrogena hydro boost hydrating fluid spf50,neutrogena hydro,,fluid,"spf50, boost hydrating"
mustika ratu penyegar gambir toner perawatan wajah,mustika ratu,toner,gambir,"penyegar, perawatan wajah"
vanav time white alat kecantikan,vanav time,alat kecantikan,,white
clinelle aha cleanser,clinelle,cleanser,aha,
clinelle whitenup brightening night cream,clinelle,cream,,whitenup brightening night
dermabright,dermabright,,,
beneath bhumi essence toner,beneath bhumi,essence toner,,
brightening aging ginseng essence jumiso snail mucin peptide facial,jumiso snail,"facial, essence","ginseng, mucin, peptide",brightening aging
labore sensitive cleanser,labore,cleanser,,sensitive
erha21 erha peeling,"erha21, erha",,,peeling
dermaster brightening,dermaster,,,brightening
garnier facial wash sensitive gel,garnier,"gel, facial wash",,sensitive
wardah jerawat spot treatment gel,wardah,gel,,jerawat spot treatment
senka foam jerawat care,senka,foam,,jerawat care
kiehl facial cleanser,kiehl,facial cleanser,,
softymo speedy cleansing oil makeup remover cleanser,softymo,cleanser,,speedy cleansing oil makeup remover
somethinc low ph jelly cleanser,somethinc,jelly cleanser,,low ph
leoleo leoelo sunscreen pria uv filter spf 50 pa,"leoleo, leoelo",sunscreen,,"pria, uv filter spf 50 pa"
wardah defense face mist,wardah,face mist,,defense
safi white expert skin refiner,safi,,,white expert skin refiner
caudalie brightening foam sabun cleanser wajah,caudalie,foam sabun cleanser wajah,,brightening
elizabeth arden spf50,elizabeth arden,,,spf50
npure probiotics moisturizer,npure,moisturizer,probiotics,
avoskin retinol ampoule,avoskin,,retinol,ampoule
esther cream wajah untuk kulit sangat kering,esther,cream wajah,,untuk kulit sangat kering
rose day cleansing balm,rose day,balm,,cleansing
elizabeth arden visible difference refining moisturizer cream,elizabeth arden,moisturizer cream,,visible difference refining
avoskin alpha arbutin grapeseed,avoskin,,"alpha arbutin, grapeseed",
mary may vitamin c bifida lotion,mary may,lotion,vitamin c bifida,
innisfree uv active poreless sunscreen spf50 pa untuk menyamarkan merawat pori,innisfree,sunscreen,,"uv active poreless, spf50 pa untuk menyamarkan merawat pori"
ponds white beauty serum,ponds,serum,,white beauty
emina bright moisturizing cream,emina,cream,,"bright, moisturizing"
qvs face razor,qvs,face razor,,
numbuzin centella toner pad,numbuzin,toner pad,centella,
bright anti - aging,,,,"bright, anti - aging"
innisfree green tea hyaluronic moisturizer serum spf 50 pa,innisfree,"moisturizer, serum",green tea hyaluronic,spf 50 pa
mixsoon toner,mixsoon,toner,,
,,,,
skintific jerawat,skintific,,,jerawat
dexskin derma express exfoliating solution succinic acid glycolic,dexskin derma express,,succinic acid glycolic,exfoliating solution
esther cream,esther,cream,,
lacoco darkspot essence,lacoco,essence,,darkspot
studio tropik oil cleanser,studio tropik,cleanser,,oil
erha21 erha facial wash normal skin sabun wajah kulit mencerahkan,"erha21, erha","sabun wajah, facial wash",,"normal skin, kulit mencerahkan"
erha21 exfoliating cleansing scrub untuk kulit berminyak bha niacinamide,erha21,scrub,bha niacinamide,"untuk kulit berminyak, exfoliating cleansing"
erha facial timeless youth,erha,,,facial timeless youth
innisfree vitamin e real cleansing foam,innisfree,foam,vitamin e,real cleansing
judydoll sun defense moisturizer,judydoll,moisturizer,,sun defense
garnier men acno fight brightening foam,garnier men,"acno fight, foam",,brightening
haruharu black rice hyaluronic toner,haruharu,toner,black rice hyaluronic,
scarlett white brightening,scarlett,,,"white, brightening"
safi age defy youth,safi,,,age defy youth
abib sunstick smoothing,abib,sunstick,,smoothing
emina oat amino barrier low ph cleanser,emina,cleanser,oat amino,barrier low ph
votre peau lavender facial cleanser,votre peau,facial cleanser,lavender,
sea quill calendula soothing gel,sea quill,gel,calendula,soothing
crystallure activating overnight cream,crystallure,cream,,activating overnight
2 nivea sunscreen face serum extra protect instant aura spf50 pa sunblock mencerahkan brightening tone up spf uv lightweight tekstur ringan cepat meresap tidak lengket no whitecast licorice,2 nivea,"tone up, sunblock, sunscreen face serum",licorice,"mencerahkan brightening, extra protect instant aura spf50 pa, spf uv lightweight tekstur ringan cepat meresap tidak lengket no whitecast"
neogen bio peel gauze peeling green tea,neogen bio,peel gauze,green tea,peeling
wardah day moisturizer,wardah,moisturizer,,day
safi age defy cream cleanser deep moisturizing,safi,cream cleanser,,"deep moisturizing, age defy"
from this island plumping cream moisturizer brightening hydrating anti - aging,from this island,cream moisturizer,plumping,brightening hydrating anti - aging
sk ii facial treatment essence,sk ii,essence,,facial treatment
rivya timeless beauty,rivya,,,timeless beauty
b erl skin reborn retinol serum anti - aging bakuchiol hydroxypinacolone retinoate mencerahkan mengencangkan kerutan,b erl,serum,"retinol, bakuchiol hydroxypinacolone retinoate","skin reborn, mencerahkan mengencangkan kerutan, anti - aging"
esther serum pengencangan,esther,serum,,pengencangan
natur e advanced age re juve glow intensive ultra light sun protection spf 45 pa sunscreen wajah ringan melembabkan meremajakan kulit vitamin astaxanthin,natur e,sunscreen,vitamin astaxanthin,"advanced age re juve glow intensive ultra light sun protection spf 45 pa, wajah ringan melembabkan meremajakan kulit"
skin sake anti - aging melawan penuaan menghaluskan garis halus meratakan tekstur warna kulit wajah,skin sake,,,anti - aging melawan penuaan menghaluskan garis halus meratakan tekstur warna kulit wajah
avoskin lactic acid kiwi niacinamide,avoskin,,"lactic acid, kiwi, niacinamide",
bio beauty lab jerawat care,bio beauty lab,,,jerawat care
numbuzin sleep mask serum,numbuzin,sleep mask serum,,
toner hydrating exfoliating,,toner,,hydrating exfoliating
aizen jerawat scar perawatan treatment,aizen,,,"jerawat scar, perawatan treatment"
wardah bright creamy foam oil control,wardah,creamy foam,,"bright, oil control"
acnes creamy wash,acnes creamy,wash,,
glowlabs soothe and shoot spf,glowlabs,,,"soothe and shoot, spf"
caudalie micellar cleansing water penghapus makeup,caudalie,"micellar, water",,"penghapus makeup, cleansing"
skintific pore clay stick,skintific,clay stick,,pore
pinkberry glow brightening cleanser,,cleanser,pinkberry,glow brightening
safi age defy essence,safi,essence,,age defy
sk ii facial treatment repair,sk ii,,,facial treatment repair
kose speedy cleansing makeup remover,kose,,,"speedy cleansing, makeup remover"
bhumi moisturizer,bhumi,moisturizer,,
innisfree orchid eye cream,innisfree,cream,orchid,eye
mary may centella asiatica serum,mary may,serum,centella asiatica,
beneath moisturizer,beneath,moisturizer,,
diri essentials facial cleanser,diri,"facial cleanser, essentials",,
clinelle caviar firming cleanser,clinelle,cleanser,caviar,firming
hada labo gokujyun ultimate anti - aging lotion,hada labo gokujyun,lotion,anti,"- aging, ultimate"
rose day sunscreen airy drop spf 50 pa,rose day,sunscreen,,airy drop spf 50 pa
clean clear oil controling toner,clean clear,toner,,oil controling
b erl face toner hyaluronic acid melembapkan menyegarkan wajah,b erl,face toner,hyaluronic acid,melembapkan menyegarkan wajah
d alba white spray serum,d alba,spray serum,,white
tavi 5 pha bha retexture toner,tavi 5,toner,pha bha,retexture
rei skin,rei skin,,,
mary may cica tea tree aha pha blemish toner,mary may,blemish toner,cica tea tree aha pha,
2 nivea men facial foam deep jerawat oil clear face scrub sabun cuci wajah pria membersihkan bakteri penyebab komedo kontrol kulit berminyak mengecilkan pori angkat sel mati himalayan salt salicylic acid,2 nivea men,"face scrub sabun cuci wajah pria, facial foam",himalayan salt salicylic acid,"membersihkan bakteri penyebab komedo kontrol kulit berminyak mengecilkan pori angkat sel mati, deep jerawat oil clear"
b erl berry jerawat treatment oil control sunscreen oily kulit berminyak mencerahkan,b erl,sunscreen,berry,"oily kulit berminyak, mencerahkan, jerawat treatment oil control"
jumiso soothing cica aloe facial serum,jumiso,facial serum,cica aloe,soothing
bhumi defense daily sunscreen,bhumi,sunscreen,,defense daily
b erl flek booster serum peeling retinol sunscreen,b erl,"serum, sunscreen",retinol,"peeling, flek, booster"
house of hur brightening skin essence pad,house of hur,essence pad,,brightening skin
skintific niacinamide brightening serum pencerah wajah anti kusam noda hitam membuat glowing,skintific,serum,niacinamide,"pencerah wajah anti kusam noda hitam membuat glowing, brightening"
sebamed clear face foam,sebamed,face foam,,clear
skin sake mandelic acid gel niacinamide,skin sake,gel,"mandelic acid, niacinamide",
avoskin the great shield sun essence spf 50 pa,avoskin,essence,,"the great shield sun, spf 50 pa"
cerave blemish control cleanser daily face jerawat prone skin,cerave,cleanser,,"blemish control, daily, face jerawat prone skin"
labore sensitive sebum jerawat cleansing mousse,labore,,,"sensitive, sebum jerawat cleansing mousse"
emina bright face serum,emina,face serum,,bright
skin sake cream moisturizer urea squalane,skin sake,cream moisturizer,urea squalane,
biore men facial foam cool oil,biore men,facial foam,,cool oil
tavi cica sun shield,tavi,,cica,sun shield
ponds age miracle youthful glow night cream moisturizer,ponds,cream moisturizer,,age miracle youthful glow night
skintific niacinamide bright boost clay stick,skintific,clay stick,niacinamide,bright boost
rei skin betel leaf glycolic acid jerawat body wash,rei skin,body wash,betel leaf glycolic acid,jerawat
you radiance glow active night gel,you,gel,,radiance glow active night
facerinna low ph gel cleanser,facerinna,gel cleanser,,low ph
safi white expert deep exfoliating,safi,,,white expert deep exfoliating
tavi shield mist,tavi,mist,,shield
wardah lightening face mist,wardah,face mist,,lightening
abib spot pad calming touch,abib,spot pad,,calming touch
viva eye base gel vitamin treatment,viva,gel,vitamin,"treatment, eye base"
sk ii essentials,sk ii,essentials,,
retinol ceramide capsules skin renewing serum,,"serum, capsules","retinol, ceramide",skin renewing
elizabeth arden hyaluronic acid ceramide capsules hydra plumping serum,elizabeth arden,"serum, capsules",hyaluronic acid ceramide,hydra plumping
heimish matcha calming gel moisturizer,heimish,gel moisturizer,matcha,calming
skintific acid jerawat gel cleanser,skintific,gel cleanser,acid,jerawat
garnier light complete white speed brightening scrub foam,garnier,scrub foam,,light complete white speed brightening
d alba balm,d alba,balm,,
mixsoon centella sun cream,mixsoon,sun cream,centella,
esther radiant night cream,esther,cream,,radiant night
emina sun battle spf35 pa,emina,,,sun battle spf35 pa
dermaster mild foam cleanser,dermaster,foam cleanser,,mild
jumiso snail mucin peptide facial essence,jumiso,facial essence,"snail mucin, peptide",
labore sensitive barrier revive cream,labore,cream,,"barrier revive, sensitive"
viva revitalizing eye cream vitamin,viva,cream,vitamin,revitalizing eye
somethinc hyaluronic9 essence toner,somethinc,essence toner,hyaluronic9,
anessa uv sunscreen gel spf 50 pa,anessa,"gel, sunscreen",,"uv, spf 50 pa"
garnier bright complete vitamin c,garnier,,vitamin c,bright complete
numbuzin glowing essence toner,numbuzin,essence toner,,glowing
tlf,tlf,,,
mixsoon essence,mixsoon,essence,,
animate mango salmon dna glowing gel,animate,gel,mango salmon dna,glowing
elizabeth arden prevage treatment boosting cleanser,elizabeth arden,cleanser,,prevage treatment boosting
viva air mawar rose penyegar,viva,penyegar,air mawar rose,
pyunkang yul ultimate calming solution toner,pyunkang yul,toner,,ultimate calming solution
esther derma bright foaming facial wash cleanser wajah,esther,foaming facial wash cleanser wajah,,derma bright
caudalie high protection stick,caudalie,stick,,high protection
somethinc low ph gentle jelly cleanser,somethinc,gentle jelly cleanser,,low ph
innisfree black tea youth enhancing ampoule serum anti - aging untuk segarkan kulit lelah,innisfree,serum,black tea,"anti - aging untuk segarkan kulit lelah, youth enhancing ampoule"
isntree hyaluronic acid stick,isntree,stick,hyaluronic acid,
surfaktan decyl glucoside,,,surfaktan decyl glucoside,
avoskin vitamin c wrinkle balm moisturizing stick,avoskin,"stick, balm",vitamin c,"wrinkle, moisturizing"
cetaphil skin renewing cleanser gel,cetaphil,cleanser gel,,skin renewing
nature soothing moisturizer aloe 92 gel,nature,"gel, moisturizer",aloe 92,soothing
skin sake lactic acid gel alpha arbutin,skin sake,gel,"lactic acid, alpha arbutin",
avoskin vitamin c serum,avoskin,serum,vitamin c,
kahf matte sunscreen stick,kahf,matte sunscreen stick,,
viva cucumber toner wajah,viva,toner wajah,cucumber,
tlf tempat tusuk gigi,tlf,tempat tusuk gigi,,
safi jerawat expert soothing gel moisturizer,safi,gel moisturizer,,jerawat expert soothing
dermaster,dermaster,,,
jf anti jerawat protect mild care cleanser,jf,cleanser,,anti jerawat protect mild care
erha acneact oil jerawat control facial cleanser,erha,facial cleanser,,acneact oil jerawat control
esther face mist,esther,face mist,,
caudalie serum enhancing anti noda hitam,caudalie,serum,,enhancing anti noda hitam
the originote eye serum,the originote,serum,,eye
elemis collagen serum,elemis,serum,collagen,
roro mendut untuk jerawat tlf,"roro mendut, tlf",,,untuk jerawat
ms glow,ms glow,,,
caudalie grape face mist,caudalie,face mist,grape,
elizabeth arden ceramide retinol eye treatment,elizabeth arden,,ceramide retinol,eye treatment
true to skin spf 50 pa,true to skin,,,spf 50 pa
cave face wash brightening,cave,face wash,,brightening
hada labo tamagohada mild peeling face wash,hada labo tamagohada,face wash,,mild peeling
hada labo moisturizer milk,hada labo,moisturizer,milk,
revlon milk toner,revlon,toner,milk,
acnes creamy wash,acnes creamy,wash,,
vaseline lip care,vaseline,lip care,,
esther bye aging skin,esther,,,bye aging skin
aizen scar barrier,aizen,,,scar barrier
erha vitamin c peptides brightening serum,erha,serum,vitamin c peptides,brightening
dermies max bright facial comedo extraction,dermies max,,,"bright, facial comedo extraction"
dermies max glow,dermies max,,,glow
b erl intense moisturizing facial wash pencuci wajah mencerahkan membersihkan kotoran,b erl,facial wash pencuci wajah,,"intense moisturizing, mencerahkan membersihkan kotoran"
facetology triple care facial gel cleanser,facetology,facial gel cleanser,,triple care
gel gamat moisturizer kolagen teripang gliserin regenerasi kerusakan kulit,,gel gamat moisturizer,kolagen teripang gliserin,regenerasi kerusakan kulit
glad2glow pomegranate niacinamide brightening moisturizer,glad2glow,moisturizer,"pomegranate, niacinamide",brightening
tocobo berry pore toner,tocobo,toner,berry,pore
beneath bhumi essence toner,beneath bhumi,essence toner,,
somethinc hyaluronic9 essence toner,somethinc,essence toner,hyaluronic9,
elemis collagen serum wajah,elemis,serum wajah,collagen,
somethinc calm down skinpair cream pelembab wajah moisturizer untuk kulit sensitif menjaga skin barrier,somethinc,cream pelembab wajah moisturizer,,"untuk kulit sensitif menjaga skin barrier, calm down skinpair"
ultima ii clear white supreme protective day lotion spf 30 pa,ultima ii,lotion,,"spf 30 pa, clear white supreme protective day"
cosrx ultra light invisible sunscreen spf50 pa,cosrx,sunscreen,,"spf50 pa, ultra light invisible"
emina sun battle spf 35 pa jerawat clear cica allantoin airy soothing,emina,,cica allantoin,"sun battle spf 35 pa jerawat clear, airy soothing"
joylab moisturizer,joylab,moisturizer,,
skintific salicylic acid anti jerawat serum,skintific,serum,salicylic acid,anti jerawat
ponds age miracle youthful glow day cream moisturizer,ponds,cream moisturizer,,age miracle youthful glow day
base ultra soothe natural sunscreen spf 50 pa,base ultra,sunscreen,,"soothe natural, spf 50 pa"
azarine hydramax c sunscreen serum spf 50 pa,azarine,sunscreen serum,c,"hydramax, spf 50 pa"
dear me beauty skin barrier cream,dear me beauty,cream,,skin barrier
clinelle uv defense spf50 pa,clinelle,,,uv defense spf50 pa
skintific centella jerawat calming toner,skintific,toner,centella,jerawat calming
wardah renew you retinol rejuvenate night moisturizer,wardah,moisturizer,retinol,"renew you, rejuvenate night"
b erl intense lightening day cream perawatan wajah mencerahkan niacinamide,b erl,cream,niacinamide,"intense lightening day, perawatan wajah mencerahkan"
belif cleanser,belif,cleanser,,
erha brightening milky essence,erha,essence,milky,brightening
erha ultracalm face toner,erha,toner,,ultracalm face
dermaster wrinkle care brightening,dermaster,,,wrinkle care brightening
somethinc propolis mist face hydrating menghidrasi kulit sepanjang hari,somethinc,mist face,propolis,hydrating menghidrasi kulit sepanjang hari
skin game cream moisturizer pelembab wajah untuk kulit sensitif hydrating menjaga barrier,skin game,cream moisturizer pelembab wajah,,untuk kulit sensitif hydrating menjaga barrier
cosrx aha bha clarifying treatment toner,cosrx,toner,aha bha,clarifying treatment
skintific ceramide barrier repair serum hydrating untuk memperbaiki kulit sensitif,skintific,serum,ceramide,"hydrating untuk memperbaiki kulit sensitif, barrier repair"
house of hur brightening skin essence pad,house of hur,essence pad,,brightening skin
dermaster lavijue wrinkle care serum,dermaster lavijue,serum,,wrinkle care
cetaphil cleanser,cetaphil,cleanser,,
wardah micellar water bright nature daily lightening cleanser make up waterproof wajah,wardah,"micellar water, cleanser",,"bright nature daily lightening, make up waterproof wajah"
wardah renew you anti - aging facial wash,wardah,facial wash,,renew you anti - aging
wardah white brightening eye cream,wardah,cream,,"white, brightening eye"
wardah white day cream,wardah,cream,,"day, white"
d alba white spray serum,d alba,spray serum,,white
safi jerawat sebum cleanser,safi,cleanser,,"jerawat, sebum"
lore eye care cream,lore,cream,,eye care
haruharu black rice hyaluronic essence,haruharu,essence,black rice hyaluronic,
,,,,
kose lotion,kose,lotion,,
studio tropik oil cleanser,studio tropik,cleanser,,oil
studio tropik rescue rx antibacterial face mist,studio tropik rescue rx,face mist,,antibacterial
avoskin serum mandelic acid panthenol perilla,avoskin,serum,"mandelic acid, panthenol perilla",
b erl berry jerawat treatment oil control,b erl,,berry,jerawat treatment oil control
rose day hydration barrier boost toner,rose day,toner,,hydration barrier boost
innisfree hyaluronic moisturizer sunscreen spf50 pa,innisfree,moisturizer sunscreen,hyaluronic,spf50 pa
dermies max smooth skin,dermies max,,,smooth skin
bio essence rose,bio,essence,rose,
elemis collagen cleanser,elemis,cleanser,collagen,
nivea men anti kusam wajah segar sepanjang hari,nivea men,,,"wajah segar sepanjang hari, anti kusam"
cetaphil cleanser,cetaphil,cleanser,,
elemis collagen glow boost exfoliator,elemis,,collagen,glow boost exfoliator
belif essence,belif,essence,,
mustika ratu brightening bengkoang face cleanser toner,mustika ratu,face cleanser toner,bengkoang,brightening
derma express double cleansing,derma express,,,double cleansing
wardah uv shield jerawat sunscreen spf 35 pa bright micellar water,wardah,"micellar water, sunscreen",,"uv shield jerawat, spf 35 pa bright"
wardah bright moisturizer smooth glow spf 30 pa,wardah,moisturizer,,"bright, smooth glow spf 30 pa"
wardah gel moisturizer,wardah,gel moisturizer,,
viva face tonic penyegar pelembab untuk kulit normal kering toner,viva,"face tonic, pelembab, toner",,"penyegar, untuk kulit normal kering"
perawatan anti - aging,,,,perawatan anti - aging
cosrx moisturizing lotion,cosrx,lotion,,moisturizing
la roche posay facial gel cleanser,la roche posay,facial gel cleanser,,
senka collagen,senka,,collagen,
la roche posay cicaplast purifying soothing foaming gel,la roche posay,foaming gel,cicaplast,purifying soothing
sk ii essence,sk ii,essence,,
dermies meso brightening perawatan mengencangkan wajah,dermies meso,,,brightening perawatan mengencangkan wajah
ponds ultra light gel hydrating moisturizer cera hyamino,ponds,"gel, moisturizer",cera hyamino,"ultra light, hydrating"
nuface me sun shield spf,nuface me,,,sun shield spf
bio beauty lab,bio beauty lab,,,
pigeon teens facial foam remaja wajah normal skin dry,pigeon teens,facial foam,,remaja wajah normal skin dry
elvicto bright scrub wash face,elvicto,scrub wash face,,bright
erha shield hydra light,erha,,,shield hydra light
saekin face wash moisturizer,saekin,face wash moisturizer,,
pyunkang yul moisturizer cream,pyunkang yul,moisturizer cream,,
herborist aloe vera gel,herborist,gel,aloe vera,
viva age advance face serum aging ceramide,viva,face serum,ceramide,"aging, age advance"
hanasui collagen sunscreen spf 30,hanasui,sunscreen,collagen,spf 30
garnier light complete vitamin c booster serum,garnier,booster serum,vitamin c,light complete
b2g3 sunscreen cream ringan fresh,b2g3,"cream, sunscreen",,ringan fresh
enchanteur,enchanteur,,,
labore hydrating face body cleanser,labore,body cleanser,,hydrating face
aizen cleanser moisturizer,aizen,cleanser moisturizer,,
somethinc sunscreen spf 40 pa,somethinc,sunscreen,,spf 40 pa
somethinc sunscreen spf 40 pa,somethinc,sunscreen,,spf 40 pa
wardah rose hyaluronic pentavitin deep barrier repair serum allantoin perawatan wajah untuk kulit resilient skin,wardah,serum,"allantoin, rose hyaluronic pentavitin","deep barrier repair, perawatan wajah untuk kulit resilient skin"
aizen cleanser,aizen,cleanser,,
wardah micellar water bright nature daily lightening cleanser make up waterproof,wardah,"micellar water, cleanser",,"bright nature daily lightening, make up waterproof"
wardah solusi masalah kulit face wash moisturizer day cream,wardah,"face wash moisturizer, cream",,"day, solusi masalah kulit"
himalaya dark spot treatment turmeric face wash,himalaya,face wash,turmeric,dark spot treatment
la roche posay niacinamide serum mencerahkan noda hitam,la roche posay,serum,niacinamide,mencerahkan noda hitam
breylee sunscreen spf 50 face sunblock,breylee,"face sunblock, sunscreen",,spf 50
erha glow booster hexyl resorcinol mencerahkan wajah vitamin kusam jerawat perawatan berminyak,erha,,"hexyl resorcinol, vitamin","glow booster, mencerahkan wajah, kusam jerawat perawatan berminyak"
azarine toner mild purifying,azarine,toner,,mild purifying
bioderma sebium serum mengatasi tanda penuaan jerawat,bioderma,serum,,"mengatasi tanda penuaan jerawat, sebium"
erha algae cucumber serum mata panda wajah hitam niacinamide aging,erha,"serum, panda","niacinamide, cucumber, algae","aging, wajah hitam, mata"
nacific cream pelembab wajah,nacific,cream pelembab wajah,,
erha serum kering wajah facial essence niacinamide jerawat vitamin ceramide,erha,"serum, essence","niacinamide, vitamin ceramide","jerawat, kering wajah facial"
sebamed multi protect sun cream spf50 sunscreen kulit sensitif wajah vitamin waterproof,sebamed,"sun cream, sunscreen",vitamin,"spf50, multi protect, waterproof, kulit sensitif wajah"
garnier men acno fight wasabi foam,garnier men,fight wasabi foam,,acno
wardah uv shield jerawat calming sunscreen serum spf 50 pelindung matahari,wardah,sunscreen serum,,"spf 50 pelindung matahari, uv shield jerawat calming"
sabun kojie san soap kojic acid pencerah membersihkan perawatan berminyak,kojie san,"sabun, soap",kojic acid,pencerah membersihkan perawatan berminyak
melano cc vitamin c brightening moisturizer normal to dry skin kulit kering lemon pelembab wajah pencerah perawatan,melano cc,"moisturizer, pelembab wajah","vitamin c, lemon","normal to dry skin kulit kering, pencerah perawatan, brightening"
skintific serum niacinamide brightening,skintific,serum,niacinamide,brightening
megah sakti jerawat cleanser facial wash vitamin c untuk membersihkan mencerahkan menenangkan kulit,megah sakti,cleanser facial wash,vitamin c,"jerawat, untuk membersihkan mencerahkan menenangkan kulit"
ceradan moisturizer lotion pelembab kulit sensitif eksim ceramide hydrating perawatan wajah facial,ceradan,moisturizer lotion,ceramide,"hydrating perawatan wajah facial, pelembab kulit sensitif eksim"
biore facial foam mild smooth,biore,facial foam,,mild smooth
skintific moisturizer gel niacinamide brightening,skintific,moisturizer gel,niacinamide,brightening
nivea men white oil control cooling facial foam,nivea men,facial foam,,white oil control cooling
senka facial foam sabun cleanser wajah,senka,"facial foam, sabun cleanser wajah",,
bioderma spf 50 face body sunscreen,bioderma,sunscreen,,spf 50 face body
neutrogena eye cream repair mata untuk mengurangi kerutan,neutrogena,eye cream,,repair mata untuk mengurangi kerutan
garnier men fight anti jerawat,garnier men,,,fight anti jerawat
skintific serum salicylic acid anti jerawat,skintific,serum,salicylic acid,anti jerawat
hada labo hadalabo shirojyun essence vitamin,hada labo hadalabo shirojyun,essence,vitamin,
erha intense oil control facial wash sabun cleanser wajah pria vitamin,erha,facial wash sabun cleanser,vitamin,"wajah pria, intense oil control"
acnes natural care complete white face wash facial komedo,acnes,face wash,,"facial komedo, natural care complete white"
jf sulfur anti jerawat cleanser,jf,cleanser,sulfur,anti jerawat
you amino anti jerawat facial wash sabun cuci wajah acid hyaluronic,you,facial wash sabun cuci wajah,"amino, acid hyaluronic",anti jerawat
himalaya oil control lemon face wash cleanser wajah minyak,himalaya,face wash cleanser,lemon,"oil control, wajah minyak"
cosrx low ph morning gel cleanser membersihkan wajah,cosrx,gel cleanser,,"low ph, membersihkan wajah, morning"
banana boat sunscreen lotion sensitive skin spf50,banana boat,sunscreen lotion,,"spf50, sensitive skin"
labore protect physical sunscreen melindungi kulit dari uva uvb,labore,sunscreen,,"melindungi kulit dari uva uvb, protect physical"
nacific calendula toner wajah,nacific,toner wajah,calendula,
erha age corrector peptides soya phytoplacenta serum anti - aging wajah kering essence,erha,"serum, essence",peptides soya phytoplacenta,"anti - aging wajah kering, age corrector"
ponds men ultra bright oil fighter,ponds men,,,ultra bright oil fighter
the originote ceramella sunscreen spf 50 ceramide tremella vitamin c hyaluronic,the originote,sunscreen,"ceramide tremella vitamin c, ceramella, hyaluronic",spf 50
somethinc acnedot treatment moisturizer gel pelembab wajah,somethinc,moisturizer gel pelembab wajah,,acnedot treatment
skintific serum barrier repair ceramide,skintific,serum,ceramide,barrier repair
skintific repair ceramide barrier,skintific,,ceramide,"barrier, repair"
kahf skin energizing brightening face wash sabun cleanser wajah pria,kahf,face wash sabun cleanser,,"wajah pria, skin energizing brightening"
azarine radiance barrier moisturizer pelembab wajah,azarine,moisturizer pelembab wajah,,radiance barrier
cetaphil cleanser wajah tubuh,cetaphil,cleanser,,wajah tubuh
parasol uv guard spf 30 pa sunscreen,parasol,sunscreen,,uv guard spf 30 pa
clinelle purifying gel moisturizer pelembab kulit wajah,clinelle,gel moisturizer,,"purifying, pelembab kulit wajah"
light foam,,foam,,light
nuface glow brighten supple skin serum niacinamide,nuface,serum,niacinamide,"glow, brighten supple skin"
derma facial wash normal dry skin,derma,facial wash,,normal dry skin
la roche posay serum,la roche posay,serum,,
dermawand solusi kulit keriput noda hitam,dermawand,,,solusi kulit keriput noda hitam
banana boat spray spf50,banana boat,spray,,spf50
labore hydrating face body cleanser wajah tubuh,labore,body cleanser,,"wajah tubuh, hydrating face"
cetaphil moisturizing lotion tubuh untuk melembapkan kulit,cetaphil,lotion,,"tubuh untuk melembapkan kulit, moisturizing"
la roche posay sunscreen uvmune oil control,la roche posay,sunscreen,,"uvmune, oil control"
erha shield sunscreen oily skin spf 30 pa wajah berminyak,erha,sunscreen,,"shield, oily skin spf 30 pa wajah berminyak"
kelly lemon soap,kelly,soap,lemon,
skin aqua tone up uv essence spf 50 pa perlindungan terbaik untuk wajah tubuh segar natural hyaluronic,skin aqua,"tone up, essence",hyaluronic,"uv, spf 50 pa perlindungan terbaik untuk wajah tubuh segar natural"
nuface glow acneprone care serum jerawat,nuface,serum,,"glow, acneprone care, jerawat"
fair lovely glow vitamin c mask,fair lovely,mask,vitamin c,glow
bioderma spf sunscreen kulit sensitif,bioderma,sunscreen,,"spf, kulit sensitif"
banana boat ultra protect spf30 sunblock wajah,banana boat,sunblock wajah,,ultra protect spf30
cerave daily moisturising cream dry to very skin,cerave,cream,,"dry to very skin, daily moisturising"
ponds men light,ponds men,,,light
himalaya brightening vitamin c orange face wash,himalaya,face wash,vitamin c orange,brightening
azarine calm my jerawat sunscreen moisturizer spf35 tabir surya gel,azarine,"sunscreen moisturizer, tabir surya gel",,"spf35, calm my jerawat"
hada labo gokujyun eye cream pelembab hitam hydrating,hada labo gokujyun,cream,,"eye, pelembab hitam hydrating"
bioderma moisturizer pelembap,bioderma,"moisturizer, pelembap",,
simple kind to skin hydrating light moisturizer pelembab wajah,simple kind to skin,moisturizer pelembab wajah,,hydrating light
emina bright jerawat face wash untuk facial hitam,emina,face wash,,"jerawat, bright, untuk facial hitam"
skin aqua shield serum uv spf 50 acid aging,skin aqua,serum,,"uv spf 50 acid aging, shield"
acnes natural care yoghurt face wash facial membersihkan,acnes,face wash,yoghurt,"facial membersihkan, natural care"
kahf face wash triple action oil and comedo,kahf,face wash,,triple action oil and comedo
senka facial foam white cleanser wajah,senka,"facial foam, cleanser wajah",,white
vaseline aloe fresh hydrating pump,vaseline,pump,aloe,fresh hydrating
melano vitamin c brightening toner mencerahkan wajah kusam hitam dark kering perawatan,melano,toner,vitamin c,"mencerahkan wajah kusam hitam dark kering perawatan, brightening"
himalaya men power glow licorice face wash cleanser wajah pria,himalaya men,face wash cleanser,licorice,"power glow, wajah pria"
la roche posay cleanser foaming gel,la roche posay,"foaming gel, cleanser",,
cetaphil daily exfoliating cleanser,cetaphil,cleanser,,daily exfoliating
neutrogena dry touch sunscreen spf face sunblock,neutrogena,"face sunblock, sunscreen",,"spf, dry touch"
kahf exfoliating face scrub angkat sel kulit mati lawan noda hitam,kahf,face scrub,,"exfoliating, angkat sel kulit mati lawan noda hitam"
cetaphil daily facial lotion spf15 sun care,cetaphil,lotion,,"spf15 sun care, daily facial"
cerave foaming cleanser normal to oily skin wajah,cerave,foaming cleanser,,normal to oily skin wajah
cetaphil serum bright healthy radiance perfecting,cetaphil,serum,,bright healthy radiance perfecting
skintific ceramide low ph cleanser sensitive skin,skintific,cleanser,ceramide,"low ph, sensitive skin"
bioderma sabun kulit kering sensitif,bioderma,sabun,,kulit kering sensitif
azarine hydrashoothe sunscreen gel spf45 tabir surya,azarine,"sunscreen gel, tabir surya",,"spf45, hydrashoothe"
cerave hydrating cleanser normal to dry skin facial wash,cerave,"facial wash, cleanser",,"hydrating, normal to dry skin"
hada labo tamagohada face wash make up remover,hada labo tamagohada,face wash,,make up remover
nivea men face wash deep jerawat attack scrub,nivea men,"scrub, face wash",,deep jerawat attack
erha niacinamide essence night cream moisturizer wajah pelembab lightening,erha,"essence, cream moisturizer wajah pelembab",niacinamide,"lightening, night"
garnier men turbo light whitet oilcontrol,garnier men,,,turbo light whitet oilcontrol
y o u amino oil control facial wash membersihkan pori mengeksfoliasi kulit hyaluronic acid,y o u,facial wash,"hyaluronic acid, amino","oil control, membersihkan pori mengeksfoliasi kulit"
neutrogena hydro boost hyaluronic acid water gel pelembap wajah,neutrogena hydro,water gel pelembap wajah,hyaluronic acid,boost
la roche posay sun screen uvmune spf50,la roche posay,sun screen,,"spf50, uvmune"
senka facial foam jerawat care cleanser wajah,senka,"facial foam, cleanser wajah",,jerawat care
erha age corrector aha bha red algae sabun wajah mencerahkan kering berminyak niacinamide facial,erha,sabun wajah,"niacinamide, aha bha red algae","facial, age corrector, mencerahkan kering berminyak"
ponds foam,ponds,foam,,
acnes creamy wash facial,acnes,creamy wash facial,,
cetaphil day protection cream spf15 pagi mencerahkan,cetaphil,cream,,"spf15 pagi mencerahkan, day protection"
cetaphil cleanser,cetaphil,cleanser,,
sabun kojie san soap kojic acid,kojie san,"sabun, soap",kojic acid,
himalaya clear complexion white face wash pembasuh wajah,himalaya,face wash pembasuh wajah,,clear complexion white
fair lovely vitamin cream,fair lovely,cream,vitamin,
biore mens facial foam bright oil clear,biore mens,facial foam,,bright oil clear
carasun healthy uv protector spf 50 pa sunscreen lotion wajah berminyak facial,carasun,sunscreen lotion,,"healthy, wajah berminyak facial, uv protector spf 50 pa"
la roche posay face mist sensitive skin,la roche posay,face mist,,sensitive skin
safi age defy serum anti - aging,safi,serum,,"age defy, anti - aging"
erha chamomile jerawat blemish toner mencerahkan wajah berminyak perawatan,erha,toner,chamomile,"jerawat blemish, mencerahkan wajah berminyak perawatan"
ponds,ponds,,,
nuface glow vitamin c serum pencerah kulit wajah kusam,nuface,serum,vitamin c,"glow, pencerah kulit wajah kusam"
modis facial cotton,modis,facial cotton,,
safi white natural brightening cream mengontrol minyak strawberry lemon perawatan wajah mencerahkan vitamin,safi,cream,"vitamin, strawberry lemon","white natural brightening, perawatan wajah mencerahkan, mengontrol minyak"
clinelle face mist,clinelle,face mist,,
erha shield daily sunscreen spf 50 pa sunblock facial,erha,"sunblock facial, sunscreen",,"shield, spf 50 pa, daily"
precious skin anti melasma white collagen facial soap sabun membersihkan kotoran memutihkan wajah,precious skin,facial soap sabun,collagen,"anti melasma white, membersihkan kotoran memutihkan wajah"
aveeno daily moisturising body wash sabun mandi,aveeno,body wash sabun mandi,,daily moisturising
bioderma sabun kulit kering sensitif,bioderma,sabun,,kulit kering sensitif
wardah bright creamy foam brightening oil control sabun pencuci wajah mencerahkan,wardah,"sabun pencuci wajah, creamy foam",,"bright, brightening oil control, mencerahkan"
momami sun spf50 pa,momami,sun,,spf50 pa
emina bright face wash sabun cuci wajah mencerahkan glowing,emina,face wash sabun cuci wajah,,"bright, mencerahkan glowing"
hada labo shirojyun white serum mencerahkan wajah tranexamic acid hyaluronic,hada labo shirojyun,serum,tranexamic acid hyaluronic,"white, mencerahkan wajah"
senka facial foam collagen cleanser wajah,senka,"facial foam, cleanser wajah",collagen,
erha facial wash sabun wajah jerawat mencerahkan wanita cleanser kering berminyak perawatan,erha,"facial wash sabun wajah, cleanser",,"kering berminyak perawatan, jerawat mencerahkan wanita"
cosrx salicylic acid daily cleanser,cosrx,cleanser,salicylic acid,daily
vaseline repairing,vaseline,,,repairing
becefort kaplet suplemen vitamin c,becefort,kaplet suplemen,vitamin c,
silcot,silcot,,,
azarine cicamide barrier sunscreen moisturizer spf35 tabir surya gel,azarine,"sunscreen moisturizer, tabir surya gel",cicamide,"barrier, spf35"
erha moisturizer skin barrier,erha,moisturizer,,skin barrier
ceradan soothing gel pereda gatal pada kulit,ceradan,gel,,"pereda gatal pada kulit, soothing"
ceradan skin barrier repair cream pereda iritasi pada kulit,ceradan,cream,,"pereda iritasi pada kulit, skin barrier repair"
you amino oil control facial wash hydrate brighten,you,facial wash,amino,"hydrate brighten, oil control"
kahf jerawat pore cleanse scrub face wash sabun cleanser wajah pria,kahf,scrub face wash sabun cleanser,,"wajah pria, jerawat pore cleanse"
ceradan ceramide cleanser face body pump sabun,ceradan,"pump sabun, cleanser",ceramide,face body
erha zinc gluconate pore minimizing toner wajah mencerahkan wanita jerawat,erha,toner wajah,zinc gluconate,"mencerahkan wanita jerawat, pore minimizing"
ceradan ceramide cleanser face body pump,ceradan,"pump, cleanser",ceramide,face body
nivea sun face protection serum spf 50 pa oil control,nivea,serum,,"sun face protection, spf 50 pa oil control"
you daily defense sunscreen serum spf30 perlindungan uv uva uvb blue light untuk kulit kering berminyak,you,sunscreen serum,,"daily defense, spf30 perlindungan uv uva uvb blue light untuk kulit kering berminyak"
cetaphil cleanser skin renewing,cetaphil,cleanser,,skin renewing
cosrx aha bha clarifying treatment toner exfoliating ringan untuk semua jenis kulit,cosrx,toner,aha bha,"clarifying treatment, exfoliating ringan untuk semua jenis kulit"
jf jerawat protect mild care sabun,jf,sabun,,jerawat protect mild care
himalaya moisturizing aloe vera face wash cleanser wajah,himalaya,face wash cleanser wajah,aloe vera,moisturizing
hada labo gokujyun anti - aging serum,hada labo gokujyun,serum,,anti - aging
senka facial foam sabun cleanser wajah,senka,"facial foam, sabun cleanser wajah",,
,,,,
clinelle purifying toner,clinelle,toner,,purifying
banana boat ultra protect faces lotion spf50,banana boat,lotion,,"ultra protect faces, spf50"
kahf exfoliating face scrub cleanser noda hitam wajah kopi mencerahkan,kahf,face scrub cleanser,kopi,"exfoliating, noda hitam wajah, mencerahkan"
bioderma sebium pore refiner cream pengecil pori wajah,bioderma,cream,,"sebium pore refiner, pengecil pori wajah"
acnes natural care oil control face wash facial komedo,acnes,face wash,,"facial komedo, natural care oil control"
banana boat simply protect moisturizer sunscreen lotion spf50,banana boat,moisturizer sunscreen lotion,,"spf50, simply protect"
bioderma essence lotion toner pelembab wajah,bioderma,essence lotion toner pelembab wajah,,
emina sun battle bright glow spf 35 pa sunscreen serum amino vitamin c,emina,sunscreen serum,amino vitamin c,sun battle bright glow spf 35 pa
wardah aloe hydramild facial wash,wardah,facial wash,aloe,hydramild
nuface hydra lock youthful skin serum anti - aging,nuface,serum,,"anti - aging, hydra lock youthful skin"
nuface me sun shield spf 50 pa,nuface me,,,sun shield spf 50 pa
erha face wash sabun wajah kulit sensitif,erha,"sabun wajah, face wash",,kulit sensitif
skintific toner soothing ceramide repair skin barrier,skintific,toner,ceramide,"repair skin barrier, soothing"
erha brightening pore toner pencerah wajah hitam pelembab hydrating tranexamic acid,erha,"pelembab, toner",tranexamic acid,"brightening pore, pencerah wajah hitam, hydrating"
bioderma gel moisturizer,bioderma,"gel, moisturizer",,
safi age defy radiant day cream emulsion spf 25 pa pagi,safi,cream emulsion,,"age defy radiant day, spf 25 pa pagi"
cerave facial moisturising lotion spf30 pelembab wajah,cerave,"lotion, pelembab wajah",,"facial moisturising, spf30"
neutrogena moisturizer repair regenerating cream pelembap untuk mengurangi kerutan,neutrogena,"moisturizer, cream pelembap",,"repair regenerating, untuk mengurangi kerutan"
skintific moisturizer gel ceramide repair skin barrier,skintific,moisturizer gel,ceramide,repair skin barrier
cetaphil sunscreen spf50 light gel tabir surya ringan untuk kulit sensitif perlindungan uva uvb,cetaphil,"gel tabir surya, sunscreen",,"ringan untuk kulit sensitif perlindungan uva uvb, spf50 light"
you amino anti jerawat facial wash sabun cuci wajah,you,facial wash sabun cuci wajah,amino,anti jerawat
safi ultimate bright purifying cleanser wajah pori,safi,cleanser,,"wajah pori, ultimate bright purifying"
senka facial foam white sabun cleanser wajah,senka,"facial foam, sabun cleanser wajah",,white
erha toner untuk kulit sensitif,erha,toner,,untuk kulit sensitif
biore mens facial foam clean oil balance sabun wajah,biore mens,"sabun wajah, facial foam",,clean oil balance
you amino anti bacterial facial wash acid berminyak,you,facial wash,"acid, amino","berminyak, anti bacterial"
you amino brightening facial wash pencerah wajah kuning hyaluronic acid asam untuk membersihkan pori angkat sel kulit mati,you,facial wash,"hyaluronic acid, asam, amino","untuk membersihkan pori angkat sel kulit mati, pencerah wajah kuning, brightening"
somethinc acnedot treatment moisturizer gel pelembab wajah,somethinc,moisturizer gel pelembab wajah,,acnedot treatment
nivea body spf,nivea,,,"body, spf"
you amino brightening facial wash pencerah wajah acid,you,facial wash,"acid, amino","pencerah wajah, brightening"
acnes creamy wash facial,acnes,creamy wash facial,,
erha facial wash jerawat berminyak wajah perawatan,erha,facial wash,,"jerawat, berminyak wajah perawatan"
azarine daily moisturizer oil brightening,azarine,moisturizer,,"oil brightening, daily"
senka facial foam fresh anti shine,senka,facial foam,,fresh anti shine
erha21 erha facial wash normal dry skin sabun wajah wanita vitamin,erha21 erha,"sabun wajah, facial wash",vitamin,"normal dry skin, wanita"
labore repair cream pelembab kulit sangat kering sensitif,labore,cream,,"pelembab kulit sangat kering sensitif, repair"
momami soothing gel aloe vera,momami,gel,aloe vera,soothing
natur e advanced intensive eye treatment serum perawatan mata astaxanthin cucumber vitamin,natur e,serum,"astaxanthin cucumber, vitamin","perawatan mata, advanced intensive eye treatment"
bioderma cleanser wajah untuk kulit sensitif,bioderma,cleanser wajah,,untuk kulit sensitif
kahf triple protection sunscreen moisturizer spf 30 pa pelembap wajah pria melindungi dari sinar uv,kahf,"sunscreen moisturizer, pelembap",,"spf 30 pa, triple protection, wajah pria melindungi dari sinar uv"
nivea men white oil control facial foam,nivea men,facial foam,,white oil control
kahf sunscreen stick spf 50 pa tabir surya pria,kahf,"tabir surya, sunscreen stick",,"pria, spf 50 pa"
spf 50 pa lotion wajah ultra protection sunscreen cooling perlindungan uv terbaik tahan air keringat segar pendinginan,,"lotion wajah, sunscreen",,"cooling perlindungan uv terbaik tahan air keringat segar pendinginan, ultra protection, spf 50 pa"
la roche posay balm,la roche posay,balm,,
azarine hydrasoothe sunscreen gel spf45 pa tabir surya pelembab kulit,azarine,"sunscreen gel, tabir surya",,"pelembab kulit, spf45 pa, hydrasoothe"
cerave foaming cleanser normal to oily skin wajah,cerave,foaming cleanser,,normal to oily skin wajah
skin aqua uv moisturizer milk spf50 pa perawatan wajah melindungi kulit serta mencerahkan,skin aqua,moisturizer,milk,"spf50 pa, uv, perawatan wajah melindungi kulit serta mencerahkan"
hanasui white serum,hanasui,serum,,white
verile jerawat care facial wash sabun pencuci wajah,verile,facial wash sabun pencuci wajah,,jerawat care
hanasui vitamin c serum orange,hanasui,serum,"orange, vitamin c",
erha jerawat sunscreen spf 45 pa wajah mencerahkan,erha,sunscreen,,"jerawat, spf 45 pa wajah mencerahkan"
la roche posay moisturizer untuk melembabkan kulit sensitif,la roche posay,moisturizer,,untuk melembabkan kulit sensitif
bioderma ultra face body moisturizer pelembab kulit,bioderma,moisturizer,,"pelembab kulit, ultra face body"
scabimite blacksoap cleansing,scabimite,blacksoap,,cleansing
clinelle hydracalm cream wajah,clinelle,cream wajah,,hydracalm
acnes natural care yoghurt face wash facial komedo,acnes,face wash,yoghurt,"facial komedo, natural care"
hada labo tamagohada lotion mild peeling,hada labo tamagohada,lotion,,mild peeling
nivea sun face serum instant aura spf 50 sunscreen wajah,nivea,"sunscreen wajah, sun face serum",,instant aura spf 50
clinelle hydracalm lotion melembabkan kulit wajah,clinelle,lotion,,"hydracalm, melembabkan kulit wajah"
la roche posay vitamin c12 mencerahkan menyamarkan kerutan,la roche posay,,vitamin c12,mencerahkan menyamarkan kerutan
azarine hydramax c sunscreen serum spf 50 pa,azarine,sunscreen serum,c,"hydramax, spf 50 pa"
himalaya clear complexion white face wash cleanser wajah,himalaya,face wash cleanser wajah,,clear complexion white
emina bright face wash,emina,face wash,,bright
glowsophy watermelon brightening moisturizer skin barrier niacinamide gel day and night pelembab wajah mencerahkan kulit bercahaya cream pencerah ceramide,glowsophy,"gel, moisturizer, cream, pelembab wajah","watermelon, niacinamide, ceramide","mencerahkan kulit bercahaya, day and night, skin barrier, brightening, pencerah"
erha age corrector day cream peptides hyaluronate moisturizer pelembab hitam perawatan,erha,"moisturizer, cream",peptides hyaluronate,"age corrector day, pelembab hitam perawatan"
erha deep cleansing facial wash sabun wajah pria,erha,facial wash sabun wajah pria,,deep cleansing
biore uv aqua rich sunscreen,biore,sunscreen,aqua,"uv, rich"
white neng skin cream penyamar noda hitam wajah,,skin cream,,"white neng, penyamar noda hitam wajah"
azarine toner acids glowing,azarine,toner,acids,glowing
garnier men fight anti jerawat,garnier men,,,fight anti jerawat
himalaya oil control lemon face wash cleanser wajah minyak,himalaya,face wash cleanser,lemon,"oil control, wajah minyak"
acnes natural care oil control face wash,acnes,face wash,,natural care oil control
erha arbutin panthenol brightening day cream wajah niacinamide pelembab,erha,"pelembab, cream wajah","arbutin panthenol, niacinamide",brightening day
skintific moisturizer cream gel,skintific,moisturizer cream gel,,
erha niacinamide peptide dark spot corrector hitam perawatan wajah,erha,,niacinamide peptide,dark spot corrector hitam perawatan wajah
erha booster facial wash sabun wajah pencerah pria,erha,booster facial wash sabun wajah,,pencerah pria
physiogel cream,physiogel,cream,,
erto why jerawat toner untuk kulit berminyak prone skin oil control anti inflamasi,erto why,toner,,"jerawat, untuk kulit berminyak prone skin oil control anti inflamasi"
why jerawat facial wash ertos cleanser untuk kulit berminyak prone skin oil control wajah sabun cuci anti inflamasi,"ertos, why","facial wash, sabun cuci, cleanser",,"jerawat, anti inflamasi, untuk kulit berminyak prone skin oil control wajah"
clinelle hydracalm cleansing gel serum,clinelle,gel serum,,hydracalm cleansing
westcare uv protector spf 45 pa sunblock wajah,westcare,sunblock wajah,,uv protector spf 45 pa
sariayu age defense face serum,sariayu,face serum,,age defense
clinelle calm care treatment cream pelembab kulit sensitif kemerahan,clinelle,cream pelembab,,"kemerahan, calm care treatment, kulit sensitif"
clinelle whitenup brightening cleanser,clinelle,cleanser,,whitenup brightening
clinelle purifying gel moisturizer pelembab wajah kulit berminyak jerawat,clinelle,gel moisturizer pelembab,,"purifying, wajah kulit berminyak jerawat"
ovale facial lotion intense glow white aloe vera bengkoang,ovale,facial lotion,aloe vera bengkoang,intense glow white
viva face tonic lemon,viva,face tonic,lemon,
erto facial treatment centella asiatica wash sabun cuci wajah cleanser ph balance untuk semua jenis kulit,erto,wash sabun cuci wajah cleanser,centella asiatica,"ph balance untuk semua jenis kulit, facial treatment"
berryc spray patch stiker anti nyamuk pengusir gigitan serangga anak bayi dewasa kuat awet lucu mini pocket semprotan,berryc,"spray, patch stiker, mini pocket semprotan",,"anti nyamuk, kuat awet lucu, pengusir gigitan serangga anak bayi dewasa"
erto sabun cuci wajah cleanser ph balance untuk semua jenis kulit membersihkan kotoran perawatan,erto,sabun cuci wajah cleanser,,ph balance untuk semua jenis kulit membersihkan kotoran perawatan
sariayu spf 30 pa tone up sunscreen serum instant brightening mencerahkan non acnegenic comedogenic broad spectrum glowing sunblock,sariayu,"sunblock, tone up sunscreen serum",,"spf 30 pa, non acnegenic comedogenic broad spectrum glowing, instant brightening mencerahkan"
physiogel daily moisturizer cream,physiogel,"moisturizer, cream",,daily
ertos serum retinol niacinamide,ertos,serum,retinol niacinamide,
,,,,
klinsen facial oil control white,klinsen,,,facial oil control white
sariayu jeruk cleansing milk,sariayu,,"jeruk, milk",cleansing
sariayu jeruk refreshing toner,sariayu,toner,jeruk,refreshing
anti - aging serum hydrating anti flek hitam untuk semua jenis kulit,,serum,,"anti - aging, hydrating anti flek hitam untuk semua jenis kulit"
erto sunscreen gel sunblock untuk semua jenis kulit spf uva uvb protector skin barrier protect anti flek anti - aging,erto,sunscreen gel sunblock,,untuk semua jenis kulit spf uva uvb protector skin barrier protect anti flek anti - aging
clinelle firming cream,clinelle,cream,,firming
erto men serum malam niacinamide centella brigtening white,erto men,serum,niacinamide centella,"malam, brigtening white"
erto night cream malam mencerahkan glowing brightening untuk kulit normal kering white moisturizer pelembab wajah,erto,"cream, moisturizer pelembab wajah",,"malam mencerahkan glowing brightening untuk kulit normal kering white, night"
westcare exfoliating face wash,westcare,face wash,,exfoliating
sabun aha bha pha cleanser wajah ph balanced untuk kulit jerawat,,"sabun, cleanser wajah",aha bha pha,ph balanced untuk kulit jerawat
erto glowing day cream siang mencerahkan brightening white untuk kulit kering normal,erto,cream,,"siang mencerahkan brightening white untuk kulit kering normal, glowing day"
astaderm gel pelembab wajah,astaderm,gel pelembab wajah,,
sunscreen tone up serum sariayu spf 30 pa non alcohol,sariayu,sunscreen tone up serum,,spf 30 pa non alcohol
sunscreen spf 30 pa tone up serum,,"tone up serum, sunscreen",,spf 30 pa
sariayu hydraglow face serum,sariayu,face serum,,hydraglow
sariayu mawar cleansing milk,sariayu,,"milk, mawar",cleansing
erto expert spf 30 pa sunblock untuk semua jenis kulit,erto,sunblock,,"expert spf 30 pa, untuk semua jenis kulit"
ertos eyebag dark circle serum mata perawatan treatment eye cream menghilangkan kantong,ertos,"cream, serum mata",,"menghilangkan kantong, eyebag dark circle, perawatan treatment eye"
erto glowing gel mencerahkan brightening untuk kulit normal berminyak kering,erto,gel,,"glowing, mencerahkan brightening untuk kulit normal berminyak kering"
erto glowing facial toner untuk kulit kering brightening hydrating,erto,toner,,"untuk kulit kering brightening hydrating, glowing facial"
physiogel moisturizer cleanser,physiogel,"moisturizer, cleanser",,
clinelle skin smoothing scrub mask exfoliating wajah,clinelle,scrub mask,,"exfoliating wajah, skin smoothing"
erto men serum siang niacinamide centella brigtening white,erto men,serum,niacinamide centella,"brigtening white, siang"
erto niacinamide serum mencerahkan noda hitam melembabkan meratakan warna kulit,erto,serum,niacinamide,mencerahkan noda hitam melembabkan meratakan warna kulit
retinol serum untuk kulit berminyak glowing brightening vitamin anti - aging samarkan garis halus flek hitam,,serum,"retinol, vitamin","untuk kulit berminyak glowing brightening, anti - aging samarkan garis halus flek hitam"
sariayu moisturizer,sariayu,moisturizer,,
clinelle whitenup brightening spot essence,clinelle,essence,,whitenup brightening spot
l oreal shampoo,l oreal,shampoo,,
erto facial treatment sabun cuci wajah,erto,sabun cuci wajah,,facial treatment
kelly lemon soap,kelly,soap,lemon,
westcare rose hydrating toner,westcare,toner,rose,hydrating
sariayu mawar cleansing milk,sariayu,,"milk, mawar",cleansing
westcare glowing moisturizer,westcare,moisturizer,,glowing
astaderm cream pelembab kulit antioksidan,astaderm,cream pelembab kulit,,antioksidan
astaderm cream pelembab kulit antioksidan,astaderm,cream pelembab kulit,,antioksidan
ertos jerawat expert facial toner untuk kulit berminyak prone skin oil control anti inflamasi,ertos,toner,,"jerawat expert facial, untuk kulit berminyak prone skin oil control anti inflamasi"
erto eyelash serum bulu mata,erto,"eyelash serum, bulu mata",,
ertos glowing kulit mencerahkan,ertos,,,"glowing, kulit mencerahkan"
dayman facial wash scrub extra cooling,dayman,facial wash scrub,,extra cooling
erto astaxanthine cream siang mencerahkan glowing untuk kulit normal kering white moisturizer anti flek hitam,erto,"moisturizer, cream",astaxanthine,"anti flek hitam, siang mencerahkan glowing untuk kulit normal kering white"
physiogel moisturizer cleanser,physiogel,"moisturizer, cleanser",,
westcare brightening face wash,westcare,face wash,,brightening
erto glowing brightening white facial wash toner cream mencerahkan kulit wajah,erto,facial wash toner cream,,"glowing, brightening white, mencerahkan kulit wajah"
erto glowing facial wash sabun cuci wajah cleanser ph balance untuk kulit normal kering brightening anti - aging hydrating mencerahkan,erto,"sabun cuci wajah cleanser, facial wash",,"glowing, ph balance untuk kulit normal kering brightening anti - aging hydrating mencerahkan"
sariayu spf 30 pa tone up sunscreen serum,sariayu,tone up sunscreen serum,,spf 30 pa
erto glowing night cream malam mencerahkan brightening white untuk kulit kering,erto,cream,,"glowing night, malam mencerahkan brightening white untuk kulit kering"
sariayu refreshing toner,sariayu,toner,,refreshing
klinsen facial exfoliating,klinsen,,,facial exfoliating
biokos nutrition nutrient cleanser,biokos,cleanser,nutrition nutrient,
mederma gel,mederma,gel,,
sariayu age defense gel facial foam,sariayu,gel facial foam,,age defense
dewi sri spa rose body mist,dewi sri spa,body mist,rose,
biokos probiotic moisturizer cream gel,biokos,moisturizer cream gel,probiotic,
sariayu bright skin putih langsat moisturizer,sariayu,moisturizer,,bright skin putih langsat
biokos pure balance oil control toner,biokos,toner,,pure balance oil control
kahf face wash,kahf,face wash,,
renewage face wash,,face wash,,renewage
biokos nutrition facial foam,biokos,facial foam,nutrition,
autan refresh,autan refresh,,,
biokos age revitalize day cream spf30,biokos,cream,,"age revitalize day, spf30"
biokos age renew anti wrinkle revitalizing serum,biokos,serum,,age renew anti wrinkle revitalizing
biokos daily protection sunscreen spray spf 50 vitamin c,biokos,sunscreen spray,vitamin c,"daily protection, spf 50"
renewage face scrub,,face scrub,,renewage
happy green rosehip seed oil minyak biji,happy green,,rosehip seed oil minyak biji,
fabil facial foam back young skin barrier cream melembabkan membersihkan wajah secara menyeluruh mencerahkan,fabil,"facial foam, cream",,"melembabkan membersihkan wajah secara menyeluruh, back young skin barrier, mencerahkan"
happy green almond oil,happy green,,almond oil,
happy green maracuja oil minyak biji markisa,happy green,,maracuja oil minyak biji markisa,
papain enzyme facial cleanser sabun cuci wajah pencerah jerawat pepaya bright mencerahkan,papain enzyme,"sabun cuci wajah, facial cleanser",pepaya,"bright, pencerah jerawat, mencerahkan"
happy green black castor oil minyak hitam usda,happy green,,black castor oil minyak hitam usda,
cerave foaming cleanser ceramide face wash oily skin,cerave,"face wash, foaming cleanser",ceramide,oily skin
er 1 anti - aging intensive night cream aha txa aloe vera,er 1,cream,aha txa aloe vera,anti - aging intensive night
pure almond oil serum wajah,pure,serum wajah,almond oil,
pure olive oil serum wajah,pure,serum wajah,olive oil,
sulwhasoo ginseng rejuvenating ampoule perawatan wajah ampul anti - aging regenerating strengthening essence,sulwhasoo,essence,ginseng,"perawatan wajah ampul anti - aging regenerating strengthening, rejuvenating ampoule"
cerave hydrating cleanser moisturizing cream,cerave,"cream, cleanser",,"hydrating, moisturizing"
er pure bright brightening pencerah serum night cream sunscreen facial wash cleanser toner,er,"serum, cream, sunscreen facial wash cleanser toner",,"pure bright, night, brightening pencerah"
sulwhasoo cleansing cleanser wajah anti - aging facial,sulwhasoo,cleanser,,"wajah anti - aging facial, cleansing"
cerave moisturising cream pump ceramide normal dry,cerave,cream pump,ceramide,"moisturising, normal dry"
sulwhasoo ginseng rejuvenating cream rich moisturizer wajah pelembap anti - aging hydrating,sulwhasoo,cream rich moisturizer wajah pelembap,ginseng,"anti - aging hydrating, rejuvenating"
sulwhasoo ginseng brightening serum anti - aging wajah mencerahkan menenangkan kulit niacinamide essence pencerah,sulwhasoo,"serum, essence","ginseng, niacinamide","anti - aging wajah mencerahkan menenangkan kulit, pencerah, brightening"
happy green tamanu oil,happy green,,tamanu oil,
r1 kit cakep face wash calming essence toner refining bright serum uv watery shield sunscreen reviving midnight care,r1 kit cakep,"essence toner, serum, face wash, sunscreen",,"calming, refining bright, reviving midnight care, uv watery shield"
happy green argan oil,happy green,,argan oil,
happy green babassu oil,happy green,,babassu oil,
sulwhasoo first activating serum 6th anti - aging essence boosting perawatan wajah strengthen skin barrier ginseng,sulwhasoo,"serum, essence",ginseng,"6th anti - aging, activating, boosting perawatan wajah strengthen skin barrier, first"
cerave normal to oily essential foaming cleanser moisturising lotion hydrating,cerave,"lotion, essential, foaming cleanser",,"moisturising, normal to oily, hydrating"
er 1 brightening skin pencerah glowing day cream night toner wajah serum sunscreen facial cleanser,er 1,"toner wajah serum sunscreen facial cleanser, cream",,"night, brightening skin, pencerah glowing day"
sulwhasoo white ginseng radiance refining mask scrub exfoliating mencerahkan perawatan wajah anti - aging,sulwhasoo,mask scrub,ginseng,"white, radiance refining, exfoliating mencerahkan perawatan wajah anti - aging"
fabil basic hydration prep hydrasoothe barrier toner facial foam pelembap wajah mengatasi kemerahan iritasi kulit secara cepat cleanser yang tidak menimbulkan efek ketarik,fabil,"toner facial foam, cleanser",,"yang tidak menimbulkan efek ketarik, pelembap wajah mengatasi kemerahan iritasi kulit secara cepat, basic hydration prep hydrasoothe barrier"
er daily calming soothing toner chamomile aha,er,toner,chamomile aha,daily calming soothing
cerave resurfacing retinol serum jerawat prone skin,cerave,serum,retinol,"jerawat prone skin, resurfacing"
papain facial wash cleanser bright jerawat face sabun cuci wajah pepaya pencerah berminyak,papain,"facial wash, sabun cuci wajah, cleanser",pepaya,"pencerah berminyak, bright jerawat face"
happy green lavender,happy green,,lavender,
r1 mencerahkan tuntas,r1,,,mencerahkan tuntas
er 1 pure bright sunscreen niacinamide spf panthenol day cream uv matahari white dark spot pelembab,er 1,"pelembab, cream, sunscreen","niacinamide, panthenol","day, pure bright, uv matahari white dark spot, spf"
sulwhasoo ginseng rejuvenating cream anti - aging moisturizer wajah peptides,sulwhasoo,"cream, moisturizer wajah","ginseng, peptides","anti - aging, rejuvenating"
cerave daily moisturizing cream hydrating cleanser,cerave,"cream, cleanser",,"hydrating, daily moisturizing"
papain facial wash cleanser bright and jerawat face sabun cuci wajah pepaya pencerah,papain,"facial wash cleanser, sabun cuci wajah",pepaya,"pencerah, bright and jerawat face"
papain facial wash cleanser bright jerawat face sabun cuci wajah pepaya pencerah berminyak,papain,"facial wash, sabun cuci wajah, cleanser",pepaya,"pencerah berminyak, bright jerawat face"
cerave foaming cleanser,cerave,foaming cleanser,,
r1 calming essence toner wajah pria,r1,"essence toner, pria",,"calming, wajah"
essenli face and hair oil serum pelembab wajah,essenli,"face and hair oil serum, pelembab wajah",,
fabil moringa sunscreen mist spf 45 pa spray melembabkan melindungi dari sinar uv halus tidak pedih mata mudah diserap tanpa alkohol,fabil,"spray, sunscreen mist",moringa,"melembabkan melindungi dari sinar uv, mudah diserap tanpa alkohol, spf 45 pa, halus tidak pedih mata"
fabil bakuchiol nephelium revitalizing serum mengurangi garis halus kerutan memperbaiki tekstur kulit retinol moringa cica alpha arbutin,fabil,serum,"bakuchiol nephelium, moringa, cica alpha arbutin, retinol","mengurangi garis halus kerutan, revitalizing, memperbaiki tekstur kulit"
r1 bersih tuntas face wash calming essence toner,r1,"essence toner, face wash",,"calming, bersih tuntas"
happy green rosehip seed oil minyak biji,happy green,,rosehip seed oil minyak biji,
er 1 pure bright serum high anti oxidant alpha arbutin mencerahkan,er 1,serum,alpha arbutin,"pure bright, high anti oxidant, mencerahkan"
pure grapeseed oil minyak biji anggur serum wajah,pure,serum wajah,grapeseed oil minyak biji anggur,
lume facial cleanser komedo wajah,lume,facial cleanser,,"komedo, wajah"
er pure bright purifying toner lactic acid aha,er,toner,lactic acid aha,pure bright purifying
cerave moisturising cream ceramide moisturizer normal dry skin,cerave,"moisturizer, cream",ceramide,"moisturising, normal dry skin"
dermapro cream pelembab kulit,dermapro,"cream, pelembab",,kulit
suu balm lotion pelembab tubuh untuk kulit kering sensitif rentan eksim aman ibu hamil menyusui ceramide lawan gatal no steroid cooling menthol,suu balm,lotion,ceramide,"no steroid cooling menthol, aman ibu hamil menyusui, pelembab tubuh untuk kulit kering sensitif rentan eksim, lawan gatal"
er advanced anti - aging kerutan serum night cream day sunscreen facial wash cleanser toner,er,"serum, cream, sunscreen facial wash cleanser toner",,"advanced anti - aging, day, kerutan, night"
hydrasoothe barrier toner infused serum pelembap wajah meredakan kemerahan mengatasi iritasi kulit,,toner infused serum,,"hydrasoothe barrier, pelembap wajah meredakan kemerahan mengatasi iritasi kulit"
sulwhasoo uv daily essential sunscreen tabir surya semua jenis kulit,sulwhasoo,essential sunscreen tabir surya,,"uv daily, semua jenis kulit"
happy green rose water damascena,happy green,,rose water damascena,
happy green jojoba oil,happy green,,jojoba oil,
sulwhasoo first activating serum 6th anti - aging essence boosting perawatan wajah strengthen skin barrier ginseng,sulwhasoo,"serum, essence",ginseng,"6th anti - aging, activating, boosting perawatan wajah strengthen skin barrier, first"
r1 reviving midnight care cream malam wajah pria,r1,"cream, wajah",,"malam, reviving midnight care, pria"
r1 pagi face wash uv watery shield sunscreen,r1,"face wash, sunscreen",,"pagi, uv watery shield"
r1 face wash sabun wajah pria,r1,face wash sabun wajah pria,,
sulwhasoo uv daily tone up sunscreen tabir surya semua jenis kulit,sulwhasoo,tone up sunscreen tabir surya,,"uv daily, semua jenis kulit"
er pure bright moisturizer night cream arbutin,er,"moisturizer, cream",arbutin,"pure bright, night"
happy green rice bran oil bekatul,happy green,,rice bran oil bekatul,
sulwhasoo,sulwhasoo,,,
fabil niacinamide centella bright serum mencerahkan menghilangkan noda hitam meratakan warna kulit wajah tetap terhidrasi sepanjang hari sehat cica licorice,fabil,serum,"cica licorice, niacinamide centella","mencerahkan menghilangkan noda hitam meratakan warna kulit wajah tetap terhidrasi sepanjang hari sehat, bright"
20 niacinamide rice glow booster serum mencerahkan menghilangkan noda hitam meratakan warna kulit wajah,20,serum,niacinamide rice,"mencerahkan menghilangkan noda hitam meratakan warna kulit wajah, glow booster"
bdl soap sabun pepaya membersihkan,bdl,"sabun, soap",pepaya,membersihkan
flacenta brightening soap pearl,flacenta,soap,pearl,brightening
bdl moisturizer night cream papaya pelembab wajah mencerahkan meratakan warna kulit vitamin e,bdl,"moisturizer, cream","papaya, vitamin e","pelembab wajah mencerahkan meratakan warna kulit, night"
bdl facial wash papaya bengkuang manggis sabun cuci wajah untuk mencerahkan menghilangkan jerawat flek hitam,bdl,"facial wash, sabun cuci wajah",papaya bengkuang manggis,untuk mencerahkan menghilangkan jerawat flek hitam
bdl facial wash papaya bengkuang manggis sabun cuci wajah untuk mencerahkan menghilangkan jerawat flek hitam,bdl,"facial wash, sabun cuci wajah",papaya bengkuang manggis,untuk mencerahkan menghilangkan jerawat flek hitam
bdl brightening soap,bdl,soap,,brightening
bdl papaya facial wash,bdl,facial wash,papaya,
bdl facial wash,bdl,facial wash,,
bdl sabun papaya facial wash brightening soap untuk kulit berminyak jerawat,bdl,"facial wash, sabun, soap",papaya,"untuk kulit berminyak jerawat, brightening"
poise facial foam anti bacterial,poise,facial foam,,anti bacterial
poise sabun wajah white,poise,sabun wajah,,white
poise facial foam clearshine,poise,facial foam,,clearshine
poise facial foam anti jerawat,poise,facial foam,,anti jerawat
poise facial foam white,poise,facial foam,,white
dojako basic glowing perawatan kulit optimal amino acid cleanser toner cream spf 50 pa,dojako,"cleanser toner, cream",amino acid,"basic glowing perawatan kulit optimal, spf 50 pa"
dojako milk hydrating toner face mist setting spray,dojako,toner face mist setting spray,milk,hydrating
wardah bright creamy foam brightening smooth glow,wardah,creamy foam,,"bright, brightening smooth glow"
glikoderm clarifying facial cleanser,glikoderm,facial cleanser,,clarifying
paul joe hydrating gel,paul joe,gel,,hydrating
glikoderm moisturizing cream,glikoderm,cream,,moisturizing
labore sensitive cream,labore,cream,,sensitive
garnier men turbolight oil control brightening scrub,garnier men,scrub,,turbolight oil control brightening
do skin brightening serum aging,do skin,serum,,"aging, brightening"
dojako basic bumil busui facial foam amino acid cleanser toner sunscreen spf50 pa,dojako,"facial foam, cleanser toner, sunscreen",amino acid,"spf50 pa, basic bumil busui"
dojako lawan bintik flek hitam cream sunscreen facial foam,dojako,cream sunscreen facial foam,,lawan bintik flek hitam
dojako serum proxylane mencerahkan mengencangkan wajah kulit kering jerawat glutathione anti - aging kerutan oat,dojako,serum,"glutathione, proxylane, oat","anti - aging kerutan, mencerahkan mengencangkan wajah kulit kering jerawat"
wardah lightening face toner clean white,wardah,face toner,,"clean white, lightening"
jf jerawat spot care cleanser,jf,cleanser,,jerawat spot care
topicare soothing cream,topicare,cream,,soothing
dojako glowing awet muda amino acid cleanser toner serum anti kerut pelembab cream spf 50 pa,dojako,"serum, cleanser toner, pelembab cream",amino acid,"spf 50 pa, glowing awet muda, anti kerut"
white flek hitam jerawat dojako,dojako,,,white flek hitam jerawat
toner jerawat treatment obat totol facial wash dojako,dojako,"obat totol facial wash, toner",,jerawat treatment
kahf oil and jerawat care face wash,kahf,face wash,,oil and jerawat care
mata bintitan timbilan pengempis benjolan kelopak propolis sm,sm,,propolis,mata bintitan timbilan pengempis benjolan kelopak
cream anti noda bintik flek hitam hilang dojako memutihkan mencerahkan pelembab penghilang hyaluronic acid vitamin c,dojako,"cream, pelembab",hyaluronic acid vitamin c,"penghilang, memutihkan mencerahkan, anti noda bintik flek hitam hilang"
paul joe lotion,paul joe,lotion,,
ichtiyol zalf,ichtiyol zalf,,,
paul joe cleansing gel,paul joe,gel,,cleansing
viva milk cleanser cucumber,viva,cleanser,"milk, cucumber",
complete easy,complete easy,,,
glowing jerawat dojako,dojako,,,glowing jerawat
facial foam serum jerawat dojako,dojako,facial foam serum,,jerawat
oilum hydrating care facial,oilum,facial,,hydrating care
do skin daily day cream sunscreen spf,do skin,cream sunscreen,,"daily day, spf"
derma xp white serum,derma xp,serum,,white
blink n clean,blink n clean,,,
do skin brightening night cream,do skin,cream,,brightening night
labore sensitive skin nutrition gel,labore,gel,,"skin nutrition, sensitive"
paul joe,paul joe,,,
propolis sm penghilang panu anak kulit badan wajah,sm,,propolis,"kulit badan wajah, penghilang panu anak"
melanox cream,melanox,cream,,
hanasui vitamin c collagen serum,hanasui,serum,vitamin c collagen,
octenilin gel,octenilin,gel,,
amino acid cleanser facial foam sabun cuci wajah dojako mengencangkan membersihkan cleansing mencerahkan natural bamboo charcoal,dojako,cleanser facial foam sabun cuci wajah,"bamboo charcoal, amino acid",mengencangkan membersihkan cleansing mencerahkan natural
do skin jerawat cleanser,do skin,cleanser,,jerawat
do skin facial toner,do skin,facial toner,,
bio oil,bio oil,,,
jf sulfur jerawat protect soap,jf,soap,sulfur,jerawat protect
dear doer cleansing mask cleanser,dear doer,mask cleanser,,cleansing
cream glowing white facial foam dojako,dojako,"facial foam, cream",,glowing white
xpeditions mcs ss jerawat,xpeditions mcs ss,,,jerawat
wardah bright creamy foam oil control,wardah,creamy foam,,"bright, oil control"
ovale facial lotion lemon,ovale,facial lotion,lemon,
dojako anti - aging cream glowing serum anti kerut facial foam,dojako,"serum, facial foam, cream",,"glowing, anti - aging, anti kerut"
ovale facial lotion white bengkoang,ovale,facial lotion,bengkoang,white
cream glowing flek hitam dojako,dojako,cream,,glowing flek hitam
pixy white serum mist,pixy,serum mist,,white
olay perawatan kulit anti - aging wajah moisturizer cleanser,olay,moisturizer cleanser,,perawatan kulit anti - aging wajah
revox b77 glycolic acid serum peeling exfoliating wajah,revox b77,serum,glycolic acid,peeling exfoliating wajah
olay anti ageing serum,olay,serum,,anti ageing
olay regenerist day cream serum antiaging,olay,cream serum,,"day, antiaging, regenerist"
olay regenerist cream pelembab pagi malam anti - aging,olay,cream pelembab,,"regenerist, pagi malam anti - aging"
olay regenerist mircro cream night,olay,cream,,"regenerist mircro, night"
olay white radiance night cream,olay,cream,,white radiance night
argan oil essential,,essential,argan oil,
you vitamin orange,you,,vitamin orange,
parasol face sunscreen cream spf 33,parasol,face sunscreen cream,,spf 33
olay revitalising night cream antiaging niacinamide,olay,cream,niacinamide,"revitalising night, antiaging"
olay moisturising cream spf15 anti - aging,olay,cream,,"moisturising, spf15 anti - aging"
parasol cooling mist sun spray tabir surya spf25 pa,parasol,mist sun spray tabir surya,,"spf25 pa, cooling"
peau jeune serum dry skin daily hydrating shot untuk kulit kering wajah essence,peau jeune,"serum, essence",,dry skin daily hydrating shot untuk kulit kering wajah
parasol sunscreen lotion skin whitener spf 45 pa,parasol,sunscreen lotion,,skin whitener spf 45 pa
olay regenerist moisturizer uv cream,olay,"moisturizer, cream",,"uv, regenerist"
melanox face scrub,melanox,face scrub,,
vitamin c serum wajah ferulic acid untuk mencerahkan melindungi kulit kusam,,serum wajah,"ferulic acid, vitamin c",untuk mencerahkan melindungi kulit kusam
melanox facial cleansing gel cleanser wajah lemon papaya oat,melanox,gel cleanser wajah,lemon papaya oat,facial cleansing
olay perawatan kulit sensitif,olay,,,perawatan kulit sensitif
olay regenerist collagen peptide moisturizer,olay,moisturizer,collagen peptide,regenerist
olay regenerist perawatan kulit anti - aging serum cream pagi malam,olay,serum cream,,"pagi malam, regenerist perawatan kulit anti - aging"
parasol moisturizing spray,parasol,spray,,moisturizing
melanox cleansing gel toner uv protection perawatan mencerahkan wajah,melanox,"gel, toner",,"uv protection perawatan mencerahkan wajah, cleansing"
minimalist oat cleanser face wash sabun cuci wajah hyaluronic acid untuk kulit sensitif,minimalist,cleanser face wash sabun cuci wajah,"hyaluronic acid, oat",untuk kulit sensitif
sun flower sunflower oil minyak biji bunga matahari,sun flower,,sunflower oil minyak biji bunga matahari,
olay perawatan wajah anti - aging,olay,,,"anti - aging, perawatan wajah"
reglow,reglow,,,
niacinamide serum wajah untuk mengurangi minyak noda ha hyaluronic,,serum wajah,"niacinamide, ha, hyaluronic",untuk mengurangi minyak noda
olay retinol serum wajah anti - aging,olay,serum wajah,retinol,anti - aging
olay luminous niacinamide vitamin c cream pelembab brightening,olay,cream pelembab,niacinamide vitamin c,"luminous, brightening"
olay regenerist cream pelembab pagi sabun wajah anti - aging,olay,"sabun wajah, cream pelembab",,"anti - aging, pagi, regenerist"
olay niacinamide antiaging cream serum,olay,cream serum,niacinamide,antiaging
minimalist salicylic acid cleanser anti jerawat face wash sabun cuci wajah untuk kulit berminyak,minimalist,"face wash, sabun cuci wajah, cleanser",salicylic acid,"anti jerawat, untuk kulit berminyak"
olay antiaging niacinamide day cream serum,olay,cream serum,niacinamide,"day, antiaging"
pixy uv sunscreen hydra cream spf50 pa,pixy,"cream, sunscreen",,"spf50 pa, uv, hydra"
olay regenerist sabun cuci wajah pelembab retinol moisturizer antiaging,olay,"sabun cuci wajah pelembab, moisturizer",retinol,"antiaging, regenerist"
peau jeune toner daily purifying skin booster untuk kulit jerawat berminyak wajah mencerahkan,peau jeune,toner,,daily purifying skin booster untuk kulit jerawat berminyak wajah mencerahkan
parasol sunscreen cream,parasol,sunscreen cream,,
olay white radiance brightening niacinamide essence,olay,essence,niacinamide,white radiance brightening
olay regenerist micro cream,olay,cream,,regenerist micro
pixy vitamin infused protecting mist,pixy,mist,vitamin,infused protecting
astalift white emulsion,astalift,emulsion,,white
derma xp txa white serum mencerahkan kulit wajah,derma xp txa,serum,,"white, mencerahkan kulit wajah"
olay luminous niacinamide brightening serum,olay,serum,niacinamide,"luminous, brightening"
ceramide madecassoside barrier repair moisturizing cream moisturizer pelembab wajah ursolic acid untuk kulit berminyak pagi malam hyaluronic,,cream moisturizer pelembab wajah,"ceramide madecassoside, hyaluronic, ursolic acid","pagi malam, barrier repair moisturizing, untuk kulit berminyak"
olay cream pelembab retinol 24 anti - aging,olay,cream pelembab,retinol,24 anti - aging
pixy white facial wash,pixy,facial wash,,white
melanox double power eyes perawatan serum cream mata,melanox,serum cream,,"double power eyes perawatan, mata"
olay regenerist retinol niacinamide moisturizer cream pelembab malam anti - aging,olay,moisturizer cream pelembab,"retinol, niacinamide","malam anti - aging, regenerist"
olay moisturizer cream pencerah pelembab wajah,olay,"moisturizer cream, pelembab wajah",,pencerah
niacinamide serum zinc untuk mengurangi minyak noda,,serum,"niacinamide, zinc",untuk mengurangi minyak noda
revox b77 resveratrol ferulic acid serum,revox b77 resveratrol,serum,ferulic acid,
olay regenerist moisturizer wajah micro sculpting day cream retinol 24 night anti - aging,olay,"cream, moisturizer wajah",retinol,"micro sculpting day, regenerist, 24 night anti - aging"
olay luminous intensive white cream pencerah,olay,cream,,"pencerah, luminous intensive white"
olay luminous intensive lotion,olay,lotion,,luminous intensive
olay foaming face wash cleanser,olay,foaming face wash cleanser,,
pixy white aqua brightening moisturizer,pixy,moisturizer,,white aqua brightening
olay anti ageing night cream perawatan pelembab wajah,olay,cream,,"anti ageing night, perawatan pelembab wajah"
olay retinol perawatan wajah cream moisturizer malam cleanser regenerist anti - aging,olay,"cream moisturizer, cleanser",retinol,"malam, regenerist anti - aging, perawatan wajah"
minimalist marula oil moisturizer hyaluronic acid vitamin e kulit kering,minimalist,moisturizer,"hyaluronic acid vitamin e, marula oil",kulit kering
peau jeune toner hydrating skin booster untuk kulit kering,peau jeune,toner,,hydrating skin booster untuk kulit kering
minimalist vitamin c serum wajah untuk pencerah kulit brightening kusam mencerahkan,minimalist,serum wajah,vitamin c,untuk pencerah kulit brightening kusam mencerahkan
olay perawatan malam,olay,,,perawatan malam
revox retinol age control jerawat prone skin safe,revox,,retinol,age control jerawat prone skin safe
luckymen purifying deep facial wash membantu bersihkan kotoran menghilangkan jerawat,luckymen,facial wash,,"membantu bersihkan kotoran menghilangkan jerawat, purifying deep"
melanox facial cleansing gel membersihkan mencerahkan wajah extract lemon papaya oat face cleanser,melanox,"face cleanser, facial cleansing gel",extract lemon papaya oat,membersihkan mencerahkan wajah
parasol sunscreen spray cooling mist moisturing,parasol,"sunscreen spray, mist",,"moisturing, cooling"
astalift aquarysta astaxanthin anti - aging serum booster moisturizer,astalift,serum booster moisturizer,"aquarysta, astaxanthin",anti - aging
olay regenerist mircro serum perawatan wajah,olay,serum,,"regenerist mircro, perawatan wajah"
revox b77 lactic acid peeling solution serum exfoliating mencerahkan wajah,revox b77,serum,lactic acid,"exfoliating mencerahkan wajah, peeling solution"
revox daily sun shield sunscreen spf50,revox,sunscreen,,"spf50, daily sun shield"
labore sensitive barrier revive cream,labore,cream,,"barrier revive, sensitive"
olay day cream spf,olay,cream,,"day, spf"
olay regenerist pelembab wajah anti - aging,olay,pelembab wajah,,"anti - aging, regenerist"
olay sabun wajah,olay,sabun wajah,,
melanox toner melembabkan mencerahkan wajah extract lemon oat papaya,melanox,toner,extract lemon oat papaya,melembabkan mencerahkan wajah
olay regenerist sabun cuci wajah pelembab retinol moisturizer anti - aging,olay,"sabun cuci wajah pelembab, moisturizer",retinol,"anti - aging, regenerist"
parasol lotion tabir surya spf45 pa,parasol,lotion tabir surya,,spf45 pa
olay day cream,olay,cream,,day
olay perawatan wajah noda hitam kerutan anti - aging day night cream,olay,cream,,perawatan wajah noda hitam kerutan anti - aging day night
olay day cream spf,olay,cream,,"day, spf"
pixy uv sunscreen gel spf50 pa,pixy,"gel, sunscreen",,"spf50 pa, uv"
luckymen purifying facial wash ampuh bersihkan kotoran kurangi minyak berlebih cegah jerawat,luckymen,facial wash,,"purifying, ampuh bersihkan kotoran kurangi minyak berlebih cegah jerawat"
olay antiaging cream niacinamide,olay,cream,niacinamide,antiaging
olay regenerist retinol24 night serum revitalising cream cleanser sabun wajah antiaging,olay,"serum, cream cleanser sabun wajah",retinol24,"antiaging, revitalising, regenerist, night"
olay perawatan wajah regenerist pelembab advanced anti - aging cream pagi malam serum,olay,"serum, cream, pelembab",,"advanced anti - aging, pagi malam, perawatan wajah regenerist"
formula brave glowing membantu bersihkan kotoran,formula,,,"brave glowing, membantu bersihkan kotoran"
aha bha exfoliator hyaluronic acid untuk warna tekstur kulit wajah merata essence vitamin,,essence,"hyaluronic acid, aha bha, vitamin","exfoliator, untuk warna tekstur kulit wajah merata"
olay sabun wajah,olay,sabun wajah,,
minimalist peptide serum anti - aging collagen boosting,minimalist,serum,"collagen, peptide","anti - aging, boosting"
melanox white cream perawatan mencerahkan,melanox,cream,,"white, perawatan mencerahkan"
olay regenerist collagen peptide serum,olay,serum,collagen peptide,regenerist
astalift white essence serum brightening astaxanthin,astalift,essence serum,,"white, brightening, astaxanthin"
olay pencerah white,olay,,,pencerah white
olay age protect cream pelembab,olay,cream pelembab,,age protect
pixy vitamin infused brightening mist,pixy,mist,vitamin,infused brightening
olay perawatan wajah retinol serum pelembab malam cream moisturizer anti - aging,olay,"cream moisturizer, serum pelembab",retinol,"malam, anti - aging, perawatan wajah"
parasol moisturizing spray aloe vera vitamin c,parasol,spray,aloe vera vitamin c,moisturizing
parasol moisturizing spray soothing relaxing aloe vera menenangkan kulit terbakar matahari sunburn,parasol,spray,aloe vera,"menenangkan kulit terbakar matahari sunburn, moisturizing, soothing relaxing"
carmed essence moisturizing lotion pelembab kulit kering moisturizer,carmed,"moisturizer, essence, lotion",,"pelembab kulit kering, moisturizing"
minimalist salicylic acid serum wajah untuk basmi jerawat komedo minyak berlebih hyaluronic,minimalist,serum wajah,"hyaluronic, salicylic acid",untuk basmi jerawat komedo minyak berlebih
minimalist granactive retinoid moisturizer pelembab wajah cream malam anti - aging hyaluronic acid untuk menyamarkan garis halus kerutan vitamin,minimalist,moisturizer pelembab wajah cream,"hyaluronic acid, granactive retinoid, vitamin","malam anti - aging, untuk menyamarkan garis halus kerutan"
olay regenerist antiaging niacinamide serum,olay,serum,niacinamide,"antiaging, regenerist"
olay cream perawatan wajah spf,olay,cream,,"perawatan wajah, spf"
olay perawatan kulit normal,olay,,,perawatan kulit normal
guasha jade facial wajah kering,guasha jade,,,facial wajah kering
olay antiaging niacinamide cleanser day night cream,olay,"cream, cleanser",niacinamide,"antiaging, day night"
lanore cleansing gel white antiaging serum,lanore,"serum, cleansing gel",,white antiaging
olay regenerist revitalising cleanser wajah,olay,cleanser wajah,,regenerist revitalising
acnemed facial wash oily skin cleanser membersihkan kulit wajah berminyak,acnemed,"facial wash, cleanser",,"membersihkan kulit, oily skin, wajah berminyak"
olay regenerist revitalising hydration uv cream,olay,cream,,regenerist revitalising hydration uv
rosehip cold pressed,rosehip,,,cold pressed
olay pelembab anti - aging,olay,pelembab,,anti - aging
pixy beauty protecting mist,pixy,mist,,beauty protecting
olay regenerist retinol 24 night serum antiaging,olay,serum,retinol,"antiaging, 24 night, regenerist"
olay luminous niacinamide vitamin c serum wajah,olay,serum wajah,niacinamide vitamin c,luminous
parasol cooling mist sun spray spf 25 pa,parasol,mist sun spray,,"spf 25 pa, cooling"
olay pencerah white radiance,olay,,,pencerah white radiance
olay day cream spf,olay,cream,,"day, spf"
melanox serum cream mencerahkan wajah,melanox,serum cream,,mencerahkan wajah
lunamer foam facial wash cleanser anti jerawat sabun cuci wajah,lunamer,"foam facial wash cleanser, sabun cuci wajah",,anti jerawat
olay luminous intensive lotion,olay,lotion,,luminous intensive
kaleido patch,kaleido,patch,,
olay regenerist pelembab pagi retinol serum moisturizer anti - aging,olay,"serum moisturizer, pelembab",retinol,"anti - aging, pagi, regenerist"
olay anti - aging,olay,,,anti - aging
parasol sunscreen lotion spf 30 pa vitamin e aloe vera,parasol,sunscreen lotion,vitamin e aloe vera,spf 30 pa
lanore white anti - aging serum mencerahkan glutathione perawatan antiaging,lanore,serum,glutathione,"perawatan antiaging, white anti - aging, mencerahkan"
sabun spirulina facial soap wajah,,"sabun, facial soap wajah",spirulina,
olay antiaging niacinamide day cream,olay,cream,niacinamide,"day, antiaging"
olay regenerist micro cream,olay,cream,,regenerist micro
olay foaming cleanser,olay,foaming cleanser,,
acnemed facial wash oily skin membersihkan wajah berminyak,acnemed,facial wash,,"membersihkan wajah berminyak, oily skin"
melanox white serum mencerahkan wajah membantu menyamarkan flek hitam,melanox,serum,,"white, mencerahkan wajah membantu menyamarkan flek hitam"
ms glow jerawat serum membantu merawat kulit,ms glow,serum,,"jerawat, membantu merawat kulit"
ms glow flawless gel pencerah pelembap,ms glow,gel,,"pencerah pelembap, flawless"
jf cleanser sabun antibakteri untuk gatal kulit,jf,"sabun, cleanser",,antibakteri untuk gatal kulit
ms glow men facial wash cleanser wajah pria,ms glow men,facial wash cleanser,,wajah pria
ms glow jerawat toner,ms glow,toner,,jerawat
jf anti jerawat facial foam sabun cleanser wajah,jf,"facial foam, sabun cleanser wajah",,anti jerawat
parasol face sunscreen cream spf 33 tabir surya pelindung kulit dari sinar uv,parasol,"face sunscreen cream, tabir surya",33,"pelindung kulit dari sinar uv, spf"
ms glow ultimate night cream malam untuk anti - aging,ms glow,cream,,"malam untuk anti - aging, ultimate night"
ms glow facial wash sabun cleanser wajah,ms glow,facial wash sabun cleanser wajah,,
glycore cream menyamarkan kulit gelap flek hitam,glycore,cream,,menyamarkan kulit gelap flek hitam
cetaphil cleanser wajah tubuh,cetaphil,cleanser,,wajah tubuh
derma xp uv protector cream spf 30 sunscreen oily and jerawat skin,derma xp,"cream, sunscreen",,"oily and jerawat skin, spf 30, uv protector"
clean clear foaming face wash sabun cleanser wajah,clean clear,foaming face wash sabun cleanser wajah,,
topicare cleanser wajah tubuh kulit kering,topicare,cleanser wajah,,tubuh kulit kering
ms glow white serum,ms glow,serum,,white
sodermix cream merawat scar atau bekas luka,sodermix,cream,,merawat scar atau bekas luka
sabun papaya brightening face wash cleanser wajah,papaya,"sabun, face wash cleanser wajah",,brightening
derma cream pelembab kulit antioksidant,derma,cream,,pelembab kulit antioksidant
soft u derm intensive hydro cream pelembab kulit kering,soft u derm,cream,,"intensive hydro, pelembab kulit kering"
atocalm daily cream pelembab kulit kering,atocalm,cream pelembab,,"daily, kulit kering"
ms glow white day cream pagi untuk mencerahkan kulit,ms glow,cream,,"pagi untuk mencerahkan kulit, white day"
jf jerawat protect care facial foam cleanser wajah kulit,jf,facial foam cleanser,,"wajah kulit, jerawat protect care"
seger co ultimate brightening facial wash wajah cleanser sulfate niacinamide vitamin e membersihkan kotoran tanpa menyebabkan iritasi kulit kering sekaligus melembabkan mencerahkan,seger co,"facial wash, cleanser",sulfate niacinamide vitamin e,"membersihkan kotoran tanpa menyebabkan iritasi kulit kering sekaligus melembabkan mencerahkan, ultimate brightening, wajah"
seger snow lightening cream perawatan wajah mencerahkan pelembab kulit niacinamide vitamin b3 melembutkan meningkatkan elastisitas menyamarkan noda hitam moisturizer,seger snow,"moisturizer, cream, pelembab",niacinamide vitamin b3,"melembutkan meningkatkan elastisitas menyamarkan noda hitam, kulit, lightening, perawatan wajah mencerahkan"
seger snow lightening cream perawatan dewasa anak menjaga kelembaban kulit wajah badan,seger snow,cream,,"lightening, perawatan dewasa anak menjaga kelembaban kulit wajah badan"
seger snow moisturizer cream pelembab wajah,seger snow,moisturizer cream,,pelembab wajah
seger snow ultimate anti - aging night cream anti penuaan dini melembabkan membantu menyamarkan noda hitam pelembab wajah pencerah moisturizer,seger snow,"moisturizer, cream, pelembab wajah",,"anti penuaan dini melembabkan membantu menyamarkan noda hitam, ultimate anti - aging night, pencerah"
seger snow lightening cream perawatan wajah pencerah pelembab melembabkan mencerahkan kulit hitam,seger snow,"cream, pelembab",,"melembabkan mencerahkan kulit hitam, lightening, perawatan wajah pencerah"
seger co pelembab wajah ultimate lightening serum cream niacinamide,seger co,"serum cream, pelembab wajah",niacinamide,ultimate lightening
seger snow cream moisturizer pelembab pencerah wajah,seger snow,"moisturizer, cream",,pelembab pencerah wajah
seger snow sunscreen cream spf 30 pa perawatan wajah tabir surya facial melindungi dari paparan sinar matahari mencerahkan mencegah noda hitam,seger snow,"sunscreen cream, tabir surya",,"spf 30 pa, perawatan wajah, facial melindungi dari paparan sinar matahari mencerahkan mencegah noda hitam"
seger snow ultimate anti - aging night cream anti penuaan dini melembabkan membantu menyamarkan noda hitam perawatan pencerah pelembab moisturizer,seger snow,"pelembab moisturizer, cream",,"ultimate anti - aging night, anti penuaan dini melembabkan membantu menyamarkan noda hitam perawatan pencerah"
seger snow vanishing cream pelembab pencerah wajah mencerahkan,seger snow,cream pelembab,,"pencerah wajah mencerahkan, vanishing"
seger snow ultimate lightening anti - aging cream moisturizer vitamin b3 perawatan wajah mencegah penuaan dini menghidrasi mencerahkan kulit pelembab pencerah menghilangkan noda hitam,seger snow,"cream moisturizer, pelembab",vitamin b3,"ultimate lightening anti - aging, perawatan wajah mencegah penuaan dini menghidrasi mencerahkan kulit, pencerah menghilangkan noda hitam"
seger snow moisturizer cream perawatan wajah pelembab melembutkan mencerahkan melembabkan kulit,seger snow,moisturizer cream,,perawatan wajah pelembab melembutkan mencerahkan melembabkan kulit
seger snow lightening cream untuk wajah lebih mencerahkan menjaga kelembaban kulit meratakan warna pelembab pencerah moisturizer perawatan hitam,seger snow,"moisturizer, cream",,"lightening, perawatan hitam, untuk wajah lebih mencerahkan menjaga kelembaban kulit meratakan warna pelembab pencerah"
seger co ultimate brightening oil control facial wash cleansing wajah bersih mencerahkan bebas minyak jerawat tanpa cekit kotoran angkat cleanser,seger co,facial wash,,"ultimate brightening oil control, cleansing wajah bersih mencerahkan bebas minyak jerawat tanpa cekit kotoran angkat cleanser"
1 seger snow lightening cream membantu mencerahkan wajah niacinamide pencerah pelembab moisturizer vitamin,1 seger snow,"pelembab moisturizer, cream","niacinamide, vitamin","pencerah, lightening, membantu mencerahkan wajah"
seger snow ultimate lightening cream niacinamide vitamin e melembutkan menutrisi kulit melembabkan wajah pelembab mencerahkan wanita,seger snow,"cream, pelembab",niacinamide vitamin e,"ultimate lightening, mencerahkan wanita, melembutkan menutrisi kulit melembabkan wajah"
seger co ultimate brightening cleansing oil control facial wash cleanser pelembab wajah tanpa cekit sulfate kulit bersih iritasi perawatan pencerah,seger co,facial wash cleanser,sulfate,"pelembab wajah tanpa cekit, kulit bersih, ultimate brightening cleansing oil control, perawatan pencerah, iritasi"
seger snow glowing elsa wajah moisturizer lightening cream niacinamide membersihkan melembabkan kulit kering kusam gelap meratakan warna melembutkan mencerahkan hitam,"seger snow, elsa","moisturizer, cream",niacinamide,"glowing, lightening, membersihkan melembabkan kulit kering kusam gelap meratakan warna melembutkan mencerahkan hitam, wajah"
seger co cleansing oil control facial wash cleanser membersihkan kotoran mengurangi kelebihan minyak melembutkan mencerahkan untuk kulit berminyak,seger co,facial wash cleanser,,"membersihkan kotoran mengurangi kelebihan minyak, melembutkan mencerahkan untuk kulit berminyak, cleansing oil control"
seger snow lightening cream sunscreen spf30 melindungi menjaga kelembaban kulit dari paparan sinar matahari,seger snow,"cream, sunscreen",,"spf30 melindungi menjaga kelembaban kulit dari paparan sinar matahari, lightening"
seger co ultimate brightening facial wash sulfate cleanser ph mencerahkan membersihkan wajah,seger co,"facial wash, cleanser","ph, sulfate","mencerahkan membersihkan wajah, ultimate brightening"
seger snow cream glyserin lotion perawatan kulit dewasa bayi anak,seger snow,"lotion, cream",glyserin,perawatan kulit dewasa bayi anak
seger snow ultimate moisturizing serum wajah membantu meningkatkan kelembaban kulit menyamarkan bintik hitam lebih sehat bercahaya perawatan kering,seger snow,serum wajah,,"membantu meningkatkan kelembaban kulit menyamarkan bintik hitam lebih sehat bercahaya perawatan kering, ultimate moisturizing"
skintific niacinamide brightening cleanser facial wash sabun cuci wajah,skintific,cleanser facial wash sabun cuci wajah,niacinamide,brightening
skintific massager lifting eye cream mata anti - aging,skintific,cream,,"mata anti - aging, massager lifting eye"
viva white cream mencerahkan flek hitam bekas jerawat,viva,cream,,"white, mencerahkan flek hitam bekas jerawat"
dew it sunscreen mist sunblock perawatan badan,dew it,"sunblock, sunscreen mist",,perawatan badan
facetology triple care lip protector sunscreen spf 40 pa,facetology,sunscreen,,"triple care lip protector, spf 40 pa"
cleora beauty natural exfoliating gel peeling scrub wajah jerawat cleanser kulit mati,cleora beauty,"gel peeling scrub wajah, cleanser",,"jerawat, kulit mati, natural exfoliating"
citra aloe bright uv,citra,,aloe,bright uv
cleora hydro boost cleansing gel face wash brightening niacinamide mencerahkan memperbaiki skin barrier wanita pria sabun cuci wajah ceramide facial membersihkan kotoran cleanser hydrating,cleora,"cleanser, gel face wash, sabun cuci wajah","niacinamide, ceramide","hydrating, wanita pria, facial membersihkan kotoran, hydro boost cleansing, mencerahkan memperbaiki skin barrier, brightening"
fair lovely bright glow facial foam,fair lovely,facial foam,,"glow, bright"
cleora pore glow exfoliating toner centella asiatica aha 3 bha pha menyamarkan pori mencerahkan menghaluskan kulit mengurangi komedo jerawat acid wajah berminyak glycolic,cleora,toner,"glycolic, centella asiatica aha 3 bha pha, acid","pore glow exfoliating, menyamarkan pori mencerahkan menghaluskan kulit mengurangi komedo jerawat, wajah berminyak"
la roche posay uvmune oil control gel cream sunscreen,la roche posay,gel cream sunscreen,,uvmune oil control
clean clear oil control face paper minyak wajah,clean clear,face paper,,"minyak wajah, oil control"
safi ultimate bright night essential cleanser toner cream,safi,"essential, cleanser toner cream",,ultimate bright night
cetaphil cleanser moisturizing lotion,cetaphil,"lotion, cleanser",,moisturizing
cetaphil daily exfoliating cleanser,cetaphil,cleanser,,daily exfoliating
safi age defy advanced retinoid intense renewal moisturizer cream wajah anti - aging kulit lembap kenyal retinol,safi,moisturizer cream,"retinol, retinoid","age defy advanced, wajah anti - aging kulit lembap kenyal, intense renewal"
golden viera soap sabun multifungsi mengatasi jerawat wajah punggung,golden viera,soap sabun,,multifungsi mengatasi jerawat wajah punggung
golden viera soap sabun multifungsi mengatasi jerawat wajah punggung,golden viera,soap sabun,,multifungsi mengatasi jerawat wajah punggung
bright day cleanser safi ultimate purifying makeup remover,safi,cleanser,,"ultimate purifying makeup remover, bright day"
la roche posay foaming gel cleanser sabun wajah,la roche posay,"foaming gel, cleanser sabun wajah",,
npure face toner wash centella asiatica cica,npure,face toner wash,centella asiatica cica,
mustela soothing cleansing gel sabun mandi bayi kulit sensitif,mustela,gel sabun mandi,,"bayi kulit sensitif, soothing cleansing"
serum moisturizer cleanser sunscreen,,"serum moisturizer cleanser, sunscreen",,
la roche posay hyalu anti - aging serum skin sensitive,la roche posay,serum,hyalu,"skin sensitive, anti - aging"
trueve moisturizer gel pelembab wajah pagi malam memperbaiki skin barrier rusak iritasi cocok untuk semua jenis kulit ceramide,trueve,moisturizer gel pelembab wajah,ceramide,pagi malam memperbaiki skin barrier rusak iritasi cocok untuk semua jenis kulit
la roche posay vitamin c serum,la roche posay,serum,vitamin c,
viva peeling cream,viva,cream,,peeling
lumecolors compact powder pore blurring effect oil control,lumecolors,compact powder,,pore blurring effect oil control
viva cleanser wajah milk spirulina,viva,cleanser wajah,milk spirulina,
viva vitamin c collagen serum,viva,serum,vitamin c collagen,
skintific panthenol jerawat calming water gel pelembab wajah,skintific,water gel pelembab wajah,panthenol,jerawat calming
bromen ceramide moisturizer pelembab wajah pria perawatan mencerahkan,bromen,moisturizer pelembab,ceramide,wajah pria perawatan mencerahkan
biore men scrub cool oil clear,biore men,scrub,,cool oil clear
sariayu refreshing toner,sariayu,toner,,refreshing
cetaphil cleanser,cetaphil,cleanser,,
sunscreen facetology triple care hybrid,,"facetology, sunscreen",,triple care hybrid
focalskin moisturizer lasting hydration cream calming soothing repair barrier panthenol ceramides hyaluronic acid hydrating perawatan wajah glowing vitamin menyegarkan menenangkan kemerahan melembabkan,focalskin,"moisturizer, cream","panthenol ceramides hyaluronic acid, vitamin","lasting hydration, calming soothing repair barrier, hydrating perawatan wajah glowing, menyegarkan menenangkan kemerahan melembabkan"
anua hyaluronic acid hydrating foaming cleanser,anua,foaming cleanser,hyaluronic acid,hydrating
serum pelembap safi age defy advanced retinoid youthful renewal ampoule intense moisturizer wajah glowing cream anti - aging retinol,safi,"serum pelembap, moisturizer, cream","retinol, retinoid","youthful renewal ampoule intense, anti - aging, age defy advanced, wajah glowing"
cetaphil cleanser niacinamide glycerin panthenol sabun wajah untuk segala jenis kulit,cetaphil,"sabun wajah, cleanser",niacinamide glycerin panthenol,untuk segala jenis kulit
glow safi age defy youth essence day cream,safi,"essence, cream",,"day, glow, age defy youth"
npure licorice light up brightening pad,npure,pad,licorice,light up brightening
anua cleansing oil quercetinol foam clear,anua,foam,quercetinol,"cleansing oil, clear"
safi glow cleanser,safi,cleanser,,glow
anua moisturizing finish sunscreen,anua,sunscreen,,moisturizing finish
anua calm bright skin cleansing oil soothing toner serum,anua,"serum, toner",,calm bright skin cleansing oil soothing
guasha oleca gel,guasha oleca,gel,,
golden viera soap sabun multifungsi mengatasi jerawat wajah punggung,golden viera,soap sabun,,multifungsi mengatasi jerawat wajah punggung
npure centella asiatica jerawat clear barrier moisturizer,npure,moisturizer,centella asiatica,jerawat clear barrier
cetaphil cleanser moisturizing lotion,cetaphil,"lotion, cleanser",,moisturizing
scora soothe micellar cleansing water low ph cleanser,scora,"micellar, cleanser",,"cleansing water low ph, soothe"
npure face toner centella asiatica cica,npure,face toner,centella asiatica cica,
brighty glow it up body serum exfoliating toner mengurangi noda hitam pencerah kulit melembabkan memperkuat skin barier white menyamarkan penghilang,brighty,"body serum, toner",,"glow it up, exfoliating, mengurangi noda hitam pencerah kulit melembabkan memperkuat skin barier white menyamarkan penghilang"
brighty glow it up body serum glowing underarm mengurangi noda hitam pencerah kulit melembabkan memperkuat skin barier white menyamarkan penghilang,brighty,body serum,,"glow it up, glowing underarm mengurangi noda hitam pencerah kulit melembabkan memperkuat skin barier white menyamarkan penghilang"
brighty aha bha pha lha peeling solution glow bright soap sabun mandi white badan pencerah kulit exfoliating serum cleanser komedo bekas jerawat,brighty,"soap sabun mandi, serum cleanser",aha bha pha lha,"white badan pencerah kulit exfoliating, peeling solution glow bright, komedo bekas jerawat"
biokos anti wrinkle overnight treatment,biokos,,,anti wrinkle overnight treatment
viva anti wrinkle cream,viva,cream,,anti wrinkle
cleora natural exfoliating gel perawatan wajah kusam melembutkan perontok bersihkan memudarkan komedo hitam facial scrub,cleora,"gel, facial scrub",,"perawatan wajah kusam melembutkan perontok bersihkan, memudarkan komedo hitam, natural exfoliating"
duvaderm elderberry mild cleanser toner hyaluronic calming serum moisturizer face mist,duvaderm,"serum moisturizer, toner, face mist, cleanser","elderberry, hyaluronic","calming, mild"
brighty glow it up body serum bright soap,brighty,"body serum, soap",,"glow it up, bright"
utama balancing face serum,utama,face serum,,balancing
cetaphil daily facial cleanser sabun cuci wajah untuk kulit berminyak sensitif gel foaming,cetaphil,"gel foaming, cleanser sabun cuci wajah",,"untuk kulit berminyak sensitif, daily facial"
facetology non comedogenic triple care sunscreen spf 40 pa,facetology,sunscreen,,"non comedogenic, triple care, spf 40 pa"
dew it face sun mist sunscreen spray kolagen spf 50 pa wajah waterproof sunblock,dew it,"face sun mist, sunblock, sunscreen spray",kolagen,spf 50 pa wajah waterproof
anua heartleaf moisturizer sun cream,anua,moisturizer sun cream,heartleaf,
anua hyaluronic acid moisturizing gel cleanser,anua,gel cleanser,hyaluronic acid,moisturizing
cetaphil brightness reveal creamy cleanser,cetaphil,creamy cleanser,,brightness reveal
cetaphil cleanser sabun cuci wajah,cetaphil,cleanser sabun cuci wajah,,
duvaderm clarifying serum untuk kulit berminyak wajah jerawat oily,duvaderm,serum,,"wajah jerawat oily, untuk kulit berminyak, clarifying"
npure licorice toner,npure,toner,licorice,
elsheskin purifying hydra toner facial treatment essence perawatan wajah pelembab centella hyaluronic acid ceramide calming hydrating,elsheskin,"essence, pelembab, toner",centella hyaluronic acid ceramide,"purifying hydra, facial treatment, calming hydrating, perawatan wajah"
safi age defy cream cleanser wajah anti - aging,safi,cream cleanser,,"wajah anti - aging, age defy"
npure cica jerawat face toner,npure,face toner,cica,jerawat
mustela hydrabebe facial cream wajah,mustela,facial cream wajah,hydrabebe,
brighty aha white concentrate booster serum glowing moisturizing body bright kojic,brighty,serum,"kojic, aha","white concentrate booster, glowing moisturizing body bright"
brighty aha white concentrate booster serum,brighty,serum,aha,white concentrate booster
anua birch moisturizer boosting serum,anua,"moisturizer, serum",birch,boosting
cetaphil daily facial moisturizer cleanser,cetaphil,"moisturizer, cleanser",,daily facial
viva white soothing aloe gel,viva,gel,aloe,white soothing
ms glow facial wash sabun wajah cleanser jerawat bright anti - aging,ms glow,facial wash sabun wajah cleanser,,jerawat bright anti - aging
viva white advanced face serum,viva,serum,,white advanced face
yessica glowing cream wajah goat milk moisturizer pelembab,yessica,"moisturizer, pelembab, cream wajah",goat milk,glowing
the originote hyalucera moisturizer gel hyaluronic acid ceramide menyembuhkan wajah,the originote,moisturizer gel,"hyaluronic acid ceramide, hyalucera",menyembuhkan wajah
viva cleanser wajah air mawar,viva,cleanser wajah,air mawar,
gatsby face wash oil clear solution clean charcoal,gatsby,face wash,charcoal,oil clear solution clean
glycore cream,glycore,cream,,
tree organic aloe vera mist rose,tree organic,mist,"rose, aloe vera",
cleora glow exfoliating toner hydrating moisturizer gel centella asiatica aha bha pha hyaluronic acid mencerahkan menghaluskan melembabkan membersihkan wajah kulit berminyak kering jerawat,cleora,"moisturizer gel, toner",centella asiatica aha bha pha hyaluronic acid,"hydrating, mencerahkan menghaluskan melembabkan membersihkan wajah kulit berminyak kering jerawat, glow exfoliating"
ms glow pore away spot treatment pengecil pori,ms glow,,,pore away spot treatment pengecil pori
npure sunscreen cica sun glow matte spf 50 pa sunblock,npure,"sunblock, sunscreen",cica,sun glow matte spf 50 pa
elformula intensive peeling solution serum dark spot exfoliating wajah,elformula,intensive peeling solution serum,,dark spot exfoliating wajah
cicaplast,,,cicaplast,
ms glow men,ms glow men,,,
la roche posay anti jerawat darkspot,la roche posay,,,anti jerawat darkspot
biore pore pack plester cleanser komedo wajah wanita,biore,pore pack plester cleanser,,komedo wajah wanita
anua bright and glow skin cleansing oil rice toner,anua,toner,oil rice,bright and glow skin cleansing
cetaphil cleanser moisturizing lotion,cetaphil,"lotion, cleanser",,moisturizing
anua hyaluronic acid capsule serum,anua,"serum, capsule",hyaluronic acid,
safi age defy essence,safi,essence,,age defy
anua heartleaf quercetinol pore deep cleansing foam,anua,foam,heartleaf quercetinol,pore deep cleansing
la roche posay cicaplast lotion toner wajah kulit kering,la roche posay,lotion toner,cicaplast,wajah kulit kering
anua rice milky toner,anua,toner,rice milky,
camellia body mist,camellia,body mist,,
npure gel cleanser,npure,gel cleanser,,
la roche posay cleanser peeling face wash anti noda hitam,la roche posay,"face wash, cleanser",,"peeling, anti noda hitam"
