text,merek,jenis_produk,kandungan,manfaat,topik,topik_label
bioaqua sheet mask hydrating essence face brightening moisturizing anti - aging wajah,bioaqua,"essence face, sheet mask",,"anti - aging wajah, brightening moisturizing, hydrating",4,Hidrasi dan Perawatan Kulit Sensitif
elformula intensive peeling solution serum exfoliating wajah mencerahkan dark spot angkat sel kulit mati aha bha pha,elformula,intensive peeling solution serum,aha bha pha,exfoliating wajah mencerahkan dark spot angkat sel kulit mati,5,Brightening dengan Bahan Aktif
rorec hchana mask sheet,rorec hchana,mask sheet,,,,
mask bubuk lea gloria size,lea gloria,mask bubuk,,size,,
patch pimple jerawat sticker menghilangkan angkat speedy solution anti trouble,,patch pimple jerawat sticker,,menghilangkan angkat speedy solution anti trouble,,
npure toner cica jerawat kulit berminyak travel size acid hydrating mencerahkan wajah kotoran,npure,toner,"acid, cica","hydrating mencerahkan wajah kotoran, jerawat kulit berminyak travel size",5,Brightening dengan Bahan Aktif
facetology non comedogenic sunscreen triple care spf 40 pa,facetology,sunscreen,,"non comedogenic, triple care spf 40 pa",1,Skincare Anti-Aging dan Brightening
camille,camille,,,,,
bioaqua sheet mask wajah white anti - aging repair moisturizing facial,bioaqua,sheet mask,,wajah white anti - aging repair moisturizing facial,,
the originote cicamide facial cleanser face wash sabun cuci wajah mencerahkan melembabkan ceramide niacinamide,the originote,facial cleanser face wash sabun cuci wajah,"ceramide niacinamide, cicamide",mencerahkan melembabkan,,
the originote hyalucera moisturizer gel pelembab wajah memperbaiki skin barrier primer menghidrasi kulit hyaluronic acid ceramide,the originote,moisturizer gel pelembab wajah,"hyalucera, hyaluronic acid ceramide",memperbaiki skin barrier primer menghidrasi kulit,3,"Pelembap, Retinol, dan Perlindungan Kulit"
glowsophy watermelon brightening moisturizer,glowsophy,moisturizer,watermelon,brightening,1,Skincare Anti-Aging dan Brightening
sadoer mask pelembab menghidrasi mengecilkan pori,sadoer,"mask, pelembab",,menghidrasi mengecilkan pori,3,"Pelembap, Retinol, dan Perlindungan Kulit"
the originote niaceramide sunscreen mist spf 50 pa spray melindungi wajah dari sinar matahari mencerahkan niacinamide ceramide,the originote,"spray, sunscreen mist","niaceramide, niacinamide ceramide, pa","melindungi wajah dari sinar matahari mencerahkan, spf 50",3,"Pelembap, Retinol, dan Perlindungan Kulit"
poupeepou mask scrub lulur badan,poupeepou,"mask, scrub lulur badan",,,,
the originote mugwort b3 clay stick mask wajah jerawat menenangkan membuat kencang halus niacinamide,the originote,clay stick mask wajah,"mugwort b3, niacinamide",jerawat menenangkan membuat kencang halus,1,Skincare Anti-Aging dan Brightening
glad2glow centella soothing moisturizer gel cica pelembab wajah oil control hydrating jerawat cream day night memperbaiki skin barrier primer menghidrasi kulit,glad2glow,"jerawat cream, moisturizer gel, night, pelembab wajah","centella soothing, cica","day, memperbaiki skin barrier primer menghidrasi kulit, oil control hydrating",3,"Pelembap, Retinol, dan Perlindungan Kulit"
wardah uv shield aqua fresh essence active protection serum spf 50 pa sunscreen sun screen,wardah,"essence, serum, sunscreen sun screen",,"active protection, spf 50 pa, uv shield aqua fresh",3,"Pelembap, Retinol, dan Perlindungan Kulit"
green mask stick meidian wajah stik tea cleansing,meidian,"green mask stick, wajah stik",tea,cleansing,5,Brightening dengan Bahan Aktif
glad2glow blueberry moisturizer cream ceramide skin barrier repair pelembab wajah white facial day night malam,glad2glow,"moisturizer cream, pelembab wajah white","blueberry, ceramide","facial day night malam, skin barrier repair",3,"Pelembap, Retinol, dan Perlindungan Kulit"
natur90 peel off mask goat milk charcoal naturgo jerawat wajah,"natur90, naturgo",peel off mask,"charcoal, goat milk",jerawat wajah,1,Skincare Anti-Aging dan Brightening
scora salicylic acid low ph cleanser sabun cuci wajah oily jerawat prone skin,scora,cleanser sabun cuci wajah,salicylic acid,"low ph, oily jerawat prone skin",2,Pembersih Wajah dan Perawatan Jerawat
the originote bha charcoal clay mask wajah exfoliating angkat sel kulit mati menghilangkan minyak berlebih,the originote,clay mask wajah,bha charcoal,exfoliating angkat sel kulit mati menghilangkan minyak berlebih,3,"Pelembap, Retinol, dan Perlindungan Kulit"
the originote ceramella sunscreen spf50 pa serum untuk skin barrier protect melindungi dari sinar matahari ceramide vitamin c,the originote,"serum, sunscreen","ceramella, ceramide vitamin c","spf50 pa, untuk skin barrier protect melindungi dari sinar matahari",5,Brightening dengan Bahan Aktif
skintific ceramide barrier moisturizer gel cream white wajah calming brightening dark spot pelembab facial day night niacinamide centella marine collagen hyaluronic acid,skintific,"moisturizer gel cream white wajah, pelembab facial","ceramide, niacinamide centella marine collagen hyaluronic acid","barrier, calming brightening dark spot, day night",3,"Pelembap, Retinol, dan Perlindungan Kulit"
bioaqua sheet mask brightening moisturizing hydrating essence anti - aging wajah glowing,bioaqua,"essence, sheet mask",,"anti - aging wajah glowing, brightening moisturizing, hydrating",4,Hidrasi dan Perawatan Kulit Sensitif
little pop face mist camille,"camille, little pop",face mist,,,,
glad2glow pelembab wajah pomegranate niacinamide brightening moisturizer white cream serum pencerah blueberry ceramide skin barrier repair clay mask,glad2glow,"clay mask, moisturizer white cream serum, pelembab wajah","blueberry ceramide, niacinamide, pomegranate","brightening, pencerah, skin barrier repair",3,"Pelembap, Retinol, dan Perlindungan Kulit"
whitelab brightening facial wash sabun cleanser wajah pencerah niacinamide hyaluronic collagen,whitelab,facial wash sabun cleanser wajah,niacinamide hyaluronic collagen,"brightening, pencerah",3,"Pelembap, Retinol, dan Perlindungan Kulit"
jerawat patch penghilang kempes asam salisilat pengobatan menghilangkan wajah untuk perawatan kulit,,jerawat patch,asam salisilat,"penghilang kempes, pengobatan menghilangkan wajah untuk perawatan kulit",4,Hidrasi dan Perawatan Kulit Sensitif
scora niacinamide hydramoist gel pelembab wajah yang mencerahkan kulit memperbaiki skin barrier perfecting make up,scora,gel pelembab wajah,niacinamide,"hydramoist, yang mencerahkan kulit memperbaiki skin barrier perfecting make up",4,Hidrasi dan Perawatan Kulit Sensitif
sadoer sheet mask,sadoer,sheet mask,,,,
glad2glow clay mask wajah face cleansing stick salicylic acid anti pores jerawat penghilangkomedo centella facial wash mugwort menenangkan membuat kencang halus,glad2glow,"clay mask wajah face cleansing stick, facial wash","centella, mugwort, salicylic acid","anti pores jerawat penghilangkomedo, menenangkan membuat kencang halus",2,Pembersih Wajah dan Perawatan Jerawat
facetology non comedogenic sunscreen triple care spf 40 pa,facetology,sunscreen,,"non comedogenic, triple care spf 40 pa",1,Skincare Anti-Aging dan Brightening
the originote brightening moisturizer pelembab wajah untuk mencerahkan meratakan warna kulit niacinamide,the originote,moisturizer pelembab wajah,niacinamide,"brightening, untuk mencerahkan meratakan warna kulit",2,Pembersih Wajah dan Perawatan Jerawat
azarine hydrasoothe sunscreen gel spf45 pa kulit berminyak jerawat,azarine,sunscreen gel,,"hydrasoothe, spf45 pa kulit berminyak jerawat",3,"Pelembap, Retinol, dan Perlindungan Kulit"
npure cica jerawat toner kulit berminyak mencerahkan acid beruntusan hydrating wajah hitam,npure,toner,"acid, cica","beruntusan hydrating wajah hitam, jerawat, kulit berminyak mencerahkan",5,Brightening dengan Bahan Aktif
azarine hydrasoothe sunscreen gel spf spf50 pa spf45 hydramax sunmoist toneup mist,azarine,"sunmoist toneup mist, sunscreen gel",,"hydrasoothe, spf spf50 pa spf45 hydramax",3,"Pelembap, Retinol, dan Perlindungan Kulit"
bioaqua mask wajah face glowing rice milk oat red bean com protein soybean white firming delicate skin brightening moisturizing,bioaqua,mask wajah,rice milk oat red bean com protein soybean,"face glowing, white firming delicate skin brightening moisturizing",,
implora shield sunscreen spf 40 pa sun screen tabir surya sunblock,implora,"sun screen tabir surya sunblock, sunscreen",,"shield, spf 40 pa",1,Skincare Anti-Aging dan Brightening
viva milk cleanser susu face tonic penyegar toner air mawar,viva,"face tonic, milk cleanser, toner","air mawar, susu",penyegar,4,Hidrasi dan Perawatan Kulit Sensitif
azarine calm my jerawat sunscreen moisturizer spf35 pa gel untuk kulit berminyak sensitif,azarine,"gel, sunscreen moisturizer",,"calm my jerawat, spf35 pa, untuk kulit berminyak sensitif",2,Pembersih Wajah dan Perawatan Jerawat
jerawat pimple patch penghilang siang malam asam salisilat perawatan kulit skin repair,,jerawat pimple patch,asam salisilat,"penghilang, perawatan kulit skin repair, siang malam",3,"Pelembap, Retinol, dan Perlindungan Kulit"
bioaqua essence sheet mask,bioaqua,essence sheet mask,,,,
azarine hydrasoothe sunscreen gel spf spf45 pa spf50,azarine,sunscreen gel,,"hydrasoothe, spf spf45 pa spf50",3,"Pelembap, Retinol, dan Perlindungan Kulit"
jca20 spatula mask silikon facial kuas,jca20,"facial kuas, spatula mask",silikon,,,
viva milk cleanser face tonic air mawar susu toner penyegar,viva,"milk cleanser face tonic, toner",air mawar susu,penyegar,4,Hidrasi dan Perawatan Kulit Sensitif
viva milk cleanser face tonic air mawar,viva,milk cleanser face tonic,air mawar,,4,Hidrasi dan Perawatan Kulit Sensitif
the originote cica soothing moisturizer menenangkan kulit kemerahan mengunci hidrasi centella asiatica,the originote,moisturizer,"centella asiatica, cica","menenangkan kulit kemerahan mengunci hidrasi, soothing",3,"Pelembap, Retinol, dan Perlindungan Kulit"
the originote hyalucera moisturizer gel hyaluron ceramide chlorelina pelembap wajah,the originote,"moisturizer gel, pelembap wajah","hyalucera, hyaluron ceramide chlorelina",,3,"Pelembap, Retinol, dan Perlindungan Kulit"
facetology non comedogenic sunscreen triple care spf 40 pa,facetology,sunscreen,,"non comedogenic, triple care spf 40 pa",1,Skincare Anti-Aging dan Brightening
bioaqua sheet mask plant flowers eye facial brightening glowing moisturizing hydrating essence anti jerawat honey vitamin c pelembab kulit,bioaqua,"essence, pelembab, sheet mask","honey vitamin c, plant flowers","anti jerawat, eye facial brightening glowing moisturizing, hydrating, kulit",4,Hidrasi dan Perawatan Kulit Sensitif
skintific niacinamide brightening moisturizer gel cream white wajah calming dark spot pelembab facial day night arbutin acid,skintific,"moisturizer gel cream, pelembab facial","arbutin acid, niacinamide","brightening, day night, white wajah calming dark spot",2,Pembersih Wajah dan Perawatan Jerawat
yessica tea tree strawberry anti pores jerawat clay stick mask,yessica,clay stick mask,tea tree strawberry,anti pores jerawat,1,Skincare Anti-Aging dan Brightening
azarine calm my jerawat sunscreen moisturizer spf35 pa gel untuk kulit berminyak sensitif,azarine,"gel, sunscreen moisturizer",,"calm my jerawat, spf35 pa, untuk kulit berminyak sensitif",2,Pembersih Wajah dan Perawatan Jerawat
rorec hchana mask sheet,rorec hchana,mask sheet,,,,
meidian green tea stick mask cleanser pori komedo penghilang,meidian,stick mask cleanser,green tea,pori komedo penghilang,4,Hidrasi dan Perawatan Kulit Sensitif
somethinc calm down skinpair cream moisturizer centella asiatica skin barrier kulit sensitif iritasi,somethinc,cream moisturizer,centella asiatica,"calm down skinpair, skin barrier kulit sensitif iritasi",1,Skincare Anti-Aging dan Brightening
jerawat patch stiker hydrocolloid pimple,,"jerawat patch stiker, pimple",hydrocolloid,,,
bioaqua moisturizer cream white wajah penghilang flek hitam fade dark spot mencerahkan day night pelembab kering kusam moisturizing brightening,bioaqua,"cream white wajah, moisturizer, pelembab",,"kering kusam moisturizing brightening, penghilang flek hitam fade dark spot mencerahkan day night",4,Hidrasi dan Perawatan Kulit Sensitif
skin aqua uv white milk spf 50 pa putih,skin aqua,white milk,,"spf 50 pa putih, uv",2,Pembersih Wajah dan Perawatan Jerawat
jerawat pimple patch stiker perawatan kulit penghilang acnes,,jerawat pimple patch stiker,,perawatan kulit penghilang acnes,,
poupeepou mask komedo gelatin,poupeepou,mask komedo,gelatin,,4,Hidrasi dan Perawatan Kulit Sensitif
fleuri mask wajah lea gloria,"fleuri, lea gloria",mask wajah,,,,
gmeelan orange exfoliating gel peeling face gluta white cream day,gmeelan orange,"cream, exfoliating gel peeling face",gluta,"day, white",2,Pembersih Wajah dan Perawatan Jerawat
meidian green tea mask cleansing clay stick wajah cleanser komedo,meidian,"clay stick wajah cleanser, mask",green tea,"cleansing, komedo",4,Hidrasi dan Perawatan Kulit Sensitif
the originote retinol b3 serum anti - aging menyamarkan garis halus meratakan warna kulit merawat jerawat vitamin niacinamide,the originote,serum,"niacinamide, retinol b3, vitamin",anti - aging menyamarkan garis halus meratakan warna kulit merawat jerawat,3,"Pelembap, Retinol, dan Perlindungan Kulit"
bioaqua sheet mask hydrating essence brightening face,bioaqua,"essence, sheet mask",,"brightening face, hydrating",4,Hidrasi dan Perawatan Kulit Sensitif
youbuy white and freckle removing cream serum brighten skin essence,youbuy,"cream serum, essence",,"brighten skin, white and freckle removing",,
cream white putih,,cream,,white putih,,
some mi mask,some mi,mask,,,,
scora niacinamide hydramoist gel pelembab wajah yang mencerahkan kulit memperbaiki skin barrier perfecting make up,scora,gel pelembab wajah,niacinamide,"hydramoist, yang mencerahkan kulit memperbaiki skin barrier perfecting make up",4,Hidrasi dan Perawatan Kulit Sensitif
elformula intensive peeling solution,elformula,solution,,intensive peeling,5,Brightening dengan Bahan Aktif
elformula intensive cerahydro barrier repair moisturizer gel pelembab wajah untuk melembabkan kulit mencerahkan hyaluronic acid extract ceramide,elformula,moisturizer gel pelembab wajah,"extract ceramide, hyaluronic acid","intensive cerahydro barrier repair, untuk melembabkan kulit mencerahkan",3,"Pelembap, Retinol, dan Perlindungan Kulit"
skin1004 centella ampoule,skin1004,ampoule,centella,,3,"Pelembap, Retinol, dan Perlindungan Kulit"
the originote ceratinol moisturizer retinol cream gel serum pelembab wajah menyamarkan garis halus mengencangkan ceramide,the originote,"cream gel serum pelembab wajah, moisturizer","ceramide, ceratinol, retinol",menyamarkan garis halus mengencangkan,3,"Pelembap, Retinol, dan Perlindungan Kulit"
whitelab intense brightening serum niacinamide pencerah wajah intensif oxy229 hyaluronic,whitelab,serum,"niacinamide, oxy229 hyaluronic","intense brightening, pencerah wajah intensif",3,"Pelembap, Retinol, dan Perlindungan Kulit"
azarine aqua essence sun shield serum spf 50 pa hydrasoothe sunscreen gel spf45 bodyguard body saver moisturizer,azarine,"essence sun shield serum, moisturizer, sunscreen gel",aqua,"body saver, spf 50 pa hydrasoothe, spf45 bodyguard",3,"Pelembap, Retinol, dan Perlindungan Kulit"
wardah uv shield jerawat calming sunscreen moisturizer spf 35 pa,wardah,sunscreen moisturizer,,"spf 35 pa, uv shield jerawat calming",2,Pembersih Wajah dan Perawatan Jerawat
the originote ceraluronic essence toner melembabkan wajah menjaga skin barrier ceramide hyaluronic acid,the originote,essence toner,"ceraluronic, ceramide hyaluronic acid",melembabkan wajah menjaga skin barrier,3,"Pelembap, Retinol, dan Perlindungan Kulit"
madame gie protect sunscreen spf 30 pa calendula sunblock,madame gie,"sunblock, sunscreen",calendula,"protect, spf 30 pa",3,"Pelembap, Retinol, dan Perlindungan Kulit"
bioaqua ceramide skin barrier repair moisturizer cream pelembab wajah white day night gel siang malam mousturizer moizturizer,bioaqua,"gel, moisturizer cream pelembab wajah, mousturizer moizturizer",ceramide,"siang malam, skin barrier repair, white day night",3,"Pelembap, Retinol, dan Perlindungan Kulit"
sunny day cream sunscreen camille,camille,cream sunscreen,,sunny day,,
the originote gluta bright serum brightening untuk mencerahkan meratakan warna kulit wajah niacinamide,the originote,"bright, serum","gluta, niacinamide",brightening untuk mencerahkan meratakan warna kulit wajah,2,Pembersih Wajah dan Perawatan Jerawat
sabun papaya,papaya,sabun,,,,
you hy amino anti jerawat facial wash kulit berminyak,you hy,facial wash,amino,"anti jerawat, kulit berminyak",2,Pembersih Wajah dan Perawatan Jerawat
the originote day night hyalu serum retinol,the originote,serum,"hyalu, retinol","day, night",3,"Pelembap, Retinol, dan Perlindungan Kulit"
viva glowing white serum anti - aging peeling jerawat,viva,serum,,"anti - aging peeling jerawat, glowing white",2,Pembersih Wajah dan Perawatan Jerawat
skinever peeling gel niacinamide white pengelupasan pembersihan mendalam mencerahkan wajah,skinever,peeling gel,niacinamide,white pengelupasan pembersihan mendalam mencerahkan wajah,,
ms glow night cream,ms glow,cream,,night,3,"Pelembap, Retinol, dan Perlindungan Kulit"
skin aqua uv white milk spf 50 pa putih,skin aqua,white milk,,"spf 50 pa putih, uv",2,Pembersih Wajah dan Perawatan Jerawat
wardah uv shield essential sunscreen gel spf 35 pa tekstur ringan tidak lengket melembabkan semua jenis kulit mencegah penuaan dini,wardah,sunscreen gel,,"spf 35 pa, tekstur ringan tidak lengket melembabkan semua jenis kulit mencegah penuaan dini, uv shield essential",1,Skincare Anti-Aging dan Brightening
azarine cicamide barrier calm my jerawat sunscreen moisturizer,azarine,sunscreen moisturizer,cicamide,barrier calm my jerawat,2,Pembersih Wajah dan Perawatan Jerawat
azarine cicamide barrier sunscreen moisturizer spf35 pa gel untuk skin protection kulit kering jerawat sensitif,azarine,"gel, sunscreen moisturizer",cicamide,"barrier, spf35 pa, untuk skin protection kulit kering jerawat sensitif",2,Pembersih Wajah dan Perawatan Jerawat
alivee jerawat pimple patch stiker komedo untuk perawatan,alivee,pimple patch stiker,,"jerawat, komedo untuk perawatan",,
ms glow facial wash,ms glow,facial wash,,,,
stiker jerawat hydrocolloid pimple patch,,"pimple patch, stiker jerawat",hydrocolloid,,4,Hidrasi dan Perawatan Kulit Sensitif
ariul mask sheet,ariul,mask sheet,,,,
night cream ms glow malam jerawat ultimate white,ms glow,cream,,"jerawat ultimate white, malam, night",3,"Pelembap, Retinol, dan Perlindungan Kulit"
jerawat patch penghilang kempes stiker,,"jerawat patch, stiker",,penghilang kempes,4,Hidrasi dan Perawatan Kulit Sensitif
ms glow night cream white ultimate jerawat serum facial wash sabun men poreaway siang fight toner glowing darkspot acnespot,ms glow,"night cream, sabun men, serum facial wash, toner",,"glowing darkspot acnespot, poreaway siang fight, white ultimate jerawat",4,Hidrasi dan Perawatan Kulit Sensitif
the originote cica b5 soothing essence toner wajah menenangkan kulit kemerahan menyegarkan centella asiatica,the originote,essence toner wajah,"centella asiatica, cica b5","menenangkan kulit kemerahan menyegarkan, soothing",3,"Pelembap, Retinol, dan Perlindungan Kulit"
cordycep cream cordy,"cordy, cordycep",cream,,,,
hanasui white serum,hanasui,serum,,white,5,Brightening dengan Bahan Aktif
you acneplus spot care obat totol jerawat centella,you,acneplus spot care obat totol jerawat,centella,,2,Pembersih Wajah dan Perawatan Jerawat
cetaphil gentle skin cleanser niacinamide glycerin panthenol sabun wajah untuk segala jenis kulit,cetaphil gentle skin,"cleanser, sabun wajah",niacinamide glycerin panthenol,untuk segala jenis kulit,2,Pembersih Wajah dan Perawatan Jerawat
salep glowing zayora untuk kulit susah putih,zayora,salep,,"glowing, untuk kulit susah putih",,
skintific clay mask stick mugwort jerawat alaska volcano exfoliating pore detox komedo sleeping gel,skintific,"alaska volcano, clay mask stick, sleeping gel",mugwort,"exfoliating pore detox komedo, jerawat",2,Pembersih Wajah dan Perawatan Jerawat
green tea mask stik cleansing wajah cleanser komedo,,"mask stik, wajah cleanser",green tea,"cleansing, komedo",3,"Pelembap, Retinol, dan Perlindungan Kulit"
bioaqua sheet mask flowers,bioaqua,sheet mask,flowers,,4,Hidrasi dan Perawatan Kulit Sensitif
salep flek,,salep flek,,,,
skintific panthenol gel cleanser facial wash acnes face sabun cuci wajah acner glowing barrier anti - aging exfoliating brightening white blackhead removal calming peeling dark spot cleansing amino acid ceramide,skintific,gel cleanser facial wash acnes face sabun cuci wajah,"amino acid ceramide, panthenol",acner glowing barrier anti - aging exfoliating brightening white blackhead removal calming peeling dark spot cleansing,,
choice cleora exfoliating gel aha bha pha untuk wanita pria niacinamide angkat sel kulit mati smooth brightening peeling face scrub pencerah,choice cleora,"exfoliating gel, peeling face","aha bha pha, niacinamide","angkat sel kulit mati smooth brightening, scrub pencerah, untuk wanita pria",2,Pembersih Wajah dan Perawatan Jerawat
bioaqua sheet mask flowers,bioaqua,sheet mask,flowers,,4,Hidrasi dan Perawatan Kulit Sensitif
glycore cream menyamarkan kulit gelap flek hitam,glycore,cream,,menyamarkan kulit gelap flek hitam,,
bioaqua sheet mask plant flowers eye facial brightening glowing moisturizing hydrating essence anti jerawat honey vitamin c pelembab kulit,bioaqua,"essence, sheet mask","honey vitamin c, plant flowers","anti jerawat, eye facial brightening glowing moisturizing, hydrating, pelembab kulit",4,Hidrasi dan Perawatan Kulit Sensitif
poupeepou mask wajah,poupeepou,mask wajah,,,,
alivee jerawat patch sticker penutuh pelindung,alivee,"jerawat patch, sticker",,penutuh pelindung,,
whitelab brightening toner pencerah wajah anti kusam niacinamide hyaluronic collagen,whitelab,toner,niacinamide hyaluronic collagen,"brightening, pencerah wajah anti kusam",3,"Pelembap, Retinol, dan Perlindungan Kulit"
acnaway jerawat cream spot treatment obat totol anti penghilang bekas sulfur salicylic acid totarol,acnaway,"jerawat cream spot, obat totol",sulfur salicylic acid totarol,"anti penghilang bekas, treatment",3,"Pelembap, Retinol, dan Perlindungan Kulit"
acnaway mugwort water gel moisturizer centella panthenol only jerawat skin,acnaway,water gel moisturizer,"centella panthenol, mugwort",only jerawat skin,,
skintific ceramide skin barrier moisturize gel moisturizer cream white wajah day night pelembab,skintific,"moisturize gel moisturizer cream, pelembab",ceramide,"skin barrier, white wajah day night",2,Pembersih Wajah dan Perawatan Jerawat
implora serum wajah hydrating jerawat brightening peeling midnight,implora,serum wajah,,hydrating jerawat brightening peeling midnight,,
innisfree sheet mask,innisfree,sheet mask,,,,
ms glow day cream,ms glow,cream,,day,3,"Pelembap, Retinol, dan Perlindungan Kulit"
the originote dark spot serum,the originote,serum,,dark spot,2,Pembersih Wajah dan Perawatan Jerawat
skintific lactic acid skin renewal exfoliating serum peeling wajah mencerahkan dark spot tumpas komedo anti - aging anti acnedan angkat sel kulit mati aha succinic grapefruit,skintific,exfoliating serum peeling wajah,"aha succinic, grapefruit, lactic acid","mencerahkan dark spot tumpas komedo anti - aging anti acnedan angkat sel kulit mati, skin renewal",3,"Pelembap, Retinol, dan Perlindungan Kulit"
jerawat patch penghilang acnes spot care plester stiker,,"jerawat patch, plester, stiker",,penghilang acnes spot care,,
skintific mugwort clay stick cleansing mask anti pores jerawat facial wajah wash green alaska volcano,skintific,"clay stick cleansing mask, facial wajah wash, green alaska volcano",mugwort,anti pores jerawat,2,Pembersih Wajah dan Perawatan Jerawat
yessica clay stick mask tea tree strawberry kulit berminyak jerawat membersihkan pori melembutkan menghaluskan tekstur mencegah mengatasi praktis mudah aplikasikan mengurangi sebum diwajah,yessica,clay stick mask,tea tree strawberry,"kulit berminyak jerawat membersihkan pori melembutkan menghaluskan tekstur mencegah mengatasi, praktis mudah aplikasikan mengurangi sebum diwajah",1,Skincare Anti-Aging dan Brightening
gelatin komedo mask,,komedo mask,gelatin,,,
salep bl cream obat jerawat gatal eksim jamur,bl,"cream obat jerawat, salep",,gatal eksim jamur,,
sadoer sheet mask perawatan wajah,sadoer,sheet mask,,perawatan wajah,4,Hidrasi dan Perawatan Kulit Sensitif
facetology triple care sunscreen spf 40 pa gel cleanser,facetology,"gel cleanser, sunscreen",,"spf 40 pa, triple care",1,Skincare Anti-Aging dan Brightening
mask wajah green stick greentea penghilang komedo,,"mask wajah, stick","green, greentea",penghilang komedo,5,Brightening dengan Bahan Aktif
aqua uv moisturizer milk spf 50 tone up essence gel 30 25 white spf50,aqua,"moisturizer, tone up essence gel",milk,"25 white spf50, 30, spf 50, uv",1,Skincare Anti-Aging dan Brightening
glad2glow mugwort salicylic acid jerawat clay stick mask stik cleanser komedo penghilang bekas,glad2glow,jerawat clay stick mask stik cleanser,mugwort salicylic acid,"komedo, penghilang bekas",,
jerawat pimple patch sticker salicylic acid penghilang kempes asam salisilat pengobatan menghilangkan wajah untuk perawatan kulit,,jerawat pimple patch sticker,"asam salisilat, salicylic acid","penghilang kempes, pengobatan menghilangkan wajah untuk perawatan kulit",4,Hidrasi dan Perawatan Kulit Sensitif
bioaqua niacinamide brightening jerawat serum hydrating essence wajah menyamarkan flek hitam,bioaqua,"essence, jerawat serum",niacinamide,"brightening, hydrating, wajah menyamarkan flek hitam",4,Hidrasi dan Perawatan Kulit Sensitif
scora niacinamide hydramoist gel pelembab wajah yang mencerahkan kulit memperbaiki skin barrier perfecting make up,scora,gel pelembab wajah,niacinamide,"hydramoist, yang mencerahkan kulit memperbaiki skin barrier perfecting make up",4,Hidrasi dan Perawatan Kulit Sensitif
the originote jerawat serum anti inflamasi untuk merawat mencegah pertumbuhan salicylic acid,the originote,serum,salicylic acid,"anti inflamasi untuk merawat mencegah pertumbuhan, jerawat",2,Pembersih Wajah dan Perawatan Jerawat
gmeelan orange exfoliating white gel meng angkat sel kulit mati,gmeelan orange,exfoliating white gel,,meng angkat sel kulit mati,,
bioaqua sheet mask sachet tissue wajah,bioaqua,sheet mask sachet tissue wajah,,,,
skin1004 madagascar centella tea trica spot patch,skin1004,spot patch,madagascar centella tea trica,,,
stickers jerawat patch,,"patch, stickers",,jerawat,,
skintific ceramide serum sunscreen spf50 pa sun repair invisible sunblock glowing barrier anti - aging brightening white mencerahkan wajah,skintific,"serum sunscreen, sunblock",ceramide,"glowing barrier anti - aging brightening white mencerahkan wajah, spf50 pa sun repair invisible",3,"Pelembap, Retinol, dan Perlindungan Kulit"
pigeon teens series facial foam sabun cuci wajah moisturizer sleeping mask serum sunscreen,pigeon teens series,"facial foam sabun cuci wajah moisturizer, sleeping mask serum sunscreen",,,,
elsheskin radiant advance serum brightening anti kusam mencerahkan maksimal pudarkan noda hitam bekas jerawat tranexamic acid niacinamide symwhite kojic alpha arbutin,,elsheskin radiant advance serum,"kojic alpha arbutin, niacinamide symwhite, tranexamic acid",brightening anti kusam mencerahkan maksimal pudarkan noda hitam bekas jerawat,,
skin aqua sunscreen moisturizer milk gel white mild tone up uv,skin aqua,"gel, moisturizer, sunscreen, tone up",milk,"uv, white mild",1,Skincare Anti-Aging dan Brightening
glowsophy cica panthenol soothing moisturizer,glowsophy,moisturizer,cica panthenol,soothing,,
scora panthenol low ph cleanser sabun cuci wajah sensitive skin,scora,cleanser sabun cuci wajah,panthenol,"low ph, sensitive skin",2,Pembersih Wajah dan Perawatan Jerawat
wardah uv shield airy smooth sunscreen serum spf 50 pa ringan,wardah,sunscreen serum,,"ringan, spf 50 pa, uv shield airy smooth",3,"Pelembap, Retinol, dan Perlindungan Kulit"
azarine hydrasoothe sunscreen gel spf 45 pa,azarine,sunscreen gel,,"hydrasoothe, spf 45 pa",3,"Pelembap, Retinol, dan Perlindungan Kulit"
the originote mugwort b3 clay stick mask wajah membantu exfoliating menghilangkan minyak berlebih jerawat niacinamide,the originote,clay stick mask wajah,"mugwort b3, niacinamide",membantu exfoliating menghilangkan minyak berlebih jerawat,1,Skincare Anti-Aging dan Brightening
bioaqua sheet mask brightening moisturizing hydrating essence anti - aging wajah,bioaqua,"essence, sheet mask",,"anti - aging wajah, brightening moisturizing, hydrating",4,Hidrasi dan Perawatan Kulit Sensitif
you triple uv sunscreen spf50 pa tabir surya oil control untuk kulit berminyak uva uvb blue light oily skin selling,you,"sunscreen, tabir surya",,"oil control untuk kulit berminyak uva uvb blue light oily skin selling, spf50 pa, triple uv",3,"Pelembap, Retinol, dan Perlindungan Kulit"
ghaniyyah cream erna,"erna, ghaniyyah",cream,,,,
viva face serum peeling glowing white anti - aging,viva,face serum,,peeling glowing white anti - aging,,
jerawat pimple patch stiker penghilang,,jerawat pimple patch stiker,,penghilang,,
skintific acid anti jerawat gel moisturizer melembabkan menghilangkan bekas kulit beruntusan exfoliating perawatan wajah calming pelembab white facial day cream night,skintific,"gel moisturizer, pelembab",acid,"anti jerawat, melembabkan menghilangkan bekas kulit beruntusan exfoliating perawatan wajah calming, white facial day cream night",5,Brightening dengan Bahan Aktif
skintific ceramide low ph cleanser facial wash face sabun cuci wajah acner glowing barrier anti - aging exfoliating brightening white blackhead removal calming peeling dark spot amino acid hyaluronic,skintific,cleanser facial wash face sabun cuci wajah,"amino acid hyaluronic, ceramide","acner glowing barrier anti - aging exfoliating brightening white blackhead removal calming peeling dark spot, low ph",2,Pembersih Wajah dan Perawatan Jerawat
viva white cream,viva,cream,,white,2,Pembersih Wajah dan Perawatan Jerawat
bioaqua sheet mask,bioaqua,sheet mask,,,,
dorskin matcha glow sleeping mask jerawat brightening pelembap cream pagi malam gel,dorskin,"gel, pelembap cream, sleeping mask",matcha,"glow, jerawat brightening, pagi malam",5,Brightening dengan Bahan Aktif
seca skin renewal exfoliating peeling gel,seca,exfoliating peeling gel,,skin renewal,,
bioaqua sheet mask brightening moisturizing hydrating essence anti - aging,bioaqua,"essence, sheet mask",,"anti - aging, brightening moisturizing, hydrating",4,Hidrasi dan Perawatan Kulit Sensitif
white serum pencerah wajah,,serum,,"pencerah wajah, white",4,Hidrasi dan Perawatan Kulit Sensitif
somethinc biospicule renewal serum,somethinc,biospicule renewal serum,,,,
wardah bright creamy foam smooth glow oil control,wardah,bright creamy foam,,smooth glow oil control,,
hchana natural skin mask sheet rorec,"hchana, rorec",mask sheet,,natural skin,,
bioaqua sheet mask,bioaqua,sheet mask,,,,
natur90 peel off mask goat milk charcoal naturgo jerawat wajah,"natur90, naturgo",peel off mask,"charcoal, goat milk",jerawat wajah,1,Skincare Anti-Aging dan Brightening
bioaqua scrub wajah peeling gel niacinamide brightening smooth facial exfoliating face,bioaqua,scrub wajah peeling gel,niacinamide,brightening smooth facial exfoliating face,,
the originote jelly booster serum moisturizer mencerahkan meratakan warna kulit glutathione,the originote,jelly booster serum moisturizer,glutathione,mencerahkan meratakan warna kulit,3,"Pelembap, Retinol, dan Perlindungan Kulit"
implora face serum hydrating jerawat brightening peeling midnight white milkyampoule sunscreen sun shield tabir surya spf,implora,"face serum, sunscreen, tabir surya",milkyampoule,"hydrating jerawat brightening peeling midnight white, spf, sun shield",3,"Pelembap, Retinol, dan Perlindungan Kulit"
grace and glow brightening sun lotion body serum spf 30 pa sunscreen sunblock badan anti uv arbutin bearberry,grace and glow,"sun lotion body serum, sunscreen sunblock",arbutin bearberry,"badan anti uv, brightening, spf 30 pa",4,Hidrasi dan Perawatan Kulit Sensitif
focallure spot patch jerawat treatment day night,focallure,spot patch jerawat,,treatment day night,,
jerawat patch penghilang acnes spot menghilangkan angkat speedy solution anti trouble,,jerawat patch,,"menghilangkan angkat speedy solution anti trouble, penghilang acnes spot",,
jerawat patch transparan plester pagi malam ultra thin spot,,"jerawat patch transparan plester, ultra thin spot",,pagi malam,,
finally found you soy bright moisturizer primer makeup gel pelembab cream siang malam,finally found you soy,moisturizer primer makeup gel pelembab cream,,"bright, siang malam",3,"Pelembap, Retinol, dan Perlindungan Kulit"
azarine hydrasoothe sunscreen gel spf45 pa sun screen tabir surya cream hydramax suncreen serum spf tone,azarine,"sun screen tabir surya cream, suncreen serum, sunscreen gel, tone",,"hydramax, hydrasoothe, spf, spf45 pa",3,"Pelembap, Retinol, dan Perlindungan Kulit"
implora serum wajah,implora,serum wajah,,,,
exfoliating pad npure jerawat clear cica acid extract glycolic pha wajah bruntusan,npure,exfoliating pad,"acid extract glycolic pha, cica","jerawat clear, wajah bruntusan",2,Pembersih Wajah dan Perawatan Jerawat
everpure sul jerawat spot drying lotion obat totol mengeringkan sulfur bha,everpure sul,lotion obat totol,sulfur bha,"jerawat spot drying, mengeringkan",,
you daily defense sunscreen serum spf30 tabir surya uva uvb blue light lightweight dry skin,you,"sunscreen serum, tabir surya",,"daily defense, dry skin, spf30, uva uvb blue light lightweight",2,Pembersih Wajah dan Perawatan Jerawat
azarine cicamide barrier sunscreen moisturizer spf35 pa,azarine,sunscreen moisturizer,cicamide,"barrier, spf35 pa",2,Pembersih Wajah dan Perawatan Jerawat
bioaqua sheet mask fruits veggies buah sayur facial brightening moisturizing anti - aging wajah glowing glow,bioaqua,sheet mask,"buah sayur, fruits veggies","anti - aging wajah glowing glow, facial brightening moisturizing",,
keymask,keymask,,,,,
jerawat patch hydrocolloids pimple repair skin penyerap serap minyak wajah oil control,,"jerawat patch, penyerap",hydrocolloids,"pimple repair skin, serap minyak wajah oil control",,
collagen day night,,,collagen,day night,,
louisse choice ginseng herbal mask moisturizing nourishing anti - aging anti wrinkle seed oil centella,louisse choice,herbal mask,"ginseng, seed oil centella",moisturizing nourishing anti - aging anti wrinkle,,
eiem beauty moisturizer,eiem beauty,moisturizer,,,,
2 garnier men acno fight anti jerawat scrub foam,2 garnier men,"foam, scrub",,acno fight anti jerawat,2,Pembersih Wajah dan Perawatan Jerawat
skin1004 madagascar centella tone brightening capsule ampoule,skin1004,capsule ampoule,madagascar centella,tone brightening,,
the originote cleanser cicamide facial hyalurose micellar water,the originote,"cleanser, micellar water","cicamide, hyalurose",facial,2,Pembersih Wajah dan Perawatan Jerawat
green mask stick stik tea penghilang komedo,green,mask stick stik,tea,penghilang komedo,5,Brightening dengan Bahan Aktif
somethinc sunscreen spf 40 pa,somethinc,sunscreen,,spf 40 pa,3,"Pelembap, Retinol, dan Perlindungan Kulit"
serum vitamin e,,serum,vitamin e,,,
toner avoskin miraculous refining aha bha pha exfoliating kulit,avoskin miraculous,toner,aha bha pha,"exfoliating kulit, refining",4,Hidrasi dan Perawatan Kulit Sensitif
100 glad2glow pomegranate niacinamide brightening moisturizer mencerahkan pelembab wajah white glowing cream day night malam pencerah,100 glad2glow,"cream, moisturizer, pelembab wajah","niacinamide, pomegranate","brightening, day night malam pencerah, mencerahkan, white glowing",1,Skincare Anti-Aging dan Brightening
skin aqua uv white milk spf50 pa,skin aqua,,milk,"spf50 pa, uv white",1,Skincare Anti-Aging dan Brightening
skin1004 centella ampoule,skin1004,ampoule,centella,,3,"Pelembap, Retinol, dan Perlindungan Kulit"
skintific aqua light daily sunscreen spf 35 pa sunblock sun glowing barrier anti - aging brightening white mencerahkan wajah melindungi kulit dari sinar uva uvb,skintific,"sun, sunblock, sunscreen",aqua,"glowing barrier anti - aging brightening white mencerahkan wajah melindungi kulit dari sinar uva uvb, light daily, spf 35 pa",3,"Pelembap, Retinol, dan Perlindungan Kulit"
fair lovely glow cream,fair lovely,cream,,glow,5,Brightening dengan Bahan Aktif
wardah uv shield sunscreen gel spf 35,wardah,sunscreen gel,,"spf 35, uv shield",2,Pembersih Wajah dan Perawatan Jerawat
garnier bright complete vitamin c booster serum cepat cerahkan noda hitam samarkan bekas jerawat,garnier,booster serum,vitamin c,"bright complete, cepat cerahkan noda hitam samarkan bekas jerawat",3,"Pelembap, Retinol, dan Perlindungan Kulit"
somethinc niacinamide moisturizer serum kulit mencerahkan maksimal pemula,somethinc,"moisturizer, serum",niacinamide,kulit mencerahkan maksimal pemula,3,"Pelembap, Retinol, dan Perlindungan Kulit"
forebie fight jerawat moisturizer serum,forebie,moisturizer serum,,fight jerawat,,
toner badan kelupas melati,,toner badan,melati,kelupas,,
viva air mawar face tonic milk cleanser toner penyegar susu,viva,"cleanser toner, face tonic","air mawar, milk, susu",penyegar,2,Pembersih Wajah dan Perawatan Jerawat
skin1004 madagascar centella hyalu cica serum spf50 pa,skin1004,serum,madagascar centella hyalu cica,spf50 pa,3,"Pelembap, Retinol, dan Perlindungan Kulit"
skintific niacinamide brightening moisturizer glowing gel alpha arbutin cream white wajah,skintific,"cream, gel, moisturizer","alpha arbutin, niacinamide","brightening, glowing, white wajah",5,Brightening dengan Bahan Aktif
sunblock wajah badan spf 50 pa sunscreen,,"sunblock wajah badan, sunscreen",,spf 50 pa,,
skintific ceramide barrier moisturizer gel cream white wajah calming brightening dark spot pelembab facial day night niacinamide centella marine collagen,skintific,"moisturizer gel cream white wajah, pelembab facial","ceramide, niacinamide centella marine collagen","barrier, calming brightening dark spot, day night",3,"Pelembap, Retinol, dan Perlindungan Kulit"
nature aloe vera 92 soothing gel,nature,gel,aloe vera,92 soothing,,
beauty charge facial cleancer,beauty charge,facial cleancer,,,,
npure sunscreen cica the sun matte spf 50 pa jerawat hypoallergenic acid beruntusan hydrating mencerahkan wajah,npure,sunscreen,"acid, cica","beruntusan hydrating mencerahkan wajah, the sun matte spf 50 pa jerawat hypoallergenic",5,Brightening dengan Bahan Aktif
oily skin scarlett white ultra light daily sunscreen spf 50 pa water based meresap 20an detik ringan ceramide hyaluronic acid no whitecast,scarlett,sunscreen,ceramide hyaluronic acid,"no whitecast, oily skin, spf 50 pa water based meresap 20an detik ringan, white ultra light daily",3,"Pelembap, Retinol, dan Perlindungan Kulit"
glad2glow mugwort clay mask wajah face cleansing green salicylic acid anti pores jerawat komedo centella facial wash off,glad2glow,"clay mask wajah face cleansing green, facial wash off","centella, mugwort, salicylic acid",anti pores jerawat komedo,2,Pembersih Wajah dan Perawatan Jerawat
skin aqua uv white milk spf 50,skin aqua,,milk,"spf 50, uv white",1,Skincare Anti-Aging dan Brightening
eileen moisturize rose jelly mask,eileen,"jelly mask, moisturize",rose,,5,Brightening dengan Bahan Aktif
toner pelicin ekstrak lemon strong wangi,,toner pelicin,ekstrak lemon,strong wangi,,
somethinc low ph gentle jelly cleanser sabun cuci wajah semua jenis kulit,somethinc,gentle jelly cleanser sabun cuci wajah,,"low ph, semua jenis kulit",3,"Pelembap, Retinol, dan Perlindungan Kulit"
mask wajah puqianna ekstrak buah tumbuhan kualitas face,puqianna,mask wajah,ekstrak buah tumbuhan,kualitas face,,
azarine barrier moisturizer pelembab wajah cream gel mencerahkan kulit kusam jerawat sensitif,azarine,"moisturizer, pelembab wajah cream gel",,"barrier, mencerahkan kulit kusam jerawat sensitif",3,"Pelembap, Retinol, dan Perlindungan Kulit"
hchana rorec sheet mask facial perawatan,hchana rorec,sheet mask,,facial perawatan,,
cosrx low ph morning cleanser sabun wajah untuk semua jenis kulit,cosrx,cleanser sabun wajah,,"low ph, morning, untuk semua jenis kulit",5,Brightening dengan Bahan Aktif
facetology triple care jerawat calm micellar water cleanser wajah salicylic acid untuk kulit berminyak,facetology,micellar water cleanser wajah,salicylic acid,"triple care jerawat calm, untuk kulit berminyak",4,Hidrasi dan Perawatan Kulit Sensitif
the originote peeling solution serum exfoliating wajah untuk angkat sel kulit mati memperbaiki tekstur aha bha pha,the originote,peeling solution serum,aha bha pha,exfoliating wajah untuk angkat sel kulit mati memperbaiki tekstur,,
glad2glow 3d acid clay stick mask wajah komedo cleanser penghilang wash off,glad2glow,"clay stick mask wajah komedo cleanser penghilang, wash off",3d acid,,,
hanasui collagen sunscreen spf50 pa,hanasui,sunscreen,collagen,spf50 pa,5,Brightening dengan Bahan Aktif
cream htmh 0 flek jerawat white,htmh 0,cream,,flek jerawat white,,
skintific panthenol jerawat calming water gel exfoliating perawatan wajah untuk melembabkan white brightening dark spot pelembab facial moisturizer day cream night niacinamide centella ceramide,skintific,"cream, pelembab facial moisturizer, water gel exfoliating","niacinamide centella ceramide, panthenol","day, jerawat calming, night, perawatan wajah untuk melembabkan white brightening dark spot",2,Pembersih Wajah dan Perawatan Jerawat
cream htmh flek tebal melasma,htmh,cream,,flek tebal melasma,,
npure cleanser gel softly gentle skin wajah hypoallergenic sensitive approved semua jenis kulit ph balance travel size,npure,cleanser gel,"hypoallergenic, ph","balance travel size, semua jenis kulit, sensitive approved, softly gentle skin wajah",1,Skincare Anti-Aging dan Brightening
emina bright stuff face wash sabun wajah mencerahkan glowing anti kusam,emina,stuff face wash sabun wajah,,"bright, mencerahkan glowing anti kusam",,
bioaqua mask komedo bamboo charcoal blackhead remover peel off wajah hidung cleanser,bioaqua,"mask komedo bamboo, peel off wajah hidung cleanser",charcoal,blackhead remover,3,"Pelembap, Retinol, dan Perlindungan Kulit"
brightening glow up serum white booster glowing ceramide retinol soy cell dna salmon,brightening,glow up serum,ceramide retinol soy cell dna salmon,white booster glowing,,
toner pelicin lemon niacinamide glowing,,toner,"lemon, niacinamide","glowing, pelicin",4,Hidrasi dan Perawatan Kulit Sensitif
byzoe glow jelly booster glowing,byzoe,jelly booster,,"glow, glowing",4,Hidrasi dan Perawatan Kulit Sensitif
jerawat patch pimple sticker menghilangkan angkat speedy solution anti trouble,,jerawat patch pimple sticker,,menghilangkan angkat speedy solution anti trouble,,
ms glow facial wash brightening sabun cuci wajah,ms glow,"facial wash, sabun cuci wajah",,brightening,2,Pembersih Wajah dan Perawatan Jerawat
the originote hyalucera moisturizer hyaluronic acid ceramide chlorelina,the originote,moisturizer,"hyalucera, hyaluronic acid ceramide chlorelina",,3,"Pelembap, Retinol, dan Perlindungan Kulit"
aurora louisse choice dna salmon glutathione ocean jelly face cream facial moisturizer effective white remove melanin anti - aging,aurora louisse choice,ocean jelly face cream facial moisturizer,dna salmon glutathione,effective white remove melanin anti - aging,,
wardah sunscreen gel spf 35 aqua fresh essence active protection serum uv light,wardah,"essence, serum, sunscreen gel",fresh,"active protection, spf 35 aqua, uv light",4,Hidrasi dan Perawatan Kulit Sensitif
facetology spf triple care sunscreen 40 pa,facetology,sunscreen,,"40 pa, spf, triple care",1,Skincare Anti-Aging dan Brightening
cream temulawak,,cream,temulawak,,,
garnier yoghurt sleeping mask light complete sakura white serum cream,garnier,"serum cream, sleeping mask","sakura, yoghurt","light complete, white",3,"Pelembap, Retinol, dan Perlindungan Kulit"
whitelab uv shield tank sunscreen gel spf 50 pa sunblock pelindung sinar matahari niacinamide raykami hyaluronic ringan tidak lengket,whitelab,"sunblock, sunscreen gel",niacinamide raykami hyaluronic,"pelindung sinar matahari, ringan tidak lengket, spf 50 pa, uv shield tank",3,"Pelembap, Retinol, dan Perlindungan Kulit"
toner dojako mengecilkan pori,dojako,toner,,mengecilkan pori,,
skintific dark spot serum niacinamide mencerahkan tumpas komedo anti - aging anti jerawat exfoliating angkat sel kulit mati white wajah tranexamic acid,skintific,serum,"niacinamide, tranexamic acid","dark spot, mencerahkan tumpas komedo anti - aging anti jerawat exfoliating angkat sel kulit mati white wajah",2,Pembersih Wajah dan Perawatan Jerawat
jerawat patch untuk kempes,,jerawat patch,,untuk kempes,,
salsa hans jebb gel skin cleanser perontok daki greentea lemon,salsa,hans jebb gel skin cleanser,greentea lemon,perontok daki,,
glowsicha brightening day cream,glowsicha,cream,,brightening day,2,Pembersih Wajah dan Perawatan Jerawat
moon night cream camille,camille,cream,,moon night,,
viva white soothing aloe gel waterdrop sleeping mask moisturizer,viva,waterdrop sleeping mask moisturizer,aloe gel,white soothing,2,Pembersih Wajah dan Perawatan Jerawat
azarine hydramax c sunscreen serum spf50 pa kulit kering sensitif,azarine,sunscreen serum,c,"hydramax, kulit kering sensitif, spf50 pa",1,Skincare Anti-Aging dan Brightening
skin1004 madagascar centella tone brightening boosting toner,skin1004,"tone, toner",madagascar centella,brightening boosting,3,"Pelembap, Retinol, dan Perlindungan Kulit"
lumiwhite sunscreen essence spf 50 pa,lumiwhite,sunscreen essence,,spf 50 pa,3,"Pelembap, Retinol, dan Perlindungan Kulit"
glad2glow blueberry ceramide moisturizer skin barrier pelembab wajah facial cream day night malam,glad2glow,"moisturizer, pelembab wajah facial cream","blueberry, ceramide","day night malam, skin barrier",3,"Pelembap, Retinol, dan Perlindungan Kulit"
glamazing multipurpose soothing skinditioner,glamazing,,,multipurpose soothing skinditioner,,
kahf skin energizing and brightening face wash,kahf,face wash,,skin energizing and brightening,,
l oreal paris uv defender serum protector sunscreen spf 50 pa untuk mencegah kulit tampak tua 5 tahun melembapkan,l oreal paris,defender serum protector sunscreen,,"spf 50 pa, untuk mencegah kulit tampak tua 5 tahun melembapkan, uv",1,Skincare Anti-Aging dan Brightening
focalskin porefying cleanser facial wash sabun cuci wajah membersihkan komedo moisturizing aha pha bha penghilang kulit jerawat calming oil control semua jenis,focalskin,cleanser facial wash sabun cuci wajah,aha pha bha,"membersihkan komedo, moisturizing, penghilang kulit jerawat calming oil control semua jenis, porefying",3,"Pelembap, Retinol, dan Perlindungan Kulit"
npure jerawat clear pad cica licorice light up brightening,npure,jerawat clear pad,"cica, licorice",light up brightening,3,"Pelembap, Retinol, dan Perlindungan Kulit"
cream collagen malam,,cream,collagen,malam,3,"Pelembap, Retinol, dan Perlindungan Kulit"
jerawat patch penghilang siang malam,,jerawat patch,,"penghilang, siang malam",3,"Pelembap, Retinol, dan Perlindungan Kulit"
star jerawat pimple patch repair skin douyin salicylic acid treatment stickers skincare,douyin,"star jerawat pimple patch, treatment stickers skincare",salicylic acid,repair skin,,
npure peeling gel licorice advance exfoliating brightening glowing penghilang daki mencerahkan,npure,peeling gel,licorice,advance exfoliating brightening glowing penghilang daki mencerahkan,5,Brightening dengan Bahan Aktif
skintific niacinamide brightening moisturizer gel cream white wajah calming dark spot pelembab facial day night,skintific,"moisturizer gel cream, pelembab facial",niacinamide,"brightening, day night, white wajah calming dark spot",2,Pembersih Wajah dan Perawatan Jerawat
wardah amino aha pha clarifying foaming cleanser sabun cuci wajah acid,wardah,foaming cleanser sabun cuci wajah,"acid, amino aha pha",clarifying,4,Hidrasi dan Perawatan Kulit Sensitif
glad2glow pomegranate niacinamide power bright white serum wajah alpha arbutin mencerahkan facial brightening,glad2glow,"facial, serum wajah","alpha arbutin, niacinamide, pomegranate","brightening, mencerahkan, power bright white",5,Brightening dengan Bahan Aktif
skintific dark spot moisturizer gel penyamar noda hitam meratakan warna kulit cream white wajah calming pelembab facial day night niacinamide glutathione tranexamic acid,skintific,"cream, moisturizer gel, pelembab facial",niacinamide glutathione tranexamic acid,"dark spot, day night, penyamar noda hitam meratakan warna kulit, white wajah calming",2,Pembersih Wajah dan Perawatan Jerawat
cr k142 tissue bulat mini travel sekali pakai mask wajah kompres towel portable tisu bentuk permen travelling compressed paper sheet,cr k142,"compressed paper sheet, mask wajah kompres towel portable tisu, tissue bulat mini",,"bentuk permen travelling, travel sekali pakai",,
,,,,,1,Skincare Anti-Aging dan Brightening
in vivo amaterasun uv sunscreen serum spf 50 pa,in vivo amaterasun,sunscreen serum,,"spf 50 pa, uv",,
bioaqua sheet mask,bioaqua,sheet mask,,,2,Pembersih Wajah dan Perawatan Jerawat
scarlett white ceramide moisturizer pelembab wajah untuk mencerahkan melembabkan memperbaiki skin barrier menghidrasi kulit sensitif approved tidak buat make up geser,scarlett,moisturizer pelembab wajah,ceramide,"untuk mencerahkan melembabkan memperbaiki skin barrier menghidrasi kulit sensitif approved tidak buat make up geser, white",3,"Pelembap, Retinol, dan Perlindungan Kulit"
whitelab brightening booster serum niacinamide mencerahkan maksimal untuk kulit sensitif berminyak oxy229 hyaluronic,whitelab,booster serum,"niacinamide, oxy229 hyaluronic","brightening, mencerahkan maksimal untuk kulit sensitif berminyak",4,Hidrasi dan Perawatan Kulit Sensitif
glowsicha cream wajah siang malam brightening day night jelly booster,glowsicha,"cream wajah, jelly booster",,siang malam brightening day night,,
story brightening face serum untuk wajah mencerahkan bersih glowing,story,face serum,,"brightening, untuk wajah mencerahkan bersih glowing",5,Brightening dengan Bahan Aktif
polynia pomegranate revitalizing face mask anti - aging mengencangkan wajah anti kerutan garis halus penuaan dini,polynia,face mask,pomegranate,"anti - aging mengencangkan wajah anti kerutan garis halus penuaan dini, revitalizing",1,Skincare Anti-Aging dan Brightening
garnier bright complete vitamin c simple cream pagi malam mencerahkan day night,garnier,cream,vitamin c,"bright complete, pagi malam mencerahkan day night, simple",,
eiem beauty natural hybrid sunscreen spf 50 lolos uji invivo,eiem beauty,sunscreen,,"natural hybrid, spf 50 lolos uji invivo",1,Skincare Anti-Aging dan Brightening
skin aqua tone up uv essence moisturizer milk spf 50 pa sunscreen sun block mist light sunplay protection lotion,skin aqua,"block, essence moisturizer, lotion, mist, sunscreen, tone up",milk,"light sunplay protection, spf 50 pa, sun, uv",2,Pembersih Wajah dan Perawatan Jerawat
you amino facial wash anti jerawat hydrating brightening oil control sabun cuci wajah,you,"facial wash, sabun cuci wajah",amino,anti jerawat hydrating brightening oil control,,
mask organik skindivore organic face,skindivore,mask organik,,organic face,4,Hidrasi dan Perawatan Kulit Sensitif
cosrx snail mucin essence esense wajah untuk anti penuaan,cosrx,"esense wajah, essence",snail mucin,untuk anti penuaan,1,Skincare Anti-Aging dan Brightening
azarine hydramax c sunscreen serum spf50 pa kulit kering tidak lengket no whitecast,azarine,sunscreen serum,c,"hydramax, spf50 pa kulit kering tidak lengket no whitecast",,
claridem philiphine,claridem,,,philiphine,1,Skincare Anti-Aging dan Brightening
wardah uv shield essential sunscreen gel spf 35 pa tekstur ringan tidak lengket melembabkan semua jenis kulit mencegah penuaan dini,wardah,sunscreen gel,,"spf 35 pa, tekstur ringan tidak lengket melembabkan semua jenis kulit mencegah penuaan dini, uv shield essential",3,"Pelembap, Retinol, dan Perlindungan Kulit"
garnier sakura cream,garnier,cream,sakura,,4,Hidrasi dan Perawatan Kulit Sensitif
meidian green tea mask cleansing clay stick wajah cleanser komedo jerawat minyak berlebih,meidian,"clay stick wajah cleanser, mask",green tea,"cleansing, komedo jerawat minyak berlebih",2,Pembersih Wajah dan Perawatan Jerawat
sadoer mask wajah sheet plant,sadoer,mask wajah sheet,plant,,2,Pembersih Wajah dan Perawatan Jerawat
skintific mugwort jerawat clay stick mask facial,skintific,"clay stick mask, facial",mugwort,jerawat,4,Hidrasi dan Perawatan Kulit Sensitif
bioaqua sheet mask hydrating essence brightening moisturizing anti - aging wajah,bioaqua,"essence, sheet mask",,"brightening moisturizing anti - aging wajah, hydrating",3,"Pelembap, Retinol, dan Perlindungan Kulit"
facetology triplecare sunscreen spf 40 pa,facetology,sunscreen,,"spf 40 pa, triplecare",5,Brightening dengan Bahan Aktif
d alba white spray serum,d alba,spray serum,,white,,
nyyo skinbarrier booster cooling gel,nyyo,gel,,skinbarrier booster cooling,4,Hidrasi dan Perawatan Kulit Sensitif
fyc yessica tea tree strawberry anti pores jerawat clay stick mask,fyc yessica,clay stick mask,tea tree strawberry,anti pores jerawat,4,Hidrasi dan Perawatan Kulit Sensitif
hanasui ceramide probiotics moisturizer gel,hanasui,moisturizer gel,ceramide probiotics,,,
pratista calming spray,pratista,spray,,calming,3,"Pelembap, Retinol, dan Perlindungan Kulit"
the originote ceramella sunscreen spf50 pa serum untuk skin barrier protect melindungi dari sinar matahari wajah,the originote,"serum, sunscreen",ceramella,"spf50 pa, untuk skin barrier protect melindungi dari sinar matahari wajah",5,Brightening dengan Bahan Aktif
kahf oil and jerawat care face wash,kahf,face wash,,oil and jerawat care,,
lameila svmy sunscreen sunblock cream pelindung sinar matahari,lameila svmy,sunscreen sunblock cream,,pelindung sinar matahari,,
rorec hchana sheet mask,rorec hchana,sheet mask,,,,
azarine toner untuk kulit kusam anti - aging berminyak jerawat,azarine,toner,,"anti - aging berminyak jerawat, untuk kulit kusam",1,Skincare Anti-Aging dan Brightening
skin aqua sunscreen spf 50 uv moisturizing gel white milk,skin aqua,"gel, sunscreen",milk,"spf 50, uv moisturizing, white",2,Pembersih Wajah dan Perawatan Jerawat
night cream white ht mh wajib konsultasi untuk umum,ht mh,cream,,"night, wajib konsultasi untuk umum, white",4,Hidrasi dan Perawatan Kulit Sensitif
wardah lightening serum ampoule advanced niacinamide menyamarkan bekas jerawat,wardah,serum ampoule,niacinamide,"advanced, lightening, menyamarkan bekas jerawat",,
bnb the originote hyalucera moisturizer gel pelembab wajah,bnb the originote,moisturizer gel pelembab wajah,hyalucera,,1,Skincare Anti-Aging dan Brightening
glow lovely ultimate uv duo cream vitamin c spf 35 pa,glow lovely,duo cream,vitamin c,"spf 35 pa, ultimate uv",,
skin1004 centella watergel sheet ampoule mask,skin1004,watergel sheet ampoule mask,centella,,4,Hidrasi dan Perawatan Kulit Sensitif
viva milk cleanser susu face tonic penyegar toner air mawar,viva,"face tonic, milk cleanser, toner","air mawar, susu",penyegar,5,Brightening dengan Bahan Aktif
skintific salicylic acid anti jerawat serum mencerahkan peeling dark spot tumpas komedo anti - aging white brightening exfoliating angkat sel kulit mati acsd pionin centella niacinamide ceramide,skintific,serum,"acsd pionin centella niacinamide ceramide, salicylic acid","anti jerawat, mencerahkan peeling dark spot tumpas komedo anti - aging white brightening exfoliating angkat sel kulit mati",,
scarlett white brightening facial wash sabun cuci wajah clean and clear untuk mencerahkan melembabkan memudarkan noda hitam kulit tanpa bikin ketarik glutathione vitamin e aloe vera ph 5,scarlett,facial wash sabun cuci wajah,glutathione vitamin e aloe vera ph 5,"clean and clear untuk mencerahkan melembabkan memudarkan noda hitam kulit tanpa bikin ketarik, white brightening",2,Pembersih Wajah dan Perawatan Jerawat
skintific panthenol gel cleanser facial wash cleaning sabun wajah anti jerawat micellar calming and soothing cleansing oil control,skintific,"gel cleanser facial wash, micellar, sabun wajah",panthenol,"anti jerawat, calming and soothing cleansing, cleaning, oil control",,
emina sun protection spf 30 pa sunscreen skin buddy,emina,sunscreen,,"skin buddy, sun protection spf 30 pa",,
allphv blackhead mask hidung komedo penghilang serum17ml,allphv,"blackhead mask hidung, serum17ml",,komedo penghilang,,
true to skin matcha oat gentle cleanser sabun cuci wajah semua jenis kulit,true to skin,gentle cleanser sabun cuci wajah,matcha oat,semua jenis kulit,,
kymm skin glow day cream uv protector anti bluelight,kymm skin,cream,,"glow day, uv protector anti bluelight",4,Hidrasi dan Perawatan Kulit Sensitif
meidian green tea stick mask cleanser pori komedo penghilang,meidian,stick mask cleanser,green tea,pori komedo penghilang,3,"Pelembap, Retinol, dan Perlindungan Kulit"
sadoer charcoal head remover bamboo mask cleansing peel off komedo cleanser hidung tanpa iritasi,sadoer,"bamboo mask, cleanser hidung, peel off",charcoal,"cleansing, head remover, komedo, tanpa iritasi",1,Skincare Anti-Aging dan Brightening
labore barrier revive cream pelembab kulit sensitif,labore,cream,,"barrier revive, pelembab kulit sensitif",2,Pembersih Wajah dan Perawatan Jerawat
glad2glow dark spot moisturizer menghilangkan bekas jerawat brightening night cream day,glad2glow,"cream, moisturizer",,"dark spot, day, menghilangkan bekas jerawat brightening night",2,Pembersih Wajah dan Perawatan Jerawat
the temulawak day night cream,the,cream,temulawak,day night,3,"Pelembap, Retinol, dan Perlindungan Kulit"
scarlett white serum jerawat glowtening niaciamide retinol felicia scarlet cream toner day bright night age delay power booster,scarlett,"scarlet cream toner, serum",niaciamide retinol felicia,"day bright night age delay, jerawat glowtening, power booster, white",4,Hidrasi dan Perawatan Kulit Sensitif
stiker jerawat star hydrocolloid pimple patch,,"pimple patch, stiker",hydrocolloid,jerawat star,5,Brightening dengan Bahan Aktif
pomeglow glow up aha booster exfoliating toner face and body kulit sensitif,pomeglow,toner face and body,aha,"booster exfoliating, glow up, kulit sensitif",2,Pembersih Wajah dan Perawatan Jerawat
1 onlyou sunscreen uv defender protector spf50 pa face body white sunblock pelembab mencegah kerusakan kulit centella serum,1 onlyou,"serum, sunblock pelembab, sunscreen",centella,"mencegah kerusakan kulit, uv defender protector spf50 pa face body white",4,Hidrasi dan Perawatan Kulit Sensitif
bioaqua sheet mask brightening moisturizing essence face wajah kaya vitamin bunga buah,bioaqua,"essence, sheet mask","bunga buah, vitamin","brightening moisturizing, face wajah kaya",,
acnaway jerawat sun serum sunscreen spf 50 pa only skin membantu membersihkan pori mengontrol produksi sebum membunuh bakteri bha bsasm ceramide,acnaway,sun serum sunscreen,bha bsasm ceramide,"jerawat, spf 50 pa only skin membantu membersihkan pori mengontrol produksi sebum membunuh bakteri",2,Pembersih Wajah dan Perawatan Jerawat
pyunkang yul calming moisturizer toner,pyunkang yul,moisturizer toner,,calming,2,Pembersih Wajah dan Perawatan Jerawat
glad2glow centella salicylic acid jerawat serum wajah obat untuk merawat mencegah pertumbuhan acnes redness prevents breakout,glad2glow,serum wajah obat,"centella, salicylic acid","acnes redness prevents breakout, jerawat, untuk merawat mencegah pertumbuhan",3,"Pelembap, Retinol, dan Perlindungan Kulit"
npure sunscreen cica beat the sun hypoallergenic spf 50 pa kulit kering jerawat,npure,sunscreen,cica,beat the sun hypoallergenic spf 50 pa kulit kering jerawat,,
sadoer blackhead mask remover penghilang komedo activated carbon,sadoer,blackhead mask remover,activated carbon,penghilang komedo,,
cream flek htmh,htmh,cream flek,,,,
azarine jerawat spot serum obat totol,azarine,spot serum obat totol,,jerawat,4,Hidrasi dan Perawatan Kulit Sensitif
fyc yessica glowing sleeping mask goat milk lavender,fyc yessica,sleeping mask,"goat milk, lavender",glowing,4,Hidrasi dan Perawatan Kulit Sensitif
wardah uv shield sunscreen gel active protection serum sun stick aqua fresh essence airy smooth,wardah,"essence, serum sun stick, sunscreen gel",,"active protection, airy smooth, aqua fresh, uv shield",,
jerawat pimple patch stiker penghilang,,jerawat pimple patch stiker penghilang,,,4,Hidrasi dan Perawatan Kulit Sensitif
viva milk cleanser face tonic air mawar penyegar toner,viva,"milk cleanser face tonic, toner",air mawar,penyegar,,
collagen cream,,cream,collagen,,,
skin1004 madagascar centella toning toner,skin1004,toning toner,madagascar centella,,4,Hidrasi dan Perawatan Kulit Sensitif
the originote clarifying toner exfoliating hydrating melembabkan wajah aha bha pha,the originote,toner,aha bha pha,"clarifying, exfoliating hydrating melembabkan wajah",,
madame gie jelly mask gel wajah,madame gie,"gel wajah, jelly mask",,,,
bioaqua essence mask,bioaqua,essence mask,,,3,"Pelembap, Retinol, dan Perlindungan Kulit"
madame gie protect sun serum spf 30 pa sunscreen protection,madame gie,"sun serum, sunscreen",,"protect, protection, spf 30 pa",2,Pembersih Wajah dan Perawatan Jerawat
scarlett white serum brightening melembabkan mencerahkan kulit niacinamide,scarlett,serum,niacinamide,"brightening, melembabkan mencerahkan kulit, white",4,Hidrasi dan Perawatan Kulit Sensitif
green tea mask cleansing clay stick meidian cleanser komedo,meidian,"cleanser komedo, mask cleansing clay stick",green tea,,3,"Pelembap, Retinol, dan Perlindungan Kulit"
skintific ceramide low ph cleanser facial wash gentle sensitive skin sabun cuci wajah oil control,skintific,"cleanser facial wash, sabun cuci wajah",ceramide,"gentle sensitive skin, low ph, oil control",,
2 garnier men oil control anti blackheads brightening scrub facial cleanser,2 garnier men,scrub facial cleanser,,oil control anti blackheads brightening,,
kymm skin effortless sunscreen spf 50 cocok semua jenis kulit,kymm,sunscreen,,"skin effortless, spf 50 cocok semua jenis kulit",,
penghilang bekas luka hitam koreng kaki cacar gigitan nyamuk keloid,,,,"keloid, penghilang bekas luka hitam koreng kaki cacar gigitan nyamuk",1,Skincare Anti-Aging dan Brightening
wardah uv shield jerawat calming sunscreen serum spf 50 pa,wardah,sunscreen serum,,"spf 50 pa, uv shield jerawat calming",1,Skincare Anti-Aging dan Brightening
himalaya purifying mask,himalaya,mask,,purifying,,
day white cream ms glow,ms glow,cream,,day white,1,Skincare Anti-Aging dan Brightening
facetology triple care sunscreen hybrid tanpa parfum uva uvb tabir surya spf 40 wajah protection perlindungan dari paparan sinar matahari melindungi merawat kulit sunburn gosong,facetology,"sunscreen hybrid, tabir surya",,"spf 40 wajah protection perlindungan dari paparan sinar matahari melindungi merawat kulit sunburn gosong, tanpa parfum, triple care, uva uvb",1,Skincare Anti-Aging dan Brightening
skintific vitamin c brightening glow serum mencerahkan dark spot tumpas komedo anti - aging anti jerawat exfoliating angkat sel kulit mati white wajah centella ferulic acid,skintific,glow serum,"centella, ferulic acid, vitamin c","brightening, mencerahkan dark spot tumpas komedo anti - aging anti jerawat exfoliating angkat sel kulit mati white wajah",,
viva peeling serum glycolic acid aha salycilic bha gluconolactone pha,viva,peeling serum,glycolic acid aha salycilic bha gluconolactone pha,,,
lumiwhite deep cleansing face wash white,lumiwhite,deep cleansing face wash,,white,,
meco pearl cream,meco,cream,pearl,,4,Hidrasi dan Perawatan Kulit Sensitif
pond age miracle hexyl retinol niacinamide day cream mencerahkan kulit anti - aging,pond,"age, cream",hexyl retinol niacinamide,"anti - aging, day, mencerahkan kulit, miracle",,
lea gloria mask,lea gloria,mask,,,,
salep pelicin siang glowing spf 50 day cream,,"cream, salep pelicin",,siang glowing spf 50 day,,
mask wajah organik,,mask wajah,organik,,,
acnaway ultra thin jerawat patch penghilang salicylic acid tea tree centella asiatica,acnaway,ultra thin jerawat patch,salicylic acid tea tree centella asiatica,penghilang,,
ms glow toner jerawat fight,ms glow,toner,,jerawat fight,3,"Pelembap, Retinol, dan Perlindungan Kulit"
the originote moisturizer hyalucera ceratinol cica jerawat peeling astachiol ceratides bright serum eye toner sunscreen lip spot cream charcoal mask retinol mugwort clay stick,the originote,"bright serum eye toner, clay stick, mask, moisturizer, peeling, sunscreen lip spot cream","astachiol ceratides, charcoal, hyalucera ceratinol cica, retinol mugwort",jerawat,,
hanasui serum,hanasui,serum,,,3,"Pelembap, Retinol, dan Perlindungan Kulit"
skintific sunscreen ceramide serum stick spf50 pa sunblock untuk skin barrier protect rusak kulit berminyak jerawat sensitif sunblok gel wajah stik,skintific,"serum stick, sunblock, sunblok gel wajah stik, sunscreen",ceramide,"spf50 pa, untuk skin barrier protect rusak kulit berminyak jerawat sensitif",,
whitelab cera mug barrier moisturizing gel pelembap kulit wajah kering perbaiki skin siang malam hyaluronic ceramide,whitelab,cera mug barrier moisturizing gel pelembap,hyaluronic ceramide,kulit wajah kering perbaiki skin siang malam,5,Brightening dengan Bahan Aktif
npure facial wash cica anti jerawat foam sabun wajah berminyak,npure,"facial wash, foam sabun",cica,"anti jerawat, wajah berminyak",5,Brightening dengan Bahan Aktif
cosrx low ph morning cleanser sabun wajah untuk semua jenis kulit,cosrx,cleanser sabun wajah,,"low ph, morning, untuk semua jenis kulit",3,"Pelembap, Retinol, dan Perlindungan Kulit"
emina spf 30 pa sunscreen pelindung dari sinar matahari uv,emina,sunscreen,,"pelindung dari sinar matahari uv, spf 30 pa",,
acnaway mugwort gel mask anti pores wash mencerahkan wajah merawat memperbaiki skin barrier bakuchiol peptides,acnaway,gel mask,"bakuchiol peptides, mugwort","anti pores wash, mencerahkan wajah merawat memperbaiki skin barrier",5,Brightening dengan Bahan Aktif
cosrx low ph morning gel cleanser sabun wajah untuk semua jenis kulit,cosrx,gel cleanser sabun wajah,,"low ph, morning, untuk semua jenis kulit",,
jerawat pimple patch sticker tempel,,"jerawat pimple patch, sticker tempel",,,3,"Pelembap, Retinol, dan Perlindungan Kulit"
the originote ceramella sunscreen spf 50 pa,the originote,sunscreen,ceramella,spf 50 pa,3,"Pelembap, Retinol, dan Perlindungan Kulit"
skintific day light sunscreen mist spf 50 pa uv tone up sun shield white glowing barrier anti - aging brightening mencerahkan wajah melindungi kulit dari sinar uva uvb pearls ceramide centella,skintific,"sunscreen mist, tone up",pearls ceramide centella,"day light, spf 50 pa uv, sun shield white glowing barrier anti - aging brightening mencerahkan wajah melindungi kulit dari sinar uva uvb",3,"Pelembap, Retinol, dan Perlindungan Kulit"
bioaqua ceramide serum sunscreen spf 50 pa gel sunblock wajah sun protection waterproof uv,bioaqua,"gel sunblock wajah, serum sunscreen",ceramide,"spf 50 pa, sun protection, waterproof uv",2,Pembersih Wajah dan Perawatan Jerawat
whitelab brightening day cream night,whitelab,cream,,"brightening day, night",2,Pembersih Wajah dan Perawatan Jerawat
whitelab jerawat care facial wash sabun cuci wajah untuk kulit kontrol minyak berlebih anti bakteri mugwort tea tree bha,whitelab,facial wash sabun cuci wajah,mugwort tea tree bha,"jerawat care, untuk kulit kontrol minyak berlebih anti bakteri",2,Pembersih Wajah dan Perawatan Jerawat
viva white cream,viva,cream,,white,,
bioaqua sheet mask wajah,bioaqua,sheet mask wajah,,,1,Skincare Anti-Aging dan Brightening
skin aqua tone up uv essence moisturizer milk gel,skin aqua,"essence moisturizer, gel, tone up",milk,uv,2,Pembersih Wajah dan Perawatan Jerawat
rdl papaya brightening soap sabun cuci wajah pepaya white sunscreen,rdl papaya,"soap sabun cuci wajah, sunscreen",pepaya,"brightening, white",3,"Pelembap, Retinol, dan Perlindungan Kulit"
glad2glow propolis hyaluronic acid toner wajah barrier essence pelembab facial,glad2glow,"essence pelembab facial, toner wajah","hyaluronic acid, propolis",barrier,,
acnes creamy wash complete white face oil control sealing jell spot care uv,acnes,"creamy wash, jell",,"complete white face oil control sealing, spot care uv",5,Brightening dengan Bahan Aktif
poupeepou mask mugwort jerawat centella asiatica,poupeepou,mask,"centella asiatica, mugwort",jerawat,,
mask komedo gelatin,,mask komedo,gelatin,,1,Skincare Anti-Aging dan Brightening
facetology triplecare sunscreen,facetology,sunscreen,,triplecare,,
wardah gel moisturizer,wardah,gel moisturizer,,,,
viva sunscreen foundation uv filter,viva,sunscreen foundation,filter,uv,2,Pembersih Wajah dan Perawatan Jerawat
2 garnier men acno fight anti bacteris brightening foam,2 garnier men,foam,,"acno fight, anti bacteris brightening",5,Brightening dengan Bahan Aktif
emina bright moisturizing cream pelembab wajah mencerahkan,emina,cream,,"bright, moisturizing, pelembab wajah mencerahkan",,
2 garnier men turbo bright duo foam perawatan pria untuk wajah kusam,2 garnier men,duo foam,,"perawatan pria untuk wajah kusam, turbo bright",,
madame protect glow tinted sunscreen spf 50 pa multipurpose,madame,tinted sunscreen,,"glow, protect, spf 50 pa multipurpose",,
harlette oatmilk gentle facial wash sensitive dry combination irritated skin membersihkan mencerahkan,harlette,gentle facial wash,oatmilk,sensitive dry combination irritated skin membersihkan mencerahkan,3,"Pelembap, Retinol, dan Perlindungan Kulit"
the originote bha charcoal clay mask wajah exfoliating angkat sel kulit mati menghilangkan minyak berlebih,the originote,clay mask wajah,bha charcoal,exfoliating angkat sel kulit mati menghilangkan minyak berlebih,3,"Pelembap, Retinol, dan Perlindungan Kulit"
skintific lactic acid skin renewal exfoliating serum peeling wajah mencerahkan dark spot tumpas komedo anti - aging anti jerawat angkat sel kulit mati aha succinic,skintific,exfoliating serum peeling wajah,"aha succinic, lactic acid","mencerahkan dark spot tumpas komedo anti - aging anti jerawat angkat sel kulit mati, skin renewal",,
the originote extra brightening gluta b3 serum jelly booster moisturizer,the originote,"jelly booster moisturizer, serum",gluta b3,extra brightening,,
erha jerawat spot gel bha sulfur obat totol,erha,"jerawat spot gel, obat totol",bha sulfur,,4,Hidrasi dan Perawatan Kulit Sensitif
ginbi mask wajah sheet hydrating essence face brightening moisturizing anti - aging,ginbi,"essence face, mask wajah sheet",,"anti - aging, brightening moisturizing, hydrating",2,Pembersih Wajah dan Perawatan Jerawat
you acneplus spot care obat totol jerawat centella,you,acneplus spot care obat totol jerawat,centella,,,
pyunkang yul essence toner,pyunkang yul,essence toner,,,,
skin1004 madagascar centella suncream plus renewal,skin1004,suncream,madagascar centella,plus renewal,5,Brightening dengan Bahan Aktif
gmeelan cream white wajah moisturizer niacinamide gluta lazy pelembab,gmeelan,"cream, moisturizer, pelembab",niacinamide gluta lazy,white wajah,,
veze mask wajah natural sheet,veze,mask wajah,natural sheet,,,
sabun pepaya papaya orange,,sabun,pepaya papaya orange,,,
toner white badan aleya saffron glowing penghilang bekas luka,aleya,toner,saffron,"glowing, penghilang bekas luka, white badan",,
cream,,cream,,,1,Skincare Anti-Aging dan Brightening
facetology triple care sunscreen spf 40 pa,facetology,sunscreen,,"spf 40 pa, triple care",3,"Pelembap, Retinol, dan Perlindungan Kulit"
madame gie protect sunscreen spf 30 pa sunblock,madame gie,"sunblock, sunscreen",,"protect, spf 30 pa",,
htmh,htmh,,,,,
elvicto bright up moisturizer pelembap wajah pria perawatan untuk mencerahkan mengurangi noda hitam niacinamide glutathione alpha arbutin,elvicto,moisturizer pelembap,niacinamide glutathione alpha arbutin,"bright up, wajah pria perawatan untuk mencerahkan mengurangi noda hitam",2,Pembersih Wajah dan Perawatan Jerawat
skintific clay stick mask wajah komedo sleeping jerawat mugwort peel off pengangkat penghilang glycolic acid probiotic complex black charcoal,skintific,"clay stick mask, peel off pengangkat","glycolic acid probiotic complex black charcoal, mugwort","jerawat, penghilang, sleeping, wajah komedo",5,Brightening dengan Bahan Aktif
cosrx aha bha clarifying treatment toner exfoliating ringan untuk semua jenis kulit,cosrx,toner,aha bha,"clarifying treatment, exfoliating ringan untuk semua jenis kulit",,
stiker jerawat hydrocolloid lets glow group,lets glow group,stiker jerawat,hydrocolloid,,,
cream htmh 0 jerawat flek white,htmh 0,cream,,jerawat flek white,2,Pembersih Wajah dan Perawatan Jerawat
skintific mugwort jerawat clay stick,skintific,clay stick,mugwort,jerawat,5,Brightening dengan Bahan Aktif
npure brightening exfoliating pad licorice light up kapas wajah mencerahkan glowing,npure,"exfoliating pad, kapas wajah",licorice,"brightening, light up, mencerahkan glowing",1,Skincare Anti-Aging dan Brightening
facetology triple care exfoliquid toner exfoliating aha bha pha lha pga,facetology,exfoliquid toner,aha bha pha lha pga,"exfoliating, triple care",1,Skincare Anti-Aging dan Brightening
svmy sun block spf 50 sunblock sunscreen tahan lama lameila,"lameila, svmy","sun block, sunblock sunscreen",,"spf 50, tahan lama",,
cream malam glow flek,,cream,,malam glow flek,4,Hidrasi dan Perawatan Kulit Sensitif
bioaqua sheet mask hydrating essence face brightening anti jerawat,bioaqua,"essence face, sheet mask",,"brightening anti jerawat, hydrating",3,"Pelembap, Retinol, dan Perlindungan Kulit"
whitelab glow booster serum vitamin antioksidan tinggi untuk kulit mencerahkan glowing ferulic acid hyaluronic,whitelab,serum,"ferulic acid hyaluronic, vitamin","antioksidan tinggi untuk kulit mencerahkan glowing, glow booster",4,Hidrasi dan Perawatan Kulit Sensitif
sadoer sheet mask perawatan wajah,sadoer,sheet mask,,perawatan wajah,2,Pembersih Wajah dan Perawatan Jerawat
rorec hchana natural mask sheet,rorec hchana,mask sheet,,natural,,
jerawat pimple patch stiker penghilang,,jerawat pimple patch stiker,,penghilang,3,"Pelembap, Retinol, dan Perlindungan Kulit"
scarlett white jerawat serum wajah untuk penghilang perawatan ampuh atasi hingga bekasnya salicylic acid tanpa bikin kulit iritasi,scarlett,serum wajah,salicylic acid,"tanpa bikin kulit iritasi, untuk penghilang perawatan ampuh atasi hingga bekasnya, white jerawat",,
serum ms glow luminous jerawat whitecell dna lifting peeling,ms glow,serum,dna,"lifting peeling, luminous jerawat whitecell",3,"Pelembap, Retinol, dan Perlindungan Kulit"
facetology triplecare sunscreen,facetology,sunscreen,,triplecare,,
salep pelicin sunscreen serum sci beauty,sci beauty,"salep pelicin, sunscreen serum",,,4,Hidrasi dan Perawatan Kulit Sensitif
serum avoskin your skin bae niacinamide mencerahkan kulit,avoskin your skin bae,serum,niacinamide,mencerahkan kulit,,
jerawat patch tempelan hydrocolloid,,jerawat patch tempelan,hydrocolloid,,,
pigeon teens facial foam moisturizer face powder,pigeon teens,facial foam moisturizer face powder,,,,
komedo hidung allphv blackhead remover mask penghilang ampuh pengecil pori,allphv,"komedo hidung, remover mask",,"blackhead, penghilang ampuh pengecil pori",3,"Pelembap, Retinol, dan Perlindungan Kulit"
beauty of joseon sunscreen rice probiotics,beauty of joseon,sunscreen,rice probiotics,,3,"Pelembap, Retinol, dan Perlindungan Kulit"
cream siang malam citra,citra,cream,,siang malam,2,Pembersih Wajah dan Perawatan Jerawat
viva white cream,viva,cream,,white,,
wardah dark spot brightening serum ekstrak edelweiss mencerahkan menyamarkan flek hitam untuk semua jenis kulit,wardah,serum,ekstrak edelweiss,"dark spot brightening, mencerahkan menyamarkan flek hitam untuk semua jenis kulit",4,Hidrasi dan Perawatan Kulit Sensitif
gl2 cream glowing pencerah wajah,gl2,cream,,"glowing, pencerah wajah",4,Hidrasi dan Perawatan Kulit Sensitif
pond bright niasorcinol cream kekuatan mencerahkan,pond,cream,niasorcinol,"bright, kekuatan mencerahkan",5,Brightening dengan Bahan Aktif
hanasui collagen sunscreen spf 30,hanasui,sunscreen,collagen,spf 30,5,Brightening dengan Bahan Aktif
wardah brightening day cream siang ekstrak edelweiss niacinamide mencerahkan menyamarkan flek hitam untuk semua jenis kulit spf 35 pa,wardah,day cream,ekstrak edelweiss niacinamide,"brightening, mencerahkan menyamarkan flek hitam untuk semua jenis kulit spf 35 pa, siang",,
glowsophy glow and bright serum,glowsophy,serum,,glow and bright,,
hey delima mask clay heygurl brightening and glowing booster,"hey, heygurl",mask clay,delima,brightening and glowing booster,,
toner white kelupas,,toner,,white kelupas,,
hymey serum face,hymey,serum face,,,2,Pembersih Wajah dan Perawatan Jerawat
star viva milk cleanser face tonic,star viva,"cleanser, face tonic",milk,,2,Pembersih Wajah dan Perawatan Jerawat
cetaphil cleanser propylene glycol sabun wajah untuk,cetaphil,"cleanser, sabun wajah",propylene glycol,untuk,1,Skincare Anti-Aging dan Brightening
yessica tea tree strawberry anti pores jerawat clay stick mask,yessica,clay stick mask,tea tree strawberry,anti pores jerawat,3,"Pelembap, Retinol, dan Perlindungan Kulit"
glad2glow centella allantoin soothing moisturizer gel repair skin barrier oil control hydrating cream pelembab wajah memperbaiki primer menghidrasi kulit,glad2glow,"cream pelembab wajah, moisturizer gel",centella allantoin,"memperbaiki primer menghidrasi kulit, repair skin barrier oil control hydrating, soothing",3,"Pelembap, Retinol, dan Perlindungan Kulit"
ms glow night cream malam,ms glow,cream,,"malam, night",2,Pembersih Wajah dan Perawatan Jerawat
skintific aqua light daily sunscreen perlindungan uv yang efektif anti uva uvb,skintific,sunscreen,aqua,"anti uva uvb, light daily, perlindungan uv yang efektif",5,Brightening dengan Bahan Aktif
collagen brightening soap bright glow face sabun white wajah,,"sabun, soap",collagen,"bright glow face, brightening, white wajah",,
nature republic real mask sheet,nature republic real,mask sheet,,,2,Pembersih Wajah dan Perawatan Jerawat
you amino facial wash anti jerawat hydrating brightening oil control sabun cuci wajah,you,"facial wash, sabun cuci wajah",amino,anti jerawat hydrating brightening oil control,4,Hidrasi dan Perawatan Kulit Sensitif
pond bright niasorcinol facial foam,pond,facial foam,niasorcinol,bright,3,"Pelembap, Retinol, dan Perlindungan Kulit"
skin1004 madagascar centella hyalu cica serum spf50 pa,skin1004,serum,madagascar centella hyalu cica,spf50 pa,1,Skincare Anti-Aging dan Brightening
skin aqua sunscreen moisturizer milk gel white mild tone up uv,skin aqua,"gel, moisturizer, sunscreen, tone up",milk,"uv, white mild",,
swana serum pore,swana,serum,,pore,,
serum camille,camille,serum,,,3,"Pelembap, Retinol, dan Perlindungan Kulit"
kaleido jerawat patch,kaleido,patch,,jerawat,4,Hidrasi dan Perawatan Kulit Sensitif
wardah lightening face serum toner facial micellar gentle wash,wardah,"facial micellar gentle wash, serum toner",,lightening face,2,Pembersih Wajah dan Perawatan Jerawat
viva jerawat lotion,viva,lotion,,jerawat,,
mewwa serum brightening glow up glowing mencerahkan melembabkan wajah,mewwa,serum,,"brightening glow up, glowing mencerahkan melembabkan wajah",4,Hidrasi dan Perawatan Kulit Sensitif
bioaqua sheet mask hydrating essence face brightening moisturizing anti - aging wajah collagen vitamin c squalene,bioaqua,"essence face, sheet mask",collagen vitamin c squalene,"anti - aging wajah, brightening moisturizing, hydrating",3,"Pelembap, Retinol, dan Perlindungan Kulit"
skin1004 madagascar centella hyalu cica sun stick,skin1004,sun stick,madagascar centella hyalu cica,,2,Pembersih Wajah dan Perawatan Jerawat
glad2glow centella moisturizer gel repair skin barrier blueberry ceramide pomegranate niacinamide brightening dark spot control hydrating cream pelembab wajah,glad2glow,"cream pelembab wajah, moisturizer gel","blueberry, centella, ceramide pomegranate niacinamide","brightening, control hydrating, dark spot, repair skin barrier",4,Hidrasi dan Perawatan Kulit Sensitif
bioaqua mask sheet vegetables fruits plant essence face naturgo jerawat hydrating brightening,"bioaqua, naturgo","essence face, mask sheet","fruits, plant, vegetables",jerawat hydrating brightening,3,"Pelembap, Retinol, dan Perlindungan Kulit"
day cream ms glow white,ms glow,cream,,"day, white",3,"Pelembap, Retinol, dan Perlindungan Kulit"
,,,,,,
the originote charcoal clay mask mugwort stick,the originote,"clay mask, stick","charcoal, mugwort",,,
facemist,,facemist,,,4,Hidrasi dan Perawatan Kulit Sensitif
mask wajah lea gloria,lea gloria,mask wajah,,,4,Hidrasi dan Perawatan Kulit Sensitif
skintific pore clay stick mask wajah komedo,skintific,clay stick mask,,"pore, wajah komedo",,
serum glowing brightening chromabright skin youth revolution,,serum,chromabright,"brightening, glowing, skin youth revolution",1,Skincare Anti-Aging dan Brightening
rcandy compressed mask permen kompres,rcandy,"compressed mask, permen kompres",,,3,"Pelembap, Retinol, dan Perlindungan Kulit"
louisse choice caviar moisturizer dna salmon white brightening skin,louisse choice,moisturizer,"caviar, dna salmon",white brightening skin,,
azarine sunscreen hydrasoothe gel spf45 hydramax serum spf body guard moisturizer spf50,azarine,"gel, moisturizer, serum, sunscreen",,"body guard, hydrasoothe, spf, spf45 hydramax, spf50",,
pinkroulette mask organic facemask mencerahkan menghilangkan bekas jerawat ampuh,pinkroulette,mask organic facemask,,mencerahkan menghilangkan bekas jerawat ampuh,,
mi kaca make up mini travelling,mi,kaca make up,,mini travelling,,
maybelline long lasting waterproof lipstick lipcream transferproof,maybelline,lipstick lipcream,,"long lasting waterproof, transferproof",,
kaca make up mini travelling,,kaca make up,,mini travelling,,
one kaca make up mini travelling,one,kaca make up,,mini travelling,4,Hidrasi dan Perawatan Kulit Sensitif
kaca make up travelling,make up,kaca,,travelling,,
bioaqua mask sheet wajah memutihkan anti jerawat hyaluronic acid hydrating essence face,bioaqua,"essence face, mask sheet",hyaluronic acid,"hydrating, wajah memutihkan anti jerawat",2,Pembersih Wajah dan Perawatan Jerawat
implora lip cream matte lipcream,implora,lip cream matte lipcream,,,,
dazzle me setting spray protecting hydrating mist flawless lightening tahan 24 jam,dazzle me,"mist, setting spray",,"flawless lightening, protecting hydrating, tahan 24 jam",,
kuku palsu perawatan kecantikan kaki manicure lem,,"kuku palsu, manicure lem",,perawatan kecantikan kaki,3,"Pelembap, Retinol, dan Perlindungan Kulit"
lem kuku tangan palsu,,lem kuku tangan palsu,,,4,Hidrasi dan Perawatan Kulit Sensitif
tawas spray beorganik crystal deodorant deodoran,beorganik,"crystal deodorant, deodoran, tawas spray",,,,
hanasui mattedorable lip cream matte lipcream lipstick cair,hanasui,"lip cream matte, lipcream lipstick cair",,mattedorable,3,"Pelembap, Retinol, dan Perlindungan Kulit"
kaca make up travelling,,kaca make up,,travelling,2,Pembersih Wajah dan Perawatan Jerawat
kudan kutek peel off kuteks muslimah untuk sholat,kudan,kutek peel off,,kuteks muslimah untuk sholat,4,Hidrasi dan Perawatan Kulit Sensitif
glad2glow pomegranate niacinamide brightening moisturizer pelembab wajah white glowing gel day night cream,glad2glow,"cream, gel, moisturizer pelembab wajah","niacinamide, pomegranate","brightening, day night, white glowing",,
hanasui mattedorable lip cream tintdorable lipstick bibir blush on and cheek,hanasui,"bibir blush on and cheek, lip cream tintdorable, lipstick",,mattedorable,4,Hidrasi dan Perawatan Kulit Sensitif
sabun pyramid nalpamara rempah kunyit bidara alami atasi jerawat kojic pyary,"kojic pyary, pyramid nalpamara",sabun,"bidara, rempah kunyit",alami atasi jerawat,5,Brightening dengan Bahan Aktif
implora lip cream matte lipstick lipstik,implora,lip cream matte,lipstick lipstik,,,
sabun batang harmony fruity refreshing soap,harmony,"sabun batang, soap",fruity,refreshing,3,"Pelembap, Retinol, dan Perlindungan Kulit"
kaca make up mini travelling,,kaca make up,,mini travelling,,
marina hand body lotion uv white serum,marina,"hand body lotion, serum",,uv white,,
musk lilian ashley parfum wanita,musk lilian ashley,parfum wanita,,,,
implora eye brow pencil pensil serutan sikat alis,implora,eye brow pencil pensil serutan sikat alis,,,,
lem kuku palsu gel,,lem kuku palsu gel,,,,
cermin saku travelling,,cermin,,saku travelling,,
tas kosmetik pouch,,tas kosmetik pouch,,,1,Skincare Anti-Aging dan Brightening
implora eyebrow,implora,eyebrow,,,,
white aha body serum moisturizing badan bleaching,,body serum,aha,"moisturizing badan bleaching, white",4,Hidrasi dan Perawatan Kulit Sensitif
kutek peel off muslimah dikupas untuk sholat,,kutek peel off,,muslimah dikupas untuk sholat,,
wardah lightening face serum toner facial micellar gentle wash,wardah,"facial micellar gentle wash, serum toner",,lightening face,,
selection kapas kecantikan tebal cotton bud korek kuping make up remover micellar water toner,selection,"cotton bud korek kuping, kapas kecantikan tebal, micellar water toner",,make up remover,,
implora pensil alis soft eyebrow pencil,implora,"pensil alis, soft eyebrow pencil",,,,
sisir kutu logam serit ketombe,,sisir kutu logam serit,,ketombe,,
garnier hair color,garnier,hair color,,,,
alat kikir kuku untuk manicure pedicure pengkilat,,alat kikir kuku,,"pengkilat, untuk manicure pedicure",,
gogoland kuas mask makeup brushes,gogoland,kuas mask makeup brushes,,,2,Pembersih Wajah dan Perawatan Jerawat
madame gie plump balm lip gloss moisturizing long lasting,madame gie,balm lip gloss,,"moisturizing long lasting, plump",,
the originote hyalurose micellar water cleanser wajah make up remover cleansing melembabkan hyaluronic acid,the originote,micellar water cleanser wajah,"hyaluronic acid, hyalurose",make up remover cleansing melembabkan,,
jm parfum pria wanita tahan lama,jm,parfum,,pria wanita tahan lama,,
kaca make up mini travelling,,kaca make up,,mini travelling,,
dove sabun mandi cair deeply nourishing,dove,sabun mandi cair,,deeply nourishing,5,Brightening dengan Bahan Aktif
geamoore parfum roll inspired perfume pewangi badan wewangian,geamoore,parfum roll inspired perfume pewangi badan,,wewangian,,
parfum le labo scandal parfume pria wanita tahan lama,le labo scandal,"parfum, parfume",,pria wanita tahan lama,,
tissue bulat mini travel sekali mask wajah kompres tisu bentuk permen travelling compressed paper,,"mask wajah kompres, paper, tissue bulat mini travel, tisu",,"bentuk permen travelling compressed, sekali",,
cetakan alis mini eyebrow wanita,,cetakan alis mini eyebrow wanita,,,,
pensil alis lyra black brown eyebrow liner,lyra,"black brown eyebrow liner, pensil alis",,,,
pinkflash liquid eyeliner high pigmented long lasting waterproof,pinkflash,liquid eyeliner,,high pigmented long lasting waterproof,,
stay matte maybelline lip cream,maybelline,lip cream,,stay matte,,
sabun kertas cuci tangan praktis travelling paper soap travel,,"paper soap travel, sabun kertas cuci tangan",,praktis travelling,,
svmy 1062 contour concealer lightweight soft,svmy 1062,contour concealer,,lightweight soft,,
omg oh my glam matte kis lip cream,omg oh my glam,matte kis lip cream,,,,
focallure eyebrow cream gel waterproof pensil alis kosmetik mata,focallure,"eyebrow cream gel, pensil alis kosmetik mata",,waterproof,3,"Pelembap, Retinol, dan Perlindungan Kulit"
,,,,,3,"Pelembap, Retinol, dan Perlindungan Kulit"
parfum roll on dijamin awet,,parfum roll on,,dijamin awet,,
giv white hijab sabun mandi batang saffron niacinamide,giv,hijab sabun mandi batang saffron,niacinamide,white,,
the originote hyalu c serum vitamin mencerahkan kulit wajah kusam meratakan warna menjaga skin barrier hyaluronic acid,the originote,serum,"hyalu c, hyaluronic acid, vitamin",mencerahkan kulit wajah kusam meratakan warna menjaga skin barrier,4,Hidrasi dan Perawatan Kulit Sensitif
omg oh my glam matte kiss lip cream lipstick lipstik lipcream shade,omg oh my glam,matte kiss lip cream lipstick lipstik lipcream shade,,,2,Pembersih Wajah dan Perawatan Jerawat
sabun pyary nalpamara,pyary nalpamara,sabun,,,,
facetology triple care jerawat calm micellar water cleanser wajah salicylic acid untuk kulit berminyak,facetology,micellar water cleanser wajah,salicylic acid,"triple care jerawat calm, untuk kulit berminyak",,
deodorant spray tawas cair ampuh mencegah bau ketiak badan,,"cair, deodorant spray",tawas,ampuh mencegah bau ketiak badan,,
omg oh my glam matte kiss lip cream,omg oh my glam,matte kiss lip cream,,,,
kuku palsu fake nail,palsu,"fake nail, kuku",,,,
gendes feminine wash foam sweet care spray,gendes feminine,"spray, wash foam",care,sweet,,
maybelline lipstik lipstick lipcream longlasting waterproof viral tahan lama,maybelline,"lipcream, lipstik lipstick",,longlasting waterproof viral tahan lama,,
gogoland lem kuku palsu gel,gogoland,lem kuku palsu gel,,,,
matte lipcream liquid lipstick waterproof long lasting,,matte lipcream liquid lipstick,,waterproof long lasting,,
zencolor lip cream matte moisturizer liquid lipstik,zencolor,lip cream matte moisturizer liquid lipstik,,,,
sabun hotel,,sabun hotel,,,1,Skincare Anti-Aging dan Brightening
harmony sabun batang,,harmony sabun batang,,,,
sabun mandi cair,,sabun mandi cair,,,,
pensil alis implora eyebrow,implora,"eyebrow, pensil alis",,,3,"Pelembap, Retinol, dan Perlindungan Kulit"
scarlett white eau de parfum,scarlett,eau de parfum,,white,,
lameila lip glaze velvet matte gloss lipstik cair pelembab lisptick,lameila,lip glaze velvet matte gloss lipstik cair pelembab lisptick,,,,
skintific air cushion uv spf 35 pa oil control waterproof fondation sweatproof matte finish poreless foundation flawless bb cream,skintific,"air cushion, bb cream, foundation",,"flawless, oil control, uv spf 35 pa, waterproof fondation sweatproof matte finish poreless",3,"Pelembap, Retinol, dan Perlindungan Kulit"
dettol sabun mandi batang soap,dettol,sabun mandi batang soap,,,,
skintific mugwort jerawat clay stick mask wajah komedo ampuh penghilang acner exfoliating green glowing niacinamide salicylic acid ceramide centella glycolic probiotic complex,skintific,jerawat clay stick mask wajah,"mugwort, niacinamide salicylic acid ceramide centella glycolic probiotic complex",komedo ampuh penghilang acner exfoliating green glowing,,
garnier hair color pewarna rambut,garnier,"hair color, pewarna rambut",,,,
omg oh my glam matte kiss lip cream,omg oh my glam,matte kiss lip cream,,,,
bulumata,,bulumata,,,,
kaca mini travel travelling,,kaca mini travel,,travelling,,
sunisa bedak cushion bb cream foundation waterproof,sunisa,"bedak, cushion bb cream",,foundation waterproof,,
kutek peel off muslimah dikupas untuk sholat,,kutek peel off,,muslimah dikupas untuk sholat,,
the originote high serum cushion,the originote,high serum cushion,,,,
kaca make up mini travelling,,kaca make up,,mini travelling,,
mask mata collagen crystal eyemask kantong black panda anti - aging,,"eyemask kantong black panda, mask mata",collagen crystal,anti - aging,,
implora lip cream matte,implora,lip cream matte,,,,
kapas selection facial cotton round toner cleanser wajah,kapas selection,"facial cotton round, toner cleanser wajah",,,3,"Pelembap, Retinol, dan Perlindungan Kulit"
maybelline matte,maybelline,matte,,,,
milk recipe hair removal cream waxing perontok bulu ketiak non irritating untuk melembapkan anti iritasi chicken skin niacinamide,milk recipe,hair removal cream,niacinamide,waxing perontok bulu ketiak non irritating untuk melembapkan anti iritasi chicken skin,,
oil control luxcrime two way cake bedak foundation padat high coverage untuk kulit halus tanpa pori bebas minyak tahan 24 jam,luxcrime,bedak,,"foundation padat high coverage untuk kulit halus tanpa pori bebas minyak tahan 24 jam, oil control, two way cake",,
kuku palsu perawatan kecantikan kaki,,kuku palsu,,perawatan kecantikan kaki,3,"Pelembap, Retinol, dan Perlindungan Kulit"
kuku palsu,kuku palsu,,,,,
kapas selection cleanser wajah,kapas selection,cleanser wajah,,,,
facetology triple care lip protector sunscreen,facetology,sunscreen,,triple care lip protector,5,Brightening dengan Bahan Aktif
pensil alis bubuk maskara,,"maskara, pensil alis bubuk",,,,
elformula peeling moisturizer serum barrier perawatan wajah pelembab exfoliating,elformula,"peeling moisturizer, serum",,"barrier perawatan wajah, pelembab exfoliating",,
o two mascara waterproof long lasting curling,o two,mascara,,waterproof long lasting curling,,
bb parfum le labo non wanita wangi tahan lama,le labo,bb parfum,,non wanita wangi tahan lama,,
sisir pomade,sisir pomade,,,,,
cat kutek kuku peel off wanita muslimah sholat kupas,,cat kutek kuku peel off,,wanita muslimah sholat kupas,,
pxton spatula mask,pxton,spatula mask,,,,
miranda hair color cat rambut permanen,miranda,hair color cat rambut permanen,,,,
parfum roll on,,parfum roll on,,,,
implora lip cream matte lipcream lipstick lipstik,implora,lip cream matte lipcream lipstick lipstik,,,,
kaca make up mini travelling,,kaca make up,,mini travelling,,
hanasui mattedorable lip cream matte dorable lipcream lipstick cair,hanasui,lip cream matte dorable lipcream lipstick cair,,mattedorable,,
kojie san soap kojic acid,kojie san,soap kojic,acid,,,
parfum lelabo tahan lama wanita pria,lelabo,parfum,,tahan lama wanita pria,,
bibit parfum murni,,bibit parfum murni,,,1,Skincare Anti-Aging dan Brightening
fres natural spray cologne hijab refres princess charming,fres natural,spray cologne hijab,,refres princess charming,,
svmy 1041 liquid lipstick silky glass lip glaze waterproof long lasting,svmy 1041,liquid lipstick silky glass,,lip glaze waterproof long lasting,,
vaseline soft glow gluta vitamin spf 20 body serum niacinamide,vaseline,body serum,"gluta vitamin, niacinamide","soft glow, spf 20",1,Skincare Anti-Aging dan Brightening
pisau alis pengerok alat pencukur cukur eyebrow,,pisau alis pengerok alat pencukur cukur eyebrow,,,,
pinkflash matte lipstik lembut tahan lama pelembab pigmentasi tinggi,pinkflash,"matte lipstik, pelembab",,"lembut tahan lama, pigmentasi tinggi",,
louisse choice dna salmon glowing uv glow spf 50 pa sunscreen white and repairing moisturizing,louisse choice,sunscreen,dna salmon,"glow spf 50 pa, glowing uv, white and repairing moisturizing",3,"Pelembap, Retinol, dan Perlindungan Kulit"
wardah matte lip cream tahan lama,wardah,matte lip cream,,tahan lama,3,"Pelembap, Retinol, dan Perlindungan Kulit"
implora eyebrow pencil pensil alis serut,implora,"eyebrow pencil, pensil alis serut",,,3,"Pelembap, Retinol, dan Perlindungan Kulit"
azarine hydrasoothe sunscreen spf45 pa kulit berminyak jerawat,azarine,sunscreen,,"hydrasoothe, kulit berminyak jerawat, spf45 pa",,
ms glow night cream day facial wash toner,ms glow,"cream, facial wash toner",,"day, night",,
garnier hair color pewarna rambut,garnier,"hair color, pewarna rambut",,,2,Pembersih Wajah dan Perawatan Jerawat
koya kaki kinoki detox,kinoki,koya kaki,,detox,3,"Pelembap, Retinol, dan Perlindungan Kulit"
,,,,,,
implora eyebrow pencil pensil serutan sikat alis,implora,eyebrow pencil pensil serutan sikat alis,,,,
natural deodorant tawas spray essential oil penghilang bau badan therapeutic,natural,"deodorant, spray essential oil",tawas,penghilang bau badan therapeutic,,
skintific air cushion high coverage poreless flawless foundation long lasting spf35 pa,skintific,"air cushion, foundation",,"high coverage poreless flawless, long lasting spf35 pa",,
sunisa air cushion bb cream foundation,sunisa,air cushion bb cream foundation,,,,
sadoer hand cream moisturizing fruit lotion skin menjadikan tangan lebih lembut halus melembabkan,sadoer,"hand cream, lotion skin",,"menjadikan tangan lebih lembut halus melembabkan, moisturizing fruit",,
wardah glasting liquid lip ringan tidak lengket transferproof,wardah,liquid lip,,"glasting, ringan tidak lengket transferproof",,
pembesar payudara ampuh permanen instacare tanpa efek samping,instacare,,,"pembesar payudara ampuh permanen, tanpa efek samping",,
spons bedak beauty powder foundation sponge make up cushion bb cream basah kering,beauty powder,"cushion bb cream basah, foundation sponge make up, spons bedak",,kering,,
pembesar pengencang payudara bigsaze soap,bigsaze,soap,,pembesar pengencang payudara,1,Skincare Anti-Aging dan Brightening
parfum,,parfum,,,1,Skincare Anti-Aging dan Brightening
madame gie blushed makeup blush on long lasting,madame gie,blushed makeup blush on,,long lasting,,
selection kapas kecantikan cotton buds,selection,kapas kecantikan cotton buds,,,,
glad2glow pomegranate niacinamide brightening moisturizer mencerahkan pelembab wajah white glowing cream facial day night malam pencerah,glad2glow,"cream facial, moisturizer, pelembab wajah","niacinamide, pomegranate","brightening, day night malam pencerah, mencerahkan, white glowing",,
lameila svmy contour concealer lightweight soft,lameila svmy,contour concealer,,lightweight soft,,
kuku palsu fashion fake simple nails art,,kuku palsu,,"fashion fake, simple nails art",,
glazed lock lip plump next level gloss yang transferproof tahan lama 24 jam ringan tidak lengket bibir,glazed,lock lip,,plump next level gloss yang transferproof tahan lama 24 jam ringan tidak lengket bibir,4,Hidrasi dan Perawatan Kulit Sensitif
mascara maybelline,maybelline,mascara,,,,
garnier pewarna rambut,garnier,pewarna rambut,,,,
emina jerawat face wash scrub foam toner moisturizer tone up serum wajah sheet mask loose powder,emina,"face wash scrub, foam toner moisturizer tone up serum wajah sheet mask loose powder",,jerawat,,
hanasui mattedorable lip cream,hanasui,lip cream,,mattedorable,,
,,,,,2,Pembersih Wajah dan Perawatan Jerawat
kutek peel off kuteks muslimah untuk sholat,,kutek peel off,,kuteks muslimah untuk sholat,,
ailin fresh and natural minyak wangi perfume parfum,ailin fresh and natural,"minyak wangi, perfume parfum",,,,
pengikir kuku,,pengikir kuku,,,2,Pembersih Wajah dan Perawatan Jerawat
bnb barenbliss lip tint moisturizing,bnb barenbliss,lip tint,,moisturizing,,
wardah day cream night cleanser toner cleansing gel white,wardah,"cleanser toner cleansing gel, cream",,"day, night, white",3,"Pelembap, Retinol, dan Perlindungan Kulit"
kaca make up mini travelling,,kaca make up,,mini travelling,,
kuku palsu tahan air,,kuku palsu,,tahan air,,
parfum zf tahan lama unisex,zf,parfum,,"tahan lama, unisex",,
remimpi anti hair fall treatment shampoo oil control dandruff loss rambut rontok ketombe perawatan sampo,remimpi,"sampo, shampoo",dandruff,"anti hair fall treatment, loss rambut rontok ketombe perawatan, oil control",3,"Pelembap, Retinol, dan Perlindungan Kulit"
kojic bright glow soap,kojic,soap,,bright glow,,
omg oh my glam matte kiss lip cream,omg oh my glam,matte kiss lip cream,,,4,Hidrasi dan Perawatan Kulit Sensitif
purbasari lipstick color matte tahan 12jam ringan lembut bibir,purbasari,lipstick color matte,,tahan 12jam ringan lembut bibir,,
garnier cream,garnier,cream,,,,
sheet mask milk sadoer fruits essence,sadoer,"essence, sheet mask","fruits, milk",,,
kaca rias makeup,,kaca rias makeup,,,,
hanasui mattedorable lip cream matte lipcream lipstick,hanasui,"lip cream matte, lipcream lipstick",,mattedorable,,
spatula mini cream,,"cream, spatula mini",,,2,Pembersih Wajah dan Perawatan Jerawat
omg oh my glam matte kiss lip cream,omg oh my glam,matte kiss lip cream,,,,
parfum,,parfum,,,,
sabun pyary turmeric,pyary,sabun,turmeric,,2,Pembersih Wajah dan Perawatan Jerawat
garnier pewarna rambut,garnier,pewarna rambut,,,,
octarine parfum wanita tahan lama parfume perfume minyak wangi cewek,octarine,"parfum, parfume perfume minyak wangi cewek",,wanita tahan lama,,
facetology triple care hydra cleanse micellar water cleanser wajah sensitive skin make up tanpa bilas,facetology,micellar water cleanser wajah,,"sensitive skin make up tanpa bilas, triple care hydra cleanse",,
kudan kutek kuku peel off wanita cewek muslimah sholat kupas wangi tahan lama,kudan,kutek kuku peel off,,"wangi tahan lama, wanita cewek muslimah sholat kupas",,
the originote hyalurose micellar water,the originote,micellar water,hyalurose,,,
kudan kutek peel off tahan lama wangi cat kuku muslimah,kudan,kutek peel off,,tahan lama wangi cat kuku muslimah,,
eyebrow cetakan alis powder concealer,,"cetakan alis powder concealer, eyebrow",,,,
24pieces lem kuku palsu gel,24pieces,lem kuku palsu gel,,,,
kaca make up mini travelling,,kaca make up,,mini travelling,,
tosca deodorant spray tawas anti bau badan ketiak lengket white,tosca,deodorant spray,tawas,anti bau badan ketiak lengket white,,
eyeliner pensil waterproof young and beauty,young and beauty,eyeliner pensil,,waterproof,,
vaseline rosy lip therapy,vaseline,rosy,,lip therapy,,
pengikir kuku,,pengikir kuku,,,,
,,,,,,
citra natural booster body serum complete glow niacinamide vitamin c hyaluronic acid,citra,booster body serum,niacinamide vitamin c hyaluronic acid,"complete glow, natural",,
pinkflash waterproof liquid eyeliner pencil 24 jam long wear quick dry anti transfer pensil,pinkflash,"liquid eyeliner pencil, pensil",,"24 jam long wear quick dry, anti transfer, waterproof",,
sabun pyramid pyary nalpamara soap,pyramid pyary nalpamara,"sabun, soap",,,,
sabun mandi cair,,sabun mandi cair,,,,
instaperfect skincover air cushion coverage transfer resistant spf 50 pa,instaperfect,cushion,,"coverage transfer resistant spf 50 pa, skincover air",,
parfum unisex,,parfum,,unisex,5,Brightening dengan Bahan Aktif
stiker kuku lem palsu gel,,stiker kuku lem palsu gel,,,,
makarizo hair energy conditioning shampoo,makarizo hair energy,conditioning shampoo,,,,
lem kuku,lem kuku,,,,,
pisau cukur jenggot kumis pria cowok,pisau cukur jenggot kumis,,,pria cowok,,
kaca make up mini travelling,,kaca make up,,mini travelling,,
hanasui lipcream mattedorable,hanasui,lipcream,,mattedorable,2,Pembersih Wajah dan Perawatan Jerawat
parfum,,parfum,,,,
jennskin deodorant,jennskin,deodorant,,,3,"Pelembap, Retinol, dan Perlindungan Kulit"
lulur pomade,pomade,lulur,,,4,Hidrasi dan Perawatan Kulit Sensitif
o two makeup base cream soft focus primer,o two,makeup base cream,,soft focus primer,,
miranda hair color pewarna rambut permanent,miranda,hair color pewarna rambut,,permanent,,
oily skin scora niacinamide hydramoist gel salicylic acid low ph cleanser,skin scora,"cleanser, gel","niacinamide, salicylic acid","hydramoist, low ph, oily",,
,,,,,2,Pembersih Wajah dan Perawatan Jerawat
nagaraku ungu bulumata palsu eyelash extension,nagaraku ungu,"bulumata palsu, eyelash extension",,,,
giv white sabun mandi cair mulberry,giv,sabun mandi cair,mulberry,white,,
hanasui mattedorable lip cream,hanasui,lip cream,,mattedorable,,
pomade lulur,pomade,lulur,,,,
verfons lipstick matte lipstik tahan lama waterproof,verfons,lipstick matte lipstik,,tahan lama waterproof,,
pembesar pengencang payudara sabun,,sabun,,pembesar pengencang payudara,,
mireya flawless setting spray up face mist,mireya,"face mist, setting spray",,"flawless, up",,
sea makeup lock it matte jerawat setting spray membantu menjaga riasan selama 16 jam merawat mencegah succinic acid resveratrol,sea makeup,setting spray,succinic acid resveratrol,"16 jam merawat mencegah, lock it matte jerawat, membantu menjaga riasan selama",5,Brightening dengan Bahan Aktif
emeron hand body lotion,emeron,hand body lotion,,,,
sasha vitamin rambut,sasha,vitamin rambut,,,,
kaca make up mini travelling,,kaca make up,,mini travelling,5,Brightening dengan Bahan Aktif
travel pouch organizer anti air tas serut make up serbaguna kantong waterproff,,"tas serut make up, travel pouch organizer",,"anti air, serbaguna kantong, waterproff",,
alat kikir kuku untuk manicure pedicure,,alat kikir kuku,,untuk manicure pedicure,,
parfum kualitas awet,parfum,,,kualitas awet,,
o two mascara waterproof long lasting curling,o two,mascara,,waterproof long lasting curling,4,Hidrasi dan Perawatan Kulit Sensitif
nivea deodorant roll on men brightening black white,nivea,deodorant roll on men,,brightening black white,,
lameila 1037 maskara mascara pelentik natural waterproof,lameila 1037,"mascara pelentik, maskara",,natural waterproof,,
the originote lip oil serum treatment bibir melembabkan mencerahkan warna ceramide vitamin c,the originote,lip oil serum,ceramide vitamin c,treatment bibir melembabkan mencerahkan warna,5,Brightening dengan Bahan Aktif
pembesar pengencang payudara breast serum sabun bigsaze soap,bigsaze soap,breast serum sabun,,pembesar pengencang payudara,,
fres natural spray cologne parfum mist,fres natural,spray cologne parfum mist,,,5,Brightening dengan Bahan Aktif
enchen portable shaver alat cukur jenggot elektrik waterproof,enchen,portable shaver alat cukur jenggot elektrik,,waterproof,2,Pembersih Wajah dan Perawatan Jerawat
hanasui mattedorable lip cream matte,hanasui,lip cream matte,,mattedorable,,
eyeliner pensil alis anti air make up waterproof big eye tahan lama,big eye,eyeliner pensil alis,,"anti air make up waterproof, tahan lama",,
omg lipcream,omg,lipcream,,,,
sea makeup jerawat smooth two way powder matte bedak padat salicylic acid ceramide safflower meratakan warna kulit menutup serta noda hitam ataupun bekas,sea makeup,bedak padat,salicylic acid ceramide safflower,"jerawat smooth two way, matte, meratakan warna kulit menutup serta noda hitam ataupun bekas, powder",,
azzura loose powder bedak tabur,azzura,loose powder bedak tabur,,,,
nuvo soap cool,nuvo,soap,,cool,,
rexa deodorant tawas cair menghilangkan bau badan ketiak,rexa,"cair, deodorant",tawas,menghilangkan bau badan ketiak,5,Brightening dengan Bahan Aktif
dettol sabun mandi batang soap antiiseptik,dettol,sabun mandi batang soap,,antiiseptik,,
o two eyelash black mascara waterproof long,o two,eyelash black mascara,,waterproof long,,
sabun belerang spirulina shampoo zink,zink,"sabun, shampoo",belerang spirulina,,,
cotton buds selection cottonbuds cottonbud kapas korek kuping,selection,"cotton buds, cottonbuds cottonbud kapas korek kuping",,,,
selection facial cotton kotak kapas,selection,facial cotton kotak kapas,,,,
somethinc checkmatte transferproof lipstick,somethinc,lipstick,,checkmatte transferproof,,
pinkflash day night maskara lengthening tahan air lama mascara,pinkflash,"mascara, maskara",,"day night, lengthening, tahan air lama",,
penutup bening bulu mata,,penutup bening bulu mata,,,,
hayejin serum sheet mask,hayejin,serum sheet mask,,,,
some mi mask,some mi,mask,,,3,"Pelembap, Retinol, dan Perlindungan Kulit"
pigeon teens facial foam moisturizer face powder sunscreen jerawat,pigeon teens,facial foam moisturizer face powder sunscreen,,jerawat,4,Hidrasi dan Perawatan Kulit Sensitif
parfum minyak wangi,,"minyak wangi, parfum",,,,
lem kuku palsu,lem kuku palsu,,,,,
foundation,,foundation,,,,
lip cream matte,,lip cream matte,,,3,"Pelembap, Retinol, dan Perlindungan Kulit"
pouch zip lock kosmetik,,pouch zip lock kosmetik,,,,
kudan kutek peel off kuteks muslimah untuk sholat,kudan,kutek peel off,,kuteks muslimah untuk sholat,,
implora lip cream matte lipstick lipstik,implora,lip cream matte,lipstick lipstik,,,
cermin pernikahan aestetik,,cermin pernikahan aestetik,,,,
garnier color,garnier,color,,,,
scarlett white body lotion wash scrub lulur day cream night jerawat bright toner eye serum peeling gel sunscreen,scarlett,"body lotion wash scrub lulur, peeling gel sunscreen, toner eye serum",,"day cream night, jerawat bright, white",,
skintific cushion foundation concealer bb cream bedak padat compact powder conceler ceramide hyaluronic acid,skintific,"bb cream, bedak padat, compact powder conceler, cushion foundation concealer",ceramide hyaluronic acid,,5,Brightening dengan Bahan Aktif
cindynal lip balm rosy lips moisturizing pelembab pemerah bibir permanen alami,cindynal,"lip balm rosy lips, pelembab",,"moisturizing, pemerah bibir permanen alami",,
alat pencukur alis pisau cukur pengerok eyebrow razor,,alat pencukur alis pisau cukur pengerok eyebrow razor,,,,
stiker lem kuku palsu,,stiker lem kuku palsu,,,,
sponge blender make up,,sponge blender make up,,,1,Skincare Anti-Aging dan Brightening
lipstik svmy lip gloss glamour matte waterproof tahan lama,svmy,"glamour matte, lip gloss, lipstik",,waterproof tahan lama,,
travel pouch serut,,travel pouch serut,,,,
glow up serum aha lotion 1 booster,aha,"lotion, serum",,"1 booster, glow up",,
magefy bulu mata,magefy,bulu mata,,,,
nuvo cool,nuvo,,,cool,,
pouch zip lock kosmetik transparan,,pouch zip lock kosmetik transparan,,,,
kuku palsu perawatan kecantikan kaki manicure,,"kuku palsu, manicure",,perawatan kecantikan kaki,5,Brightening dengan Bahan Aktif
tas pouch kosmetik makeup anti air waterproof,,tas pouch kosmetik makeup,,anti air waterproof,,
svmy eyeliner waterproof stain resistant lasting,svmy,eyeliner,,waterproof stain resistant lasting,,
sabun melody sirih khusus miss v,melody,sabun,sirih,khusus miss v,,
omg oh my glam matte kiss lip cream,omg oh my glam,matte kiss lip cream,,,,
,,,,,,
madame gie charmseeker ombre make up soft matte finish,madame gie,charmseeker ombre make up,,soft matte finish,,
pouch multifungsi organizer anti air travel serbaguna,,pouch multifungsi organizer,,anti air travel serbaguna,,
roll on parfume minyak wangi pria wanita,roll on,"minyak wangi, parfume",,pria wanita,,
musk lilian ashley,musk lilian ashley,,,,,
star oh my glam matte kiss lip cream lipstick lipstik liquid cair lips,star oh my glam,"lipstick lipstik liquid cair lips, matte kiss lip cream",,,1,Skincare Anti-Aging dan Brightening
lem kuku palsu gel,,lem kuku palsu gel,,,,
dettol soap sabun batang mandi antibacterial anti kuman,dettol,"sabun batang mandi, soap",,antibacterial anti kuman,,
implora pensil alis eyebrow pencil,implora,pensil alis eyebrow pencil,,,1,Skincare Anti-Aging dan Brightening
molcas lash classic eyelash extension,molcas lash classic,eyelash extension,,,2,Pembersih Wajah dan Perawatan Jerawat
kutek peel off muslimah dikupas untuk sholat,,kutek peel off,,muslimah dikupas untuk sholat,3,"Pelembap, Retinol, dan Perlindungan Kulit"
jelly 24 lem kuku palsu gel,jelly 24,lem kuku palsu gel,,,4,Hidrasi dan Perawatan Kulit Sensitif
ms glow,ms glow,,,,,
kapas wajah selection cleanser kecantikan facial,selection,"cleanser, kapas wajah",,kecantikan facial,4,Hidrasi dan Perawatan Kulit Sensitif
tas kosmetik washbag pouch travel make up waterproof,,"tas kosmetik, washbag pouch travel make up",,waterproof,,
nuvo sabun batang active cool,nuvo,sabun batang,,active cool,5,Brightening dengan Bahan Aktif
omg oh my glam matte kiss lip cream lipstick lipstik lipcream glow,omg oh my glam,"lipstick lipstik lipcream, matte kiss lip cream",,glow,5,Brightening dengan Bahan Aktif
eyeshadow myho cream shimmer single glitter,myho,"cream, eyeshadow",,shimmer single glitter,3,"Pelembap, Retinol, dan Perlindungan Kulit"
zinc shampoo active cool fresh anti hairfall treatment black shine clean hijab perawatan hitam rontok rambut shampo lemon urang aring ginseng,zinc,"shampo, shampoo","ginseng, lemon, urang aring",active cool fresh anti hairfall treatment black shine clean hijab perawatan hitam rontok rambut,5,Brightening dengan Bahan Aktif
implora lip cream matte lipstick lipstik,implora,lip cream matte,lipstick lipstik,,,
dikalu eyeshadow,dikalu,eyeshadow,,,,
sea makeup micellar water cleanser wajah remover cleansing kulit sensitif jerawat salicylic acid,sea makeup,micellar water cleanser wajah,salicylic acid,remover cleansing kulit sensitif jerawat,,
myho eyeshadow pensil plus brush matte mata berkilau,myho,eyeshadow pensil plus brush matte,,mata berkilau,,
hanasui mattedorable lipcream,hanasui,lipcream,,mattedorable,,
,,,,,3,"Pelembap, Retinol, dan Perlindungan Kulit"
parfum le labo pria wanita,le labo,parfum,,pria wanita,3,"Pelembap, Retinol, dan Perlindungan Kulit"
the originote hyalucera moisturizer barrier ceramide cicamide facial cleanser jerawat serum astachiol ceratides eye jelly mask,the originote,"eye jelly mask, facial cleanser jerawat, moisturizer barrier, serum","astachiol ceratides, ceramide cicamide, hyalucera",,,
wardah lightening series day night cream face serum wash foam mask scrub toner milk cleanser gentle micellar water facial mist pagi malam,wardah,"cleanser gentle micellar water facial mist, cream face serum wash foam mask scrub toner",milk,"lightening series day night, pagi malam",,
kuku palsu,kuku palsu,,,,,
omg oh my glam matte kiss lip cream,omg oh my glam,matte kiss lip cream,,,,
pixy uv white,pixy,,,uv white,3,"Pelembap, Retinol, dan Perlindungan Kulit"
pxton spatula mask mini cream,pxton,spatula mask mini cream,,,1,Skincare Anti-Aging dan Brightening
omg oh my glam matte kiss lip cream lipstik,omg oh my glam,matte kiss lip cream lipstik,,,,
somethinc sunscreen spf 40 pa,somethinc,sunscreen,,spf 40 pa,,
lulur pomade salep,pomade,"lulur, salep",,,,
kaca make up mini travelling,,kaca make up,,mini travelling,,
cetakan alis,,cetakan alis,,,,
garnier micellar cleansing water pink blue vitamin c rose,garnier,micellar cleansing water pink blue,vitamin c rose,,,
kaca make up mini sovenir travelling,,kaca make up,,mini sovenir travelling,,
somethinc uv cushion spf 35 pa matte finish tidak menyumbat pori,somethinc,cushion,,"spf 35 pa matte finish tidak menyumbat pori, uv",,
kapas wajah selection facial,selection,"facial, kapas wajah",,,,
r033 kuas make up,r033,kuas make up,,,,
,,,,,,
raecca glow up,raecca,,,glow up,,
evangeline parfum wanita,evangeline,parfum wanita,,,,
gogoland cetakan alis mini eyebrow pencetak,gogoland,"cetakan alis mini eyebrow, pencetak",,,,
mask mata eye collagen,mask mata eye,,collagen,,,
parfum unisex,,parfum,,unisex,,
biotalk coffee scrub soap sabun mandi untuk bekas luka strechmark,biotalk coffee,"sabun mandi, scrub soap",,untuk bekas luka strechmark,,
jm implora hair colour,jm implora,hair colour,,,,
lem kuku palsu,lem kuku palsu,,,,,
shampoo sabun,,"sabun, shampoo",,,2,Pembersih Wajah dan Perawatan Jerawat
oreal matte liquid foundation loreal natural tahan,"loreal, oreal",matte liquid foundation,,natural tahan,2,Pembersih Wajah dan Perawatan Jerawat
ibana cermin bulat travelling serbaguna hand mirror,ibana,"cermin bulat, hand mirror",,"serbaguna, travelling",,
fres spray cologne,fres,spray cologne,,,,
madame gie shower glow hypoallergenic sabun mandi body wash,madame gie,sabun mandi body wash,hypoallergenic,shower glow,,
sabun medicare kesehatan anti bakteri kuman virus mandi tangan badan serbaguna,medicare,sabun,,kesehatan anti bakteri kuman virus mandi tangan badan serbaguna,,
cukur jenggot kumis bulu ketiak serbaguna,cukur jenggot kumis,,,bulu ketiak serbaguna,5,Brightening dengan Bahan Aktif
selection cotton bud korek kuping kapas reguler,selection,cotton bud korek kuping kapas reguler,,,,
zinc emeron shampo,zinc emeron,shampo,,,,
perfume parfum unisex,,perfume parfum,,unisex,,
natural deodorant tawas spray penghilang bau badan ketiak,natural,"deodorant, spray",tawas,penghilang bau badan ketiak,,
octarine parfum wanita tahan lama parfume perfume minyak wangi cewek,octarine,"parfum, parfume perfume minyak wangi",,"cewek, wanita tahan lama",,
cetakan alis 12 eyebrow,,"cetakan alis 12, eyebrow",,,4,Hidrasi dan Perawatan Kulit Sensitif
moicare cream pencerah white ketiak selangkangan leher pantat area gelap niacinamide collagen brightening,moicare,cream,niacinamide collagen,"brightening, pencerah white ketiak selangkangan leher pantat area gelap",,
cermin bulat kaca makeup,,"cermin bulat, kaca makeup",,,,
bibit parfum murni,,bibit parfum murni,,,,
madame gie mascara maskara waterproof,madame gie,"mascara, maskara",,waterproof,,
souvernir parfume,souvernir,parfume,,,,
omg oh my glam mattelast lip cream tahan lama,omg oh my glam,mattelast lip cream,,tahan lama,,
lem kuku palsu,lem kuku palsu,,,,,
parfum roll on,roll on,parfum,,,,
peel off kudan cat kutek kuku jari tangan sun uv,kudan,"cat kutek kuku jari tangan, peel off",,sun uv,,
bigsize soap breast serum pembesar pengencang payudara,bigsize soap,breast serum,,pembesar pengencang payudara,4,Hidrasi dan Perawatan Kulit Sensitif
instacare bigsaze soap breast serum pembesar pengencang payudara,instacare bigsaze soap,breast serum,,pembesar pengencang payudara,3,"Pelembap, Retinol, dan Perlindungan Kulit"
pembesar pengencang payudara instacare bigsaze soap breast serum,instacare bigsaze soap,breast serum,,pembesar pengencang payudara,3,"Pelembap, Retinol, dan Perlindungan Kulit"
instacare bigsaze soap breast serum pengencang pembesar menghaluskan payudara,instacare bigsaze soap,breast serum,,pengencang pembesar menghaluskan payudara,3,"Pelembap, Retinol, dan Perlindungan Kulit"
lameila eyeshadow palette waterproof,lameila,eyeshadow palette,,waterproof,,
27an penjepit bulu mata pelentik,27an,penjepit bulu mata,,pelentik,,
kuteks kutek muslimah peel off kudan,kudan,kuteks kutek muslimah peel off,,,,
dobha parfum roll on minyak wangi,dobha,parfum roll on minyak wangi,,,4,Hidrasi dan Perawatan Kulit Sensitif
kutek kuku untuk sholat peel off kuteks muslimah,,"kutek kuku, peel off kuteks muslimah",,untuk sholat,,
kikir kuku pengkilap,,kikir kuku pengkilap,,,,
hanasui mattedorable lip cream,hanasui,lip cream,,mattedorable,,
facetology triple care jerawat calm micellar water sunscreen spf 40 pa,facetology,micellar water sunscreen,,"spf 40 pa, triple care jerawat calm",,
tawas spray beorganik crystal deodorant deodoran,beorganik,"crystal deodorant, deodoran, tawas spray",,,,
the originote hyalucera moisturizer gel pelembab wajah serum bright jerawat ceratides peeling astachiol eyelash toner sunscreen mist,the originote,"eyelash toner sunscreen mist, moisturizer gel pelembab wajah serum, peeling","astachiol, ceratides, hyalucera","bright, jerawat",,
saff co extrait de parfum,saff co,extrait de parfum,,,,
sisir serit plastik kutu rambut,,"rambut, sisir serit plastik",,kutu,,
serum pembesar pengencang payudara permanen bigsaze soap,bigsaze soap,serum,,pembesar pengencang payudara permanen,,
pembesar pengencang payudara breast serum bigsize soap,bigsize soap,breast serum,,pembesar pengencang payudara,2,Pembersih Wajah dan Perawatan Jerawat
scarlett white halalbpom,scarlett,,,"halalbpom, white",,
parfum,,parfum,,,,
kahf face wash scrub sabun wajah pria,kahf,face wash scrub sabun wajah pria,,,5,Brightening dengan Bahan Aktif
focallure watery lip tint tahan lama melembabkan,focallure watery,lip tint,,tahan lama melembabkan,2,Pembersih Wajah dan Perawatan Jerawat
magic deo,magic deo,,,,,
deodoran roll on bedak tawas penghilang bau badan,,deodoran roll on bedak,tawas,penghilang bau badan,,
saniye concealer waterproof wajah,saniye,concealer,,waterproof wajah,,
iswhite body mask pencerah tubuh,iswhite,body mask,,pencerah tubuh,,
dazzle me powder long wear fast oil fix silky tahan air makeup setting bedak padat,dazzle me,setting bedak padat,,powder long wear fast oil fix silky tahan air makeup,4,Hidrasi dan Perawatan Kulit Sensitif
beauthinc gluta soap goat milk,beauthinc,soap,"gluta, goat milk",,,
omg oh my glam matte kiss lip cream,omg oh my glam,matte kiss lip cream,,,4,Hidrasi dan Perawatan Kulit Sensitif
,,,,,5,Brightening dengan Bahan Aktif
grosiran kuku palsu manicure,,grosiran kuku palsu,,manicure,4,Hidrasi dan Perawatan Kulit Sensitif
zen1 parfum le labo minyak wangi tahan lama,"le labo, zen1","minyak wangi, parfum",,tahan lama,,
bioaqua micellar water makeup remover hyaluronic acid polypeptide gentle cleansing,bioaqua,micellar water,hyaluronic acid polypeptide,"gentle cleansing, makeup remover",3,"Pelembap, Retinol, dan Perlindungan Kulit"
instacare bigsaze soap breast serum,instacare bigsaze soap,breast serum,,,,
instacare bigsaze soap breast serum,instacare bigsaze soap,breast serum,,,2,Pembersih Wajah dan Perawatan Jerawat
bigsaze soap breast serum pengencang boba si kembar,bigsaze soap,breast serum,,pengencang boba si kembar,1,Skincare Anti-Aging dan Brightening
kaca make up mini travelling,,kaca make up,,mini travelling,3,"Pelembap, Retinol, dan Perlindungan Kulit"
bioaqua sheet mask hydrating essence face brightening anti - aging wajah,bioaqua,"essence face, sheet mask",,"anti - aging wajah, brightening, hydrating",,
penjepit pelentik bulu mata,,penjepit pelentik bulu mata,,,3,"Pelembap, Retinol, dan Perlindungan Kulit"
grace and glow brightening sun lotion body serum spf 30 pa sunscreen sunblock badan anti uv arbutin bearberry,grace and glow,"sun lotion body serum, sunscreen sunblock",arbutin bearberry,"badan anti uv, brightening, spf 30 pa",5,Brightening dengan Bahan Aktif
elformula intensive peeling solution serum exfoliating wajah mencerahkan dark spot angkat sel kulit mati aha bha pha,elformula,intensive peeling solution serum,aha bha pha,exfoliating wajah mencerahkan dark spot angkat sel kulit mati,1,Skincare Anti-Aging dan Brightening
hanasui mattedorable lip cream matte lipcream lipstick cair,hanasui,"lip cream matte, lipcream lipstick cair",,mattedorable,,
sadoer mask facial sheet perawatan wajah,sadoer,mask facial sheet,,perawatan wajah,,
marina hand body lotion uv white serum,marina,"hand body lotion, serum",,uv white,,
implora eye brow pencil pensil serutan sikat alis,implora,eye brow pencil pensil serutan sikat alis,,,,
glowsophy watermelon brightening moisturizer skin barrier niacinamide gel day and night,glowsophy,"gel, moisturizer","niacinamide, watermelon","brightening, day and night, skin barrier",3,"Pelembap, Retinol, dan Perlindungan Kulit"
white aha body serum moisturizing badan pencerah,,body serum,aha,"moisturizing badan pencerah, white",2,Pembersih Wajah dan Perawatan Jerawat
skintific cushion foundation concealer bb cream bedak padat compact powder conceler centella asiatica ceramide hyaluronic acid,skintific,"bb cream, bedak padat, compact powder conceler, cushion foundation concealer",centella asiatica ceramide hyaluronic acid,,1,Skincare Anti-Aging dan Brightening
skintific stay velvet matte cushion,skintific,velvet matte cushion,,stay,,
kojie san anti - aging soap,kojie san,soap,,anti - aging,,
face up glow serum day white booster,face up,serum,,"day, glow, white booster",2,Pembersih Wajah dan Perawatan Jerawat
momilen maternity care cream,momilen,cream,,maternity care,3,"Pelembap, Retinol, dan Perlindungan Kulit"
asthin force kapsul,asthin force,kapsul,,,2,Pembersih Wajah dan Perawatan Jerawat
selection kapas,selection,kapas,,,3,"Pelembap, Retinol, dan Perlindungan Kulit"
ciara avocado calming liquid wash chamomile cream untuk melembutkan kulit gatal,ciara avocado,liquid wash chamomile cream,,"calming, untuk melembutkan kulit gatal",,
dermia cream,dermia,cream,,,,
biore skin caring jerawat care facial foam,biore,facial foam,,skin caring jerawat care,3,"Pelembap, Retinol, dan Perlindungan Kulit"
men biore jerawat uv aqua rich,men biore,,,"jerawat, uv aqua rich",,
biore uv aqua sunscreen essence spf50 pa,biore,"essence, sunscreen",aqua,"spf50 pa, uv",,
,,,,,,
biore skin caring bright oil clear facial foam,biore,facial foam,,skin caring bright oil clear,,
megrhythm night steam patch lavender relaksasi,megrhythm,steam patch,lavender,"night, relaksasi",,
rdl papaya brightening soap,rdl,soap,papaya,brightening,,
moisturizing niacinamide pelembab wajah,,pelembab wajah,niacinamide,moisturizing,,
biyu gentle gel cleanser jerawat facial wash sabun cuci wajah low ph,biyu gentle,"facial wash sabun cuci wajah, gel cleanser",,"jerawat, low ph",3,"Pelembap, Retinol, dan Perlindungan Kulit"
ceradan moisturizer cream,ceradan,"cream, moisturizer",,,4,Hidrasi dan Perawatan Kulit Sensitif
ceradan gentle cleanser,ceradan gentle,cleanser,,,3,"Pelembap, Retinol, dan Perlindungan Kulit"
la roche posay effaclar purifying foaming gel,la roche posay,foaming gel,,effaclar purifying,1,Skincare Anti-Aging dan Brightening
parasol sunblock spf 33 cream,parasol,"cream, sunblock",,spf 33,,
mask mata anak inframerah untuk kesehatan eye care pseudomyopia freshcare,,mask mata anak,"inframerah, pseudomyopia","eye care, freshcare, untuk kesehatan",2,Pembersih Wajah dan Perawatan Jerawat
kanebo fulfilling emulsion,kanebo,,,fulfilling emulsion,2,Pembersih Wajah dan Perawatan Jerawat
bionect cream,bionect,cream,,,5,Brightening dengan Bahan Aktif
natasha,natasha,,,,,
selection cotton bud,selection,cotton bud,,,2,Pembersih Wajah dan Perawatan Jerawat
resida,resida,,,,,
ciara stretchmark treatment,ciara,,,stretchmark treatment,,
kojie san dreamwhite anti - aging facial toner collagen,kojie san,facial toner,collagen,dreamwhite anti - aging,1,Skincare Anti-Aging dan Brightening
somethinc ceramic skin saviour moisturizer gel cocok untuk jerawat kulit sensitif non comedogenic melembapkan mengurangi kemerahan pelembab tidak menyumbat pori,somethinc,"moisturizer gel, pelembab",ceramic,"cocok untuk jerawat kulit sensitif non comedogenic melembapkan mengurangi kemerahan, skin saviour, tidak menyumbat pori",,
kojie san kojic acid soap,kojie san,soap,kojic acid,,5,Brightening dengan Bahan Aktif
lysca daily exfoliating toner clear and smooth skin mencerahkan wajah,lysca,toner,,"clear and smooth skin mencerahkan wajah, daily exfoliating",2,Pembersih Wajah dan Perawatan Jerawat
spirulina suplemen kesehatan antioksidan,,suplemen kesehatan,spirulina,antioksidan,,
the originote brightening moisturizer pelembab wajah niacinamide vitamin untuk mencerahkan mengencangkan memperbaiki barrier kulit cocok kusam jerawat bikin halus glowing,the originote,moisturizer pelembab wajah,niacinamide vitamin,"brightening, untuk mencerahkan mengencangkan memperbaiki barrier kulit cocok kusam jerawat bikin halus glowing",,
skintific niacinamide brightening moisturizer gel,skintific,moisturizer gel,niacinamide,brightening,,
erto salmon dna night cream,erto,cream,salmon dna,night,,
sariayu moisturizer,sariayu,moisturizer,,,3,"Pelembap, Retinol, dan Perlindungan Kulit"
viva face tonic bengkuang,viva,face tonic,bengkuang,,3,"Pelembap, Retinol, dan Perlindungan Kulit"
natasha spicule shot serum anti - aging,natasha,spicule shot serum,,anti - aging,1,Skincare Anti-Aging dan Brightening
kanebo,kanebo,,,,,
biore uv aqua rich sunscreen watery gel spf50 pa,biore,sunscreen watery gel,aqua,"rich, spf50 pa, uv",5,Brightening dengan Bahan Aktif
kanebo,kanebo,,,,2,Pembersih Wajah dan Perawatan Jerawat
oneskin protective sunscreen spray spf 50 pa kering wajah facial,oneskin,sunscreen spray,,"kering wajah facial, protective, spf 50 pa",,
debiuryn jerawat milk cleanser susu wajah kulit berminyak,debiuryn,cleanser,"milk, susu","jerawat, wajah kulit berminyak",4,Hidrasi dan Perawatan Kulit Sensitif
somethinc copper peptide resveratrol serum,somethinc,serum,copper peptide resveratrol,,1,Skincare Anti-Aging dan Brightening
noroid derma cream,noroid derma,cream,,,4,Hidrasi dan Perawatan Kulit Sensitif
collagen dna plus kojic soap awet,dna plus kojic,soap,collagen,awet,4,Hidrasi dan Perawatan Kulit Sensitif
dna plus phyto mist beautetox salmon concentrate gel skin booster serum pelembab wajah anti - aging pria wanita pencerah berminyak jerawat kusam kering mochi treatment,dna plus phyto,"concentrate gel skin booster serum pelembab wajah, mist beautetox",salmon,"anti - aging pria wanita pencerah berminyak jerawat kusam kering, mochi treatment",,
somethinc retinol serum menyamarkan tekstur kulit garis halus anti - aging mencegah kerutan pori besar dark spot renewal brighten smoothing essence prevent premature pemula,somethinc,"essence, serum",retinol,"menyamarkan tekstur kulit garis halus anti - aging mencegah kerutan pori besar dark spot renewal brighten smoothing, prevent premature pemula",,
kojie san skin lightening soap hydromoist,kojie san,soap,,"hydromoist, skin lightening",3,"Pelembap, Retinol, dan Perlindungan Kulit"
biore uv sunscreen skin protection essence spf50 pa,biore,"essence, sunscreen",,"skin protection, spf50 pa, uv",2,Pembersih Wajah dan Perawatan Jerawat
kanebo,kanebo,,,,5,Brightening dengan Bahan Aktif
natasha serum anti - aging,natasha,serum,,anti - aging,,
men biore bright oil clear sabun wajah doublescrub,men biore,sabun wajah,,"bright oil clear, doublescrub",3,"Pelembap, Retinol, dan Perlindungan Kulit"
oneskin memberi perlindungan maksimal memperbaiki skin barrier sunscreen moisturizer,oneskin,sunscreen moisturizer,,memberi perlindungan maksimal memperbaiki skin barrier,2,Pembersih Wajah dan Perawatan Jerawat
topicare ceramide soothing cream perawatan tubuh,topicare,cream,ceramide,"perawatan tubuh, soothing",,
labore sensitive physical sunscreen,labore,sunscreen,,"physical, sensitive",2,Pembersih Wajah dan Perawatan Jerawat
debiuryn ageless glow serum lactid acid hyaluronic anti - aging,debiuryn,serum,lactid acid hyaluronic,"ageless glow, anti - aging",3,"Pelembap, Retinol, dan Perlindungan Kulit"
herborist aloe vera soothing moisturizer,herborist,moisturizer,aloe vera,soothing,,
alat pijat wajah indoganic beauty rose quartz facial roller untuk melancarkan peredaran darah mengencangkan kulit,indoganic beauty rose quartz,"alat pijat wajah, facial roller",,untuk melancarkan peredaran darah mengencangkan kulit,3,"Pelembap, Retinol, dan Perlindungan Kulit"
natasha stemcell booster anti - aging,natasha,stemcell booster,,anti - aging,5,Brightening dengan Bahan Aktif
somethinc starter kit calm down moisturizer low ph jelly cleanser sunscreen gel,somethinc,"jelly cleanser sunscreen gel, moisturizer",,"low ph, starter kit calm down",,
men biore oil balance sabun wajah non scrub,men biore,sabun wajah,,"non scrub, oil balance",1,Skincare Anti-Aging dan Brightening
tje fuk white night cream mencerahkan kulit wajah kusam mengatasi jerawat noda bekas flek hitam membandel bintik haluskan tanda penuaan pria wanita,tje fuk,cream,,"mencerahkan kulit wajah kusam mengatasi jerawat noda bekas flek hitam membandel bintik haluskan tanda penuaan pria wanita, white night",,
kojie san serum,kojie san,serum,,,,
kanebo sunscreen spf 50 pa,kanebo,sunscreen,,spf 50 pa,,
cetaphil gentle skin cleanser,cetaphil,cleanser,,gentle skin,,
wardah white secret day cream,wardah,cream,,white secret day,3,"Pelembap, Retinol, dan Perlindungan Kulit"
wardah aloe hydramild multifunction gel,wardah,gel,aloe,hydramild multifunction,,
foe 2 white day cream mencerahkan meratakan warna kulit,foe 2,cream,,"mencerahkan meratakan warna kulit, white day",,
debiuryn face scrub peeling cream kulit normal atau kering,debiuryn,face scrub peeling cream,,kulit normal atau kering,,
somethinc propolis hydra mist,somethinc,mist,propolis,hydra,,
mouisturizing milk cleanser natasha,natasha,cleanser,milk,mouisturizing,,
alpha serum dna plus salmon dark spot terminator noda regenerasi kulit wajah sehat,dna plus,alpha serum,salmon,dark spot terminator noda regenerasi kulit wajah sehat,,
somethinc holyshield sunscreen comfort corrector serum spf 50 pa kulit jerawat tone up mineral,somethinc,"serum, sunscreen, tone up",mineral,"comfort corrector, holyshield, spf 50 pa kulit jerawat",,
natasha glowing sensitif skin barrier,natasha,,,glowing sensitif skin barrier,3,"Pelembap, Retinol, dan Perlindungan Kulit"
watch me bare it bright gentle brightening whip foam,watch me bare it,whip foam,,bright gentle brightening,,
somethinc,somethinc,,,,,
somethinc,somethinc,,,,,
biore skin caring jerawat care facial foam,biore,facial foam,,skin caring jerawat care,4,Hidrasi dan Perawatan Kulit Sensitif
kanebo,kanebo,,,,,
kanebo lift serum aging,kanebo,lift serum,,aging,,
polident 3 minute daily cleanser,polident,cleanser,,3 minute daily,,
kanebo skin harmonizer,kanebo,,,skin harmonizer,,
selection kapas,selection,kapas,,,1,Skincare Anti-Aging dan Brightening
kalpanax salep,kalpanax,salep,,,,
oneskin memberi perlindungan maksimal membantu mencerahkan kulit wajah sunscreen serum,oneskin,sunscreen serum,,memberi perlindungan maksimal membantu mencerahkan kulit wajah,2,Pembersih Wajah dan Perawatan Jerawat
kojiesan skin lightening soap hydromoist,kojiesan,soap,,"hydromoist, skin lightening",5,Brightening dengan Bahan Aktif
kanebo essence,kanebo,essence,,,1,Skincare Anti-Aging dan Brightening
cetaphil cleanser,cetaphil,cleanser,,,,
somethinc holyshield uv watery sunscreen gel spf 50 pa untuk kulit berminnyak mudah menyerap no whitecast tidak lengket,somethinc,watery sunscreen gel,,"holyshield uv, spf 50 pa, untuk kulit berminnyak mudah menyerap no whitecast tidak lengket",,
phyto booster glowing facial mist white and brightening pencerah wajah,phyto,"facial mist, pencerah wajah",,"booster glowing, white and brightening",,
booster glowing mist,,mist,,booster glowing,,
ceradan moisturizer wash,ceradan,moisturizer wash,,,,
lysca pore jerawat toner oily and skin,lysca,toner,,"oily and skin, pore jerawat",,
oneskin pria perlindungan maksimal facial wash serum moisturizer sunscreen,oneskin,facial wash serum moisturizer sunscreen,,pria perlindungan maksimal,,
biore uv fresh bright soothing aloe sunscreen spf50 pa,biore,sunscreen,aloe,"spf50 pa, uv fresh bright soothing",2,Pembersih Wajah dan Perawatan Jerawat
biore uv fresh bright oil control matte sunscreen spf50 pa,biore,matte sunscreen,,"spf50 pa, uv fresh bright oil control",,
men biore bright energy sabun wajah doublescrub,men biore,sabun wajah,,"bright energy, doublescrub",,
debiuryn ageless skin energy serum retinol bha anti - aging,debiuryn,serum,retinol bha,"ageless skin energy, anti - aging",5,Brightening dengan Bahan Aktif
biore uv sunscreen skin protection essence spf50 pa,biore,"essence, sunscreen",,"skin protection, spf50 pa, uv",2,Pembersih Wajah dan Perawatan Jerawat
kanebo skin harmonizer,kanebo,,,skin harmonizer,,
ciara stretchmark treatment oil natural deodorant,ciara,deodorant,,stretchmark treatment oil natural,,
kanebo essence,kanebo,essence,,,4,Hidrasi dan Perawatan Kulit Sensitif
rdl papaya brightening soap sabun mandi batang,rdl papaya,soap sabun mandi batang,,brightening,,
verile blemish cream,verile,blemish cream,,,,
kojie san men face wash lightening,kojie san,men face wash,,lightening,,
debiuryn vitamin c bright glowing essense serum,debiuryn,essense serum,vitamin c,bright glowing,1,Skincare Anti-Aging dan Brightening
kanebo cream anti - aging night,kanebo,cream,,anti - aging night,,
heliatech sunscreen lotion spf,heliatech,sunscreen lotion,,spf,,
somethinc perawatan mata panda eyelash serum,somethinc,eyelash serum,,perawatan mata panda,,
somethinc advanced peeling aha bha pha lha serum hangover voluminous fiber lash smudgeproof mascara,somethinc,"mascara, peeling, serum",aha bha pha lha,"advanced, hangover voluminous fiber lash smudgeproof",2,Pembersih Wajah dan Perawatan Jerawat
verile jerawat care facial wash,verile,facial wash,,jerawat care,2,Pembersih Wajah dan Perawatan Jerawat
dew it kids sunscreen mist daily lotion tabir surya spray,dew it kids,"mist daily lotion tabir surya spray, sunscreen",,,3,"Pelembap, Retinol, dan Perlindungan Kulit"
noroid soothing cream,noroid,cream,,soothing,,
herborist aloe vera soothing moisturizing gel,herborist,moisturizing gel,aloe vera,soothing,,
garnier micellar cleansing rose water,garnier,micellar cleansing,rose water,,,
moko kit skin type,moko,,,kit skin type,,
cetaphil skin restoring wash,cetaphil,,,skin restoring wash,,
biore uv fresh bright sunscreen sun screen sunblock cream spf 50 pa samarkan noda hitam,biore,sunscreen sun screen sunblock cream,,"spf 50 pa samarkan noda hitam, uv fresh bright",,
men biore jerawat bacterior uv aqua rich,men biore,,,jerawat bacterior uv aqua rich,,
kanebo,kanebo,,,,,
prology skin clear peel,prology skin,,,clear peel,,
kelly lemon soap,kelly,soap,lemon,,,
wardah aloe hydramild facial wash,wardah,facial wash,aloe,hydramild,,
jf sulfur dermamed soap,jf,soap,sulfur,dermamed,2,Pembersih Wajah dan Perawatan Jerawat
acnes creamy wash,acnes creamy wash,,,,,
kanebo,kanebo,,,,4,Hidrasi dan Perawatan Kulit Sensitif
somethinc basic skincare kit,somethinc,,,basic skincare kit,,
face up age defence hac lift serum anti - aging menghaluskan mengencangkan mencerahkan melembabkan kulit wajah,face up,serum,,"age defence hac lift, anti - aging menghaluskan mengencangkan mencerahkan melembabkan kulit wajah",,
dermatix bantu mempercepat penyembuhan luka secara optimal,dermatix,,,bantu mempercepat penyembuhan luka secara optimal,1,Skincare Anti-Aging dan Brightening
melanox cream,melanox,cream,,,,
somethinc dark spot reducer ampoule,somethinc,ampoule,,dark spot reducer,,
acnes point clear roll on,,acnes point clear roll on,,,,
relife pigment solution,relife,,,pigment solution,,
debiuryn cleanser wajah kulit jerawat berminyak,debiuryn,cleanser,,wajah kulit jerawat berminyak,1,Skincare Anti-Aging dan Brightening
tje fuk essence moisturizer perawatan anti - aging wajah mengencangkan kerutan garis halus tanda penuaan mencerahkan melembutkan,tje fuk,essence moisturizer,,perawatan anti - aging wajah mengencangkan kerutan garis halus tanda penuaan mencerahkan melembutkan,,
men biore jerawat bacterior sabun wajah doublescrub,men biore,sabun wajah,,"doublescrub, jerawat bacterior",,
kanebo clarifying powder wash,kanebo,wash,,clarifying powder,,
topicare soothing cream,topicare,cream,,soothing,2,Pembersih Wajah dan Perawatan Jerawat
debiuryn phyto light active micellar water remaja anak,debiuryn phyto,micellar water,,"light active, remaja anak",,
selection round facial cotton,selection round,facial cotton,,,5,Brightening dengan Bahan Aktif
cheering mist uv spf50 pa,cheering,mist,,"spf50 pa, uv",2,Pembersih Wajah dan Perawatan Jerawat
cleanser,,cleanser,,,3,"Pelembap, Retinol, dan Perlindungan Kulit"
tumitku,,tumitku,,,,
bifesta foaming cleanser wajah busa untuk mengurangi minyak berlebih,bifesta,"cleanser wajah busa, foaming",,untuk mengurangi minyak berlebih,,
dermaten cream,dermaten,cream,,,2,Pembersih Wajah dan Perawatan Jerawat
beautetox alpha serum pencerah poreless arbutin botox like peptides melembabkan mencerahkan mengencangkan kulit glowing,beautetox,alpha serum,"arbutin, peptides","botox like, melembabkan mencerahkan mengencangkan kulit glowing, pencerah poreless",,
xepagel cream,xepagel,cream,,,,
kanebo lotion,kanebo,lotion,,,,
somethinc biospicule renewal serum,somethinc,biospicule renewal serum,,,,
natasha facial wash oily,natasha,facial wash,,oily,,
somethinc calm down skinpair moisturizer pelembap wajah untuk kulit sensitif kemerahan normal meredakan memperkuat skin barrier,somethinc,moisturizer pelembap wajah,,"calm down skinpair, untuk kulit sensitif kemerahan normal meredakan memperkuat skin barrier",,
somethinc glow aha bha pha clarifying treatment toner,somethinc,toner,aha bha pha,"clarifying treatment, glow",,
papulex moussant cleansing gel dermatix jerawat spot care,"dermatix, papulex moussant",cleansing gel,,jerawat spot care,1,Skincare Anti-Aging dan Brightening
oneskin facial wash charcoal membersihkan wajah pria,oneskin,facial wash,charcoal,membersihkan wajah pria,1,Skincare Anti-Aging dan Brightening
glycore cream,glycore,cream,,,,
dermatix ultra gel,dermatix,ultra gel,,,4,Hidrasi dan Perawatan Kulit Sensitif
viva milk cleanser bengkoang,viva,cleanser,"bengkoang, milk",,3,"Pelembap, Retinol, dan Perlindungan Kulit"
moisturizing skin toner calendula natasha,natasha,moisturizing skin toner,calendula,,,
hydrobiotic serum natasha,natasha,serum,hydrobiotic,,,
phyto white booster up daily protection cream,phyto,cream,,white booster up daily protection,,
astaxanthin kapsul,astaxanthin,kapsul,,,2,Pembersih Wajah dan Perawatan Jerawat
asthin kapsul,asthin,kapsul,,,4,Hidrasi dan Perawatan Kulit Sensitif
dermatix wound care,dermatix,,,wound care,3,"Pelembap, Retinol, dan Perlindungan Kulit"
men biore cleanser komedo,men biore,cleanser komedo,,,,
biore uv aqua rich sunscreen essence spf50 pa,biore,"essence, sunscreen",aqua,"rich, spf50 pa, uv",,
somethinc glow pyhtocell serum untuk kulit berkilau mencerahkan brightening anti - aging mencegah penuaan dini,somethinc,serum,,"glow pyhtocell, untuk kulit berkilau mencerahkan brightening anti - aging mencegah penuaan dini",,
lysca serum pores,lysca,serum,,pores,,
lysca lightening pencerah wajah glowing putih,lysca,pencerah wajah,,"glowing putih, lightening",,
biore skin caring mild smooth facial foam,biore,facial foam,,skin caring mild smooth,3,"Pelembap, Retinol, dan Perlindungan Kulit"
fair lovely multivitamin facial foam,fair lovely,facial foam,multivitamin,,,
somethinc calm down skinpair barrier serum penenang kulit sensitif iritasi meredakan kemerahan memperkuat skin menghaluskan tampilan peptide panthenol,somethinc,serum,peptide panthenol,"calm down skinpair barrier, penenang kulit sensitif iritasi meredakan kemerahan memperkuat skin menghaluskan tampilan",2,Pembersih Wajah dan Perawatan Jerawat
face up cleansing balm cleanser wajah make remover olive oil mengecilkan pori mencerahkan kulit,face up,cleanser wajah,,"cleansing balm, make remover olive oil mengecilkan pori mencerahkan kulit",2,Pembersih Wajah dan Perawatan Jerawat
cetaphil gentle skin cleanser,cetaphil,cleanser,,gentle skin,1,Skincare Anti-Aging dan Brightening
somethinc hyaluronic essence toner yang menghidrasi kulit melembabkan kering non comedogenic cocok untuk sensitif,somethinc,essence toner,hyaluronic,yang menghidrasi kulit melembabkan kering non comedogenic cocok untuk sensitif,5,Brightening dengan Bahan Aktif
somethinc low ph jelly cleanser,somethinc,jelly cleanser,,low ph,,
somethinc eyelash serum mascara,somethinc,eyelash serum mascara,,,3,"Pelembap, Retinol, dan Perlindungan Kulit"
kojie san serum,kojie san,serum,,,,
ichtyol cito salep,ichtyol cito,salep,,,,
derma xp acneclear facial wash,derma xp acneclear,facial wash,,,,
debiuryn genery cleanser wajah kulit normal kering,debiuryn,genery cleanser wajah,,kulit normal kering,4,Hidrasi dan Perawatan Kulit Sensitif
ceradan hydra cream,ceradan,cream,,hydra,4,Hidrasi dan Perawatan Kulit Sensitif
debiuryn bright hydrating essence toner,debiuryn,essence toner,,bright hydrating,3,"Pelembap, Retinol, dan Perlindungan Kulit"
men biore bright sabun wajah,men biore,sabun wajah,,bright,3,"Pelembap, Retinol, dan Perlindungan Kulit"
men biore deep pore clean sabun wajah doublescrub,men biore,sabun wajah,,"deep pore clean, doublescrub",,
biore uv aqua sunscreen watery gel spf50 pa,biore,sunscreen watery gel,aqua,"spf50 pa, uv",1,Skincare Anti-Aging dan Brightening
teen milk cleanser natasha,natasha,cleanser,milk,teen,,
men biore cool oil clear bioreuv sunscreen essence,men biore,bioreuv sunscreen essence,,cool oil clear,,
biore skin caring mild smooth facial foam,biore,facial foam,,skin caring mild smooth,,
lysca lightening,lysca,,,lightening,,
somethinc low ph gentle jelly cleanser face wash,somethinc,gentle jelly cleanser face wash,,low ph,2,Pembersih Wajah dan Perawatan Jerawat
wardah moisturizer gel,wardah,moisturizer gel,,,5,Brightening dengan Bahan Aktif
viva pelembab uv green tea,viva,pelembab,green tea,uv,,
cica chicory calming moisturizer,chicory,moisturizer,cica,calming,5,Brightening dengan Bahan Aktif
jf sulfur anti jerawat cleanser,jf,cleanser,sulfur,anti jerawat,1,Skincare Anti-Aging dan Brightening
somethinc hyaluronic9 moisturizer gel pelembap yang menghidrasi cocok untuk kulit sensitif non comedogenic,somethinc,"gel, moisturizer",hyaluronic9,pelembap yang menghidrasi cocok untuk kulit sensitif non comedogenic,,
double lightening kering,,,,double lightening kering,2,Pembersih Wajah dan Perawatan Jerawat
labore sensitive barrier revive cream,labore,cream,,"barrier revive, sensitive",4,Hidrasi dan Perawatan Kulit Sensitif
kanebo skin protector sunscreen,kanebo,sunscreen,,skin protector,5,Brightening dengan Bahan Aktif
bifesta foaming whip deep clear sabun cleanser wajah clay charcoal,bifesta,"clear sabun cleanser wajah, foaming whip",clay charcoal,deep,5,Brightening dengan Bahan Aktif
kanebo scrubbing wash,kanebo,wash,,scrubbing,1,Skincare Anti-Aging dan Brightening
eucalie eye lash brow serum bulu mata alis castor peptide ingredients vitamin,eucalie,eye lash brow serum bulu mata alis,"castor peptide, vitamin",ingredients,,
men biore cool oil clear sabun wajah doublescrub,men biore,sabun wajah,,"cool oil clear, doublescrub",,
earth love life rose body wash lotion sabun wangi mandi cair melembabkan jerawat punggung kulit sensitif mencerahkan spf,earth love life,body wash lotion sabun wangi mandi cair,rose,melembabkan jerawat punggung kulit sensitif mencerahkan spf,,
oneskin membersihkan memberi perlindungan maksimal sunscreen facial wash,oneskin,sunscreen facial wash,,membersihkan memberi perlindungan maksimal,,
natasha moisturizer sunscreen day cream,natasha,"cream, moisturizer sunscreen",,day,,
somethinc hyaluronic9 serum memperkuat skin barrier agar tampil lebih plumpy halus segar hidrasi kulit kering menghidrasi jam,somethinc,serum,hyaluronic9,"jam, memperkuat skin barrier agar tampil lebih plumpy halus segar hidrasi kulit kering menghidrasi",,
ciara liquid serum stretchmarks ibu hamil,ciara,liquid serum,,stretchmarks ibu hamil,,
men biore jerawat sabun wajah,men biore,sabun wajah,,jerawat,,
somethinc ceramic skin saviour moisturizer gel,somethinc,moisturizer gel,ceramic,skin saviour,5,Brightening dengan Bahan Aktif
indoganic beauty retinyl serum youth renewal face antiaging menyamarkan kerutan wajah,indoganic beauty,serum,retinyl,"wajah, youth renewal face antiaging menyamarkan kerutan",,
debiuryn ageless skin energy serum retinol bha anti - aging,debiuryn,serum,retinol bha,"ageless skin energy, anti - aging",,
beautetox intense white booster up tranexamic daily protection cream alpha arbutin serum,beautetox,"cream, serum","alpha arbutin, tranexamic","daily protection, intense white booster up",3,"Pelembap, Retinol, dan Perlindungan Kulit"
kanebo,kanebo,,,,4,Hidrasi dan Perawatan Kulit Sensitif
kanebo serum,kanebo,serum,,,2,Pembersih Wajah dan Perawatan Jerawat
topicare cleanser,topicare,cleanser,,,,
kanebo,kanebo,,,,,
kanebo lotion,kanebo,lotion,,,,
kojie san normal dry,kojie san,,,normal dry,2,Pembersih Wajah dan Perawatan Jerawat
kojie san lightening,kojie san,,,lightening,,
ceradan gentle cleanser,ceradan,gentle cleanser,,,3,"Pelembap, Retinol, dan Perlindungan Kulit"
tje fuk white night cream active malam mencerahkan wajah kusam samarkan flek hitam noda bekas jerawat membandel perawatan skin barrier moisturizer pelembab mengencangkan kulit,tje fuk,"cream, moisturizer pelembab",,"active malam mencerahkan wajah kusam samarkan flek hitam noda bekas jerawat membandel perawatan skin barrier, mengencangkan kulit, white night",1,Skincare Anti-Aging dan Brightening
verile jerawat back spray,verile,,,jerawat back spray,,
asepso sulphur sabun batang,asepso,sabun batang,sulphur,,,
kojie san skin lightening soap hydromoist,kojie san,soap,,"hydromoist, skin lightening",,
debiuryn sense hydra oxy moisturizer hydrating night serum,debiuryn,"moisturizer, serum",,"hydrating night, sense hydra oxy",1,Skincare Anti-Aging dan Brightening
organic brightening serum tranexamic peptide postbiotic eucalie perawatan wajah untuk mencerahkan kulit kusam menyamarkan flek hitam kerutan bekas jerawat anti - aging kadungan niacinamide,organic,serum,"niacinamide, tranexamic peptide postbiotic eucalie","brightening, perawatan wajah untuk mencerahkan kulit kusam menyamarkan flek hitam kerutan bekas jerawat anti - aging kadungan",2,Pembersih Wajah dan Perawatan Jerawat
men biore jerawat bright care sabun wajah,men biore,sabun wajah,,jerawat bright care,,
biore pore pack black,biore,pore pack black,,,,
oneskin kinclong membersihkan menyamarkan kerutan facial wash moisturizer pelembab scrub wajah perawatan cleansing kering,oneskin,"facial wash moisturizer, pelembab",,"kinclong membersihkan menyamarkan kerutan, scrub wajah perawatan cleansing kering",5,Brightening dengan Bahan Aktif
viva milk cleanser bengkuang,viva,cleanser,"bengkuang, milk",,,
natasha micro oil caviar serum mencerahkan melembabkan kulit wajah,natasha micro oil caviar,serum,,mencerahkan melembabkan kulit wajah,4,Hidrasi dan Perawatan Kulit Sensitif
parasol face sunblock spf cream perawatan wajah,parasol,"cream, face sunblock",,"perawatan wajah, spf",,
somethinc hyaluronic9 serum kulit kering,somethinc,serum,hyaluronic9,kulit kering,,
shower body lotion wash sabun mandi cair wangi melembabkan jerawat punggung kulit sensitif spf alergi mencerahkan tara basro,tara basro,shower body lotion wash sabun mandi cair,,wangi melembabkan jerawat punggung kulit sensitif spf alergi mencerahkan,3,"Pelembap, Retinol, dan Perlindungan Kulit"
somethinc skinpair cream,somethinc,cream,,skinpair,5,Brightening dengan Bahan Aktif
ceradan skinbarrier cream,ceradan,cream,,skinbarrier,,
lysca facial wash sabun wajah white,lysca,facial wash sabun wajah,,white,,
men biore oil balance uv aqua rich,men biore,,balance,"oil, uv aqua rich",5,Brightening dengan Bahan Aktif
tje fuk washing cream face wash scrub cleanser wajah sabun cuci,tje fuk,washing cream face wash scrub cleanser wajah sabun cuci,,,,
bifesta micellar cleansing water cleanser melembabkan kulit,bifesta,micellar cleansing water cleanser,,melembabkan kulit,,
hanasui serum vitamin c,hanasui,serum,vitamin c,,,
oneskin facial wash perawatan kulit wajah,oneskin,facial wash,,perawatan kulit wajah,3,"Pelembap, Retinol, dan Perlindungan Kulit"
pond white beauty facial foam,pond,facial foam,,white beauty,,
kanebo,kanebo,,,,,
eucalie organic glow bright,eucalie,,,organic glow bright,3,"Pelembap, Retinol, dan Perlindungan Kulit"
somethinc moisturizer serum niacinamide hyaluronic retinol,somethinc,"moisturizer, serum",niacinamide hyaluronic retinol,,,
face up mist toner niacinamide hyaluronic acid mencerahkan melembabkan mengglowingkan serum booster untuk semua jenis kulit,face up,"mist toner, serum booster",niacinamide hyaluronic acid,"mencerahkan melembabkan mengglowingkan, untuk semua jenis kulit",,
selection kapas,selection,kapas,,,,
papulex moussant cleansing gel oil cream,papulex moussant,cleansing gel oil cream,,,,
tje fuk moisturizer cream hyaluronic pelembab hidrasi,tje fuk,moisturizer cream,hyaluronic,pelembab hidrasi,1,Skincare Anti-Aging dan Brightening
soft u derm intensive hydro protect,soft u derm,,,intensive hydro protect,,
natasha serum,natasha,serum,,,2,Pembersih Wajah dan Perawatan Jerawat
acnes creamy wash,acnes creamy wash,,,,2,Pembersih Wajah dan Perawatan Jerawat
kojie san sunscreen spf50 pa,kojie san,sunscreen,,spf50 pa,,
peeling retinol natasha,natasha,peeling retinol,,,,
moko sunflower seed oil ceramide essence serum hydrating soothing skin,moko sunflower seed oil,essence serum,ceramide,hydrating soothing skin,,
kojie san kojic acid soap,kojie san,soap,kojic acid,,,
debiuryn young skin,debiuryn,,,young skin,,
somethinc retinol,somethinc,,retinol,,,
white neng cream,neng,cream,,white,1,Skincare Anti-Aging dan Brightening
debiuryn white and softening night cream,debiuryn,cream,,white and softening night,3,"Pelembap, Retinol, dan Perlindungan Kulit"
somethinc glow pyhtocell serum,somethinc,serum,,glow pyhtocell,4,Hidrasi dan Perawatan Kulit Sensitif
somethinc gentle bright niacinamide alpha arbutin serum pencerah wajah untuk semua jenis kulit memperkuat skin barrier meratakan warna memudarkan noda gelap pori sensitif,somethinc,serum pencerah wajah,niacinamide alpha arbutin,"gentle bright, untuk semua jenis kulit memperkuat skin barrier meratakan warna memudarkan noda gelap pori sensitif",,
men biore oil balance sabun wajah non scrub,men biore,sabun wajah,oil balance,non scrub,4,Hidrasi dan Perawatan Kulit Sensitif
lysca ceramide skin barrier moisturizer,lysca,moisturizer,ceramide,skin barrier,1,Skincare Anti-Aging dan Brightening
natasha serum,natasha,serum,,,,
glikoderm clarifying facial cleanser poly hydroxy acid,glikoderm clarifying,facial cleanser,poly hydroxy acid,,,
kanebo radiant skin refiner,kanebo,,,radiant skin refiner,,
oneskin membersihkan mencerahkan memberi perlindungan maksimal sunscreen facial wash serum,oneskin,sunscreen facial wash serum,,membersihkan mencerahkan memberi perlindungan maksimal,1,Skincare Anti-Aging dan Brightening
renew eye cream natasha,natasha,renew eye cream,,,,
nelsons tea tree cream,nelsons,cream,tea tree,,,
beautetox alpha serum pencerah arbutin botox like peptides melembabkan mencerahkan mengencangkan kulit,beautetox,alpha serum,"arbutin, peptides","botox like, melembabkan mencerahkan mengencangkan kulit, pencerah",,
somethinc propolis honey sleeping mask,somethinc,sleeping mask,"honey, propolis",,2,Pembersih Wajah dan Perawatan Jerawat
somethinc ceramic skin saviour moisturizer gel,somethinc,moisturizer gel,ceramic,skin saviour,1,Skincare Anti-Aging dan Brightening
debiuryn facial foam micellar cleansing gel face wash,debiuryn,"facial foam, micellar cleansing gel face wash",,,3,"Pelembap, Retinol, dan Perlindungan Kulit"
indoganic beauty zincscreen sun shield spf 32 pa sunscreen protection tabir surya pelindung sinar uv lightweight perawatan wajah facial sunblock protector,indoganic beauty,"facial sunblock, sunscreen, tabir surya, zincscreen",,"pelindung sinar uv lightweight, perawatan wajah, protection, protector, sun shield spf 32 pa",,
somethinc calm down skinpair bubble cleanser sabun cuci wajah untuk kulit sensitif iritasi meredakan kemerahan memperkuat skin barrier facial wash semua tipe,somethinc,"bubble cleanser sabun cuci wajah, facial wash",,"calm down skinpair, semua tipe, untuk kulit sensitif iritasi meredakan kemerahan memperkuat skin barrier",5,Brightening dengan Bahan Aktif
emla cream,emla,cream,,,,
somethinc serum,somethinc,serum,,,2,Pembersih Wajah dan Perawatan Jerawat
men biore bright oil clear bioreuv sunscreen,men biore,bioreuv sunscreen,,bright oil clear,3,"Pelembap, Retinol, dan Perlindungan Kulit"
lysca tranexamic white moisturizer,lysca,moisturizer,tranexamic,white,1,Skincare Anti-Aging dan Brightening
sunscreen gel cream natasha,natasha,sunscreen gel cream,,,3,"Pelembap, Retinol, dan Perlindungan Kulit"
beautetox mencerahkan kulit kusam bekas jerawat kerutan,beautetox,,,mencerahkan kulit kusam bekas jerawat kerutan,1,Skincare Anti-Aging dan Brightening
camellia deep cleansing oil calendula gentle gel cleanser facial kering wajah membersihkan,camellia,gentle gel cleanser,calendula,"deep cleansing oil, facial kering wajah membersihkan",5,Brightening dengan Bahan Aktif
papulex moussant cleansing gel dermatix jerawat,"dermatix, papulex moussant",cleansing gel,,jerawat,1,Skincare Anti-Aging dan Brightening
biore uv aqua rich protect mist sunscreen spf 50 pa,biore,mist sunscreen,aqua,"rich protect, spf 50 pa, uv",1,Skincare Anti-Aging dan Brightening
oneskin facial wash charcoal membersihkan wajah pria,oneskin,facial wash,charcoal,membersihkan wajah pria,3,"Pelembap, Retinol, dan Perlindungan Kulit"
ceradan moisturizer wash,ceradan,moisturizer wash,,,5,Brightening dengan Bahan Aktif
emina bright stuff moisturizing cream,emina,"cream, stuff",,"bright, moisturizing",,
ketomed cream,ketomed,cream,,,,
viva cleansing milk,viva,,milk,cleansing,1,Skincare Anti-Aging dan Brightening
somethinc kulit bersih terlindungi sinar uv sunscreen gel low ph jelly cleanser,somethinc,"jelly cleanser, sunscreen gel",,"kulit bersih terlindungi sinar uv, low ph",,
labore sensitive mild cleanser,labore,mild cleanser,,sensitive,,
somethinc acnedot treatment toner,somethinc,toner,,acnedot treatment,5,Brightening dengan Bahan Aktif
beautetox daily protection cream serum hydracalming and brightening mencerahkan kulit wajah,beautetox,cream serum,,"daily protection, hydracalming and brightening, mencerahkan kulit wajah",,
retinal glow natasha,natasha,retinal,,glow,2,Pembersih Wajah dan Perawatan Jerawat
somethinc calm down pha 3 soothing everyday toner untuk kulit sensitif kemerahan normal meredakan memperkuat skin barrier cocok menyamarkan bekas jerawat,somethinc,toner,pha 3,"calm down, soothing everyday, untuk kulit sensitif kemerahan normal meredakan memperkuat skin barrier cocok menyamarkan bekas jerawat",,
somethinc calm down moisturizer lactic glycolic peeling serum,somethinc,"moisturizer, serum",lactic glycolic,"calm down, peeling",4,Hidrasi dan Perawatan Kulit Sensitif
somethinc acnedot treatment moisturizer gel,somethinc,moisturizer gel,,acnedot treatment,,
tje fuk washing cream cleanser wajah facial scrub pria wanita mencerahkan kusam membantu samarkan flek hitam noda darkspot bersihkan kotoran exfoliating sabun cuci melembutkan menghaluskan kulit,tje fuk,"cleanser wajah facial scrub, sabun cuci, washing cream",,"exfoliating, melembutkan menghaluskan kulit, pria wanita mencerahkan kusam membantu samarkan flek hitam noda darkspot bersihkan kotoran",,
teen balancing skin toner natasha,natasha,toner,,teen balancing skin,,
men biore bright oil clear uv aqua rich,men biore,,,bright oil clear uv aqua rich,,
lysca hydrating toner brightening skin melembabkan wajah,lysca,toner,,"brightening skin melembabkan wajah, hydrating",,
men biore jerawat bright care uv aqua rich,men biore,,,jerawat bright care uv aqua rich,4,Hidrasi dan Perawatan Kulit Sensitif
reticor cream,reticor,cream,,,3,"Pelembap, Retinol, dan Perlindungan Kulit"
face up hyaluronic serum anti - aging mencerahkan mengencangkan kulit wajah vitamin e alga shitake,face up,serum,"alga shitake, hyaluronic, vitamin e",anti - aging mencerahkan mengencangkan kulit wajah,5,Brightening dengan Bahan Aktif
kojie san,kojie san,,,,1,Skincare Anti-Aging dan Brightening
viva face tonic green tea,viva,face tonic,green tea,,,
wardah lightening micellar gentle wash,wardah,micellar gentle wash,,lightening,,
debiuryn sense soothing hyaluronic facial wash,debiuryn,facial wash,hyaluronic,sense soothing,4,Hidrasi dan Perawatan Kulit Sensitif
face up exfoliating gel scrub anti - aging angkat sel kulit mati mencerahkan menghaluskan wajah vitamin c niacinamide,face up,exfoliating gel scrub,vitamin c niacinamide,anti - aging angkat sel kulit mati mencerahkan menghaluskan wajah,,
propolis untuk xanthelasma penghilang gumpalan lemak kelopak mata plak kuning dekat salep cream santelasma bintitan bintit benjolan kalazion milia bintik,,salep cream santelasma,propolis,"bintitan bintit benjolan kalazion milia bintik, untuk xanthelasma penghilang gumpalan lemak kelopak mata plak kuning dekat",,
cotton cloud sunscreen,,cotton cloud sunscreen,,,1,Skincare Anti-Aging dan Brightening
earth love life relax balancing fragrance and body care solusi stress relief jerawat punggung edp forest therapy bamboo parfum unisex wangi fresh tahan lama,earth love life,"edp forest therapy bamboo parfum, relax balancing fragrance and body care",,"solusi stress relief jerawat punggung, unisex wangi fresh tahan lama",2,Pembersih Wajah dan Perawatan Jerawat
derma xp acneclear biome ceramide moisturizing lotion,derma xp acneclear biome,moisturizing lotion,ceramide,,,
glikoderm anti - aging cream,glikoderm,cream,,anti - aging,,
biore pore pack black cleanser komedo,biore,"cleanser, pore pack black",,komedo,3,"Pelembap, Retinol, dan Perlindungan Kulit"
earth love life spanish lavender body wash lotion sabun wangi mandi cair melembabkan jerawat punggung kulit sensitif mencerahkan spf,earth love life,body wash lotion sabun wangi mandi cair,spanish lavender,melembabkan jerawat punggung kulit sensitif mencerahkan spf,5,Brightening dengan Bahan Aktif
biore uv fresh bright sunscreen sun screen sunblock cream spf 50 pa samarkan noda hitam,biore,sunscreen sun screen sunblock cream,,"spf 50 pa samarkan noda hitam, uv fresh bright",2,Pembersih Wajah dan Perawatan Jerawat
face wash happy skin eucalie sabun cleanser wajah untuk jerawat berminyak kering sensitif membersihkan lembut tanpa mengikis minyak alami kulit,happy skin eucalie,"face wash, sabun cleanser wajah",,untuk jerawat berminyak kering sensitif membersihkan lembut tanpa mengikis minyak alami kulit,1,Skincare Anti-Aging dan Brightening
peg 12 microsilico emulsifier,peg 12 microsilico,emulsifier,,,,
topicare ceramide soothing cream,topicare,cream,ceramide,soothing,,
neutrogena visible repair eye cream retinol mencegah mengurangi kerutan,neutrogena visible,cream,retinol,"mencegah mengurangi kerutan, repair eye",1,Skincare Anti-Aging dan Brightening
emina bright stuff moisturizer,emina,stuff moisturizer,,bright,2,Pembersih Wajah dan Perawatan Jerawat
kahf matte sunscreen stick spf 50 pa,kahf,matte sunscreen stick,,spf 50 pa,5,Brightening dengan Bahan Aktif
senka whip collagen facial foam hyaluronic acid untuk membersihkan kotoran wajah,senka whip,facial foam,"collagen, hyaluronic acid",untuk membersihkan kotoran wajah,3,"Pelembap, Retinol, dan Perlindungan Kulit"
armando caruso mini cleansing sponge,armando caruso,mini cleansing sponge,,,3,"Pelembap, Retinol, dan Perlindungan Kulit"
you radiance up deep moisturizing cream,you,moisturizing cream,,radiance up deep,1,Skincare Anti-Aging dan Brightening
scarlett white ultra light daily sunscreen spf 50 pa,scarlett,sunscreen,,"spf 50 pa, white ultra light daily",3,"Pelembap, Retinol, dan Perlindungan Kulit"
elformula intensive peeling solution,elformula,solution,,intensive peeling,3,"Pelembap, Retinol, dan Perlindungan Kulit"
hada labo gokujyun moisturizing lotion hyaluronic acid untuk kulit kering normal,hada labo gokujyun,moisturizing lotion,hyaluronic acid,untuk kulit kering normal,1,Skincare Anti-Aging dan Brightening
skin aqua uv moisturizer gel spf50,skin aqua,moisturizer gel,,"spf50, uv",2,Pembersih Wajah dan Perawatan Jerawat
herborist aloe vera gel,herborist,gel,aloe vera,,5,Brightening dengan Bahan Aktif
senka whip jerawat care kulit wajah,senka whip,,,jerawat care kulit wajah,,
labore sensitive mild cleanser,labore,mild cleanser,,sensitive,,
senka whip berry bright facial foam hyaluronic acid untuk membersihkan kotoran wajah,senka whip,facial foam,"berry, hyaluronic acid","bright, untuk membersihkan kotoran wajah",5,Brightening dengan Bahan Aktif
cerave moisturising lotion,cerave,lotion,,moisturising,1,Skincare Anti-Aging dan Brightening
somethinc retinol serum untuk pemula semua jenis kulit menyamarkan kerutan halus membantu mengencangkan vegan,somethinc,serum,retinol,untuk pemula semua jenis kulit menyamarkan kerutan halus membantu mengencangkan vegan,,
skintific ceramide serum sunscreen spf 50 pa sun repair invisible,skintific,serum sunscreen,ceramide,spf 50 pa sun repair invisible,,
azarine hydramax c sunscreen serum spf 50,azarine,sunscreen serum,c,"hydramax, spf 50",,
whitelab glow booster serum vitamin antioksidan mencerahkan kulit kusam melindungi dari sinar uv lebih efektif,whitelab,serum,vitamin,"antioksidan mencerahkan kulit kusam melindungi dari sinar uv lebih efektif, glow booster",,
nuface me sun shield tone up spf 30 pa,nuface me,tone up,,"spf 30 pa, sun shield",2,Pembersih Wajah dan Perawatan Jerawat
kahf skin energizing brightening face wash,kahf,face wash,,skin energizing brightening,4,Hidrasi dan Perawatan Kulit Sensitif
senka whip vitamin c facial foam hyaluronic acid untuk membersihkan kotoran wajah,senka whip,facial foam,"hyaluronic acid, vitamin c",untuk membersihkan kotoran wajah,2,Pembersih Wajah dan Perawatan Jerawat
la roche posay uvmune spf50,la roche posay,,,"spf50, uvmune",3,"Pelembap, Retinol, dan Perlindungan Kulit"
you care spf,you,,,care spf,2,Pembersih Wajah dan Perawatan Jerawat
avene water spray bagus untuk menghidrasi kulit,avene,water spray,,bagus untuk menghidrasi kulit,,
serum avoskin your skin bae alpha arbutin samarkan bekas jerawat,avoskin your skin bae,serum,alpha arbutin,samarkan bekas jerawat,,
you sunbrella tone up uv sunscreen spf50 pa,you,"sunbrella tone up, sunscreen",,"spf50 pa, uv",,
hada labo gel pelembab intensif pencerah kulit anti penuaan dini bebas pewangi pewarna ph tidak iritasi tinggi,hada labo,gel pelembab,,intensif pencerah kulit anti penuaan dini bebas pewangi pewarna ph tidak iritasi tinggi,3,"Pelembap, Retinol, dan Perlindungan Kulit"
glycore cream gel,glycore,"cream, gel",,,5,Brightening dengan Bahan Aktif
la roche posay soothing repairing balm,la roche posay,balm,,soothing repairing,2,Pembersih Wajah dan Perawatan Jerawat
cetaphil healthy radiance brightening night cream,cetaphil,cream,,healthy radiance brightening night,,
senka whip low ph calming cica white,senka whip,,cica,"low ph calming, white",,
cerave oil control gel moisturizer,cerave,gel moisturizer,,oil control,,
melano vitamin c brightening toner,melano,toner,vitamin c,brightening,,
azarine supreme glow brightening moisturizer barrier pelembab wajah mencerahkan kulit kusam,azarine,"moisturizer, pelembab wajah",,"barrier, mencerahkan kulit kusam, supreme glow brightening",2,Pembersih Wajah dan Perawatan Jerawat
glad2glow pomegranate niacinamide power bright serum,glad2glow,serum,"niacinamide, pomegranate",power bright,,
la roche posay foaming gel cleanser,la roche posay,foaming gel cleanser,,,3,"Pelembap, Retinol, dan Perlindungan Kulit"
nivea,nivea,,,,5,Brightening dengan Bahan Aktif
hada labo gokujyun facial wash,hada labo gokujyun,facial wash,,,,
nivea sun extra protect sunblock wajah vitamin spf50,nivea,sunblock wajah,vitamin,"spf50, sun extra protect",,
labore repair topicalm cream,labore,topicalm cream,,repair,1,Skincare Anti-Aging dan Brightening
wardah niacinamide bright barrier repair serum,wardah,serum,niacinamide,bright barrier repair,,
amaterasun uv spf 35 pa light dapat digunakan semua jenis kulit,amaterasun,,,"spf 35 pa light dapat digunakan semua jenis kulit, uv",,
you golden age revitalizing night cream,you,cream,,golden age revitalizing night,3,"Pelembap, Retinol, dan Perlindungan Kulit"
eskulin kids sunscreen,eskulin kids,sunscreen,,,3,"Pelembap, Retinol, dan Perlindungan Kulit"
skintiflc radiance booster serum spray wajah bifida filtrate centella untuk kulit glowing lebih halus,skintiflc,serum spray wajah,bifida filtrate centella,"radiance booster, untuk kulit glowing lebih halus",5,Brightening dengan Bahan Aktif
you radiance glow active night gel,you,gel,,radiance glow active night,5,Brightening dengan Bahan Aktif
morris men oil control jerawat care wash,morris men,wash,,oil control jerawat care,,
glad2glow centella allantoin soothing moisturizer gel repair skin barrier oil control hydrating cream pelembab wajah,glad2glow,"cream pelembab wajah, moisturizer gel",centella allantoin,"repair skin barrier oil control hydrating, soothing",1,Skincare Anti-Aging dan Brightening
poise facial foam white,poise,facial foam,,white,5,Brightening dengan Bahan Aktif
clean clear oil control,clean clear,,,oil control,1,Skincare Anti-Aging dan Brightening
cosrx essence,cosrx,essence,,,5,Brightening dengan Bahan Aktif
labore protect physical sunscreen mineral,labore,sunscreen,mineral,protect physical,,
parasol face sunscreen cream tabir surya,parasol,face sunscreen cream tabir surya,,,1,Skincare Anti-Aging dan Brightening
white oil paraffin liquid,oil,,paraffin liquid,white,3,"Pelembap, Retinol, dan Perlindungan Kulit"
somethinc holyshield uv watery sunscreen gel spf 50 pa,somethinc,sunscreen gel,,"holyshield uv watery, spf 50 pa",1,Skincare Anti-Aging dan Brightening
the originote ceramella sunscreen spf50 pa,the originote,sunscreen,ceramella,spf50 pa,2,Pembersih Wajah dan Perawatan Jerawat
la roche posay hyalu anti - aging serum untuk semua jenis kulit hyaluronic acid sensitif kering kerutan garis halus,la roche posay,serum,"hyalu, hyaluronic acid","anti - aging, sensitif kering kerutan garis halus, untuk semua jenis kulit",,
hanasui collagen sunscreen spf 30,hanasui,sunscreen,collagen,spf 30,,
acnaway mugwort gel facial wash cleanser jerawat face,acnaway,gel facial wash cleanser,mugwort,jerawat face,,
anessa uv sunscreen milk,anessa,sunscreen,milk,uv,5,Brightening dengan Bahan Aktif
hanasui power bright expert serum extra powerful brightening actives dari niacinamide licorice untuk meningkatkan kecerahan kulit lebih baik melembapkan,hanasui,serum,"licorice, niacinamide","extra powerful brightening actives dari, power bright expert, untuk meningkatkan kecerahan kulit lebih baik melembapkan",2,Pembersih Wajah dan Perawatan Jerawat
neutrogena hydro boost niacinamide serum wajah mencerahkan menghaluskan kulit hyaluronic acid,neutrogena hydro boost,serum wajah,"hyaluronic acid, niacinamide",mencerahkan menghaluskan kulit,,
la roche posay retinol serum,la roche posay,serum,retinol,,,
kahf triple action oil comedo defense face wash sabun wajah,kahf,face wash sabun wajah,,triple action oil comedo defense,5,Brightening dengan Bahan Aktif
wardah amino gel cleanser vitamin c sabun cuci wajah low ph untuk kulit kusam dry kering senstive,wardah,"gel cleanser, sabun cuci wajah","amino, vitamin c",low ph untuk kulit kusam dry kering senstive,1,Skincare Anti-Aging dan Brightening
wardah vitamin c ferulic acid radiant charge serum,wardah,serum,vitamin c ferulic acid,radiant charge,,
amaterasun uv spf 35 pa dapat digunakan semua jenis kulit,amaterasun,,,"dapat digunakan semua jenis kulit, spf 35 pa, uv",,
melano vitamin c brightening essence mencerahkan kulit mengurangi flek hitam pori besar,melano,essence,vitamin c,"brightening, mencerahkan kulit mengurangi flek hitam pori besar",3,"Pelembap, Retinol, dan Perlindungan Kulit"
himalaya neem face wash,himalaya,face wash,neem,,1,Skincare Anti-Aging dan Brightening
elformula advanced timeless essential eye cream,elformula,cream,,advanced timeless essential eye,2,Pembersih Wajah dan Perawatan Jerawat
derma day night,derma,,,day night,2,Pembersih Wajah dan Perawatan Jerawat
cerave moisturising lotion,cerave,lotion,,moisturising,,
senka whip collagen facial foam hyaluronic acid untuk membersihkan kotoran wajah,senka whip,facial foam,"collagen, hyaluronic acid",untuk membersihkan kotoran wajah,5,Brightening dengan Bahan Aktif
neutrogena hydro boost water gel,neutrogena,boost water gel,,hydro,5,Brightening dengan Bahan Aktif
senka whip,senka whip,,,,5,Brightening dengan Bahan Aktif
the originote hyalu serum,the originote,serum,hyalu,,1,Skincare Anti-Aging dan Brightening
anessa moisturizer uv sunscreen spf 35 pa mild gel,anessa,"mild gel, moisturizer, sunscreen",,"spf 35 pa, uv",5,Brightening dengan Bahan Aktif
garnier men wasabi foam,garnier men,wasabi foam,,,,
senka whip fresh,senka whip,,,fresh,2,Pembersih Wajah dan Perawatan Jerawat
ponds white beauty facial foam,ponds,facial foam,,white beauty,4,Hidrasi dan Perawatan Kulit Sensitif
wardah uv shield airy smooth sunscreen serum spf 50 pa,wardah,sunscreen serum,,"spf 50 pa, uv shield airy smooth",5,Brightening dengan Bahan Aktif
wardah cica panthenol ceramide calm soothe gel moisturizer,wardah,gel moisturizer,"cica, panthenol ceramide",calm soothe,,
senka whip rose facial foam hyaluronic acid untuk membersihkan kotoran wajah,senka whip,facial foam,"hyaluronic acid, rose",untuk membersihkan kotoran wajah,,
senka hydration hero deep moisturizer serum gel cream whip,"senka, whip",moisturizer serum gel cream,,hydration hero deep,2,Pembersih Wajah dan Perawatan Jerawat
glad2glow pomegranate niacinamide brightening toner white mencerahkan meratakan warna kulit tekstur watery mudah menyerap,glad2glow,toner,pomegranate niacinamide,"brightening, white mencerahkan meratakan warna kulit tekstur watery mudah menyerap",,
cerave smoothing cleanser salicylic acid ceramide face wash bumpy skin,cerave,"cleanser, face wash",salicylic acid ceramide,"bumpy skin, smoothing",4,Hidrasi dan Perawatan Kulit Sensitif
glad2glow peach retinol serum,glad2glow,serum,peach retinol,,3,"Pelembap, Retinol, dan Perlindungan Kulit"
skintific hyaluronic acid barrier essence hydration toner,skintific,"essence, toner",hyaluronic acid,"barrier, hydration",3,"Pelembap, Retinol, dan Perlindungan Kulit"
l oreal paris uvd anti - aging serum glycolic bright 1 konsentrasi mencerahkan wajah kusam menyamarkan noda hitam,l oreal paris,serum,glycolic,"bright 1 konsentrasi mencerahkan wajah kusam menyamarkan noda hitam, uvd anti - aging",,
senka moisturizer serum gel cream,senka,"moisturizer, serum gel cream",,,5,Brightening dengan Bahan Aktif
glad2glow dark spot serum wajah untuk mencerahkan kulit menyamarkan noda hitam,glad2glow,serum wajah,,"dark spot, untuk mencerahkan kulit menyamarkan noda hitam",,
wardah tranexamic alpha arbutin niacinamide dark spot corrector gel moisturizer,wardah,gel moisturizer,"niacinamide, tranexamic alpha arbutin",dark spot corrector,5,Brightening dengan Bahan Aktif
emina water bright glow gel mencerahkan mengurangi flek hitam menjaga kelembapan memperkuat skin barrier jerawat meredakan kemerahan kulit glowing niacinamide vitamin c moisturizer,emina,"gel, moisturizer, water",niacinamide vitamin c,"bright glow, mencerahkan mengurangi flek hitam, menjaga kelembapan memperkuat skin barrier jerawat meredakan kemerahan kulit glowing",2,Pembersih Wajah dan Perawatan Jerawat
nsc novell smoothing cream,nsc,"cream, novell",,smoothing,3,"Pelembap, Retinol, dan Perlindungan Kulit"
kahf oil jerawat care face wash,kahf,face wash,,oil jerawat care,4,Hidrasi dan Perawatan Kulit Sensitif
senka moisturizer gel cream whip,"senka, whip",moisturizer gel cream,,,4,Hidrasi dan Perawatan Kulit Sensitif
aha lactic acid glycolic malic,aha,,lactic acid glycolic malic,,4,Hidrasi dan Perawatan Kulit Sensitif
serum avoskin your skin bae vitamin c kulit tampak lebih mencerahkan,avoskin your skin bae,serum,vitamin c,kulit tampak lebih mencerahkan,5,Brightening dengan Bahan Aktif
skintific ceramide low ph cleanser facial wash sensitive skin,skintific,cleanser facial wash,ceramide,"low ph, sensitive skin",,
himalaya exfoliating apricot face wash,himalaya,face wash,apricot,exfoliating,,
the originote lip oil serum,the originote,lip oil serum,,,3,"Pelembap, Retinol, dan Perlindungan Kulit"
l oreal paris glycolic bright exfoliant peel peeling solution menyamarkan noda bekas jerawat,l oreal paris,exfoliant peel,glycolic,"bright, peeling solution menyamarkan noda bekas jerawat",2,Pembersih Wajah dan Perawatan Jerawat
cetaphil cleanser,cetaphil,cleanser,,,2,Pembersih Wajah dan Perawatan Jerawat
hanasui collagen sunscreen,hanasui,sunscreen,collagen,,3,"Pelembap, Retinol, dan Perlindungan Kulit"
senka white facial foam hyaluronic acid untuk membersihkan kotoran wajah,senka,facial foam,hyaluronic acid,"untuk membersihkan kotoran wajah, white",3,"Pelembap, Retinol, dan Perlindungan Kulit"
ponds white beauty clean,ponds,,,"clean, white beauty",,
somethinc ceramic skin saviour moisturizer gel,somethinc,moisturizer gel,ceramic,skin saviour,2,Pembersih Wajah dan Perawatan Jerawat
the originote ceraluronic essence toner,the originote,essence toner,ceraluronic,,3,"Pelembap, Retinol, dan Perlindungan Kulit"
cetaphil moisturizing cream,cetaphil,cream,,moisturizing,,
y o u radiance glow illuminating serum pencerah kulit vitamin c niacinamide sakura untuk mencerahkan bercahaya,y o u,serum,vitamin c niacinamide sakura,"pencerah kulit, radiance glow illuminating, untuk mencerahkan bercahaya",2,Pembersih Wajah dan Perawatan Jerawat
hada labo gokujyun ultimate moisturizing light lotion,hada labo gokujyun,lotion,,ultimate moisturizing light,2,Pembersih Wajah dan Perawatan Jerawat
cetaphil cleanser,cetaphil,cleanser,,,,
glad2glow centella allantoin soothing gel moisturizer,glad2glow,gel moisturizer,centella allantoin,soothing,2,Pembersih Wajah dan Perawatan Jerawat
senka whip berry bright facial foam hyaluronic acid untuk membersihkan kotoran wajah,senka whip,facial foam,"berry, hyaluronic acid","bright, untuk membersihkan kotoran wajah",,
senka whip jerawat care facial foam hyaluronic acid untuk membersihkan kotoran wajah,senka whip,facial foam,hyaluronic acid,"jerawat care, untuk membersihkan kotoran wajah",2,Pembersih Wajah dan Perawatan Jerawat
nivea sun protect white instant aura serum spf50,nivea,serum,,"spf50, sun protect white instant aura",3,"Pelembap, Retinol, dan Perlindungan Kulit"
wardah renew you anti - aging facial wash,wardah,facial wash,,renew you anti - aging,,
loreal uv defender matte fresh,loreal,,,uv defender matte fresh,5,Brightening dengan Bahan Aktif
senka whip facial foam hyaluronic acid untuk membersihkan kotoran wajah,senka whip,facial foam,hyaluronic acid,untuk membersihkan kotoran wajah,,
skintific matte fit serum sunscreen spf50 pa,skintific,serum sunscreen,,"matte fit, spf50 pa",,
cetaphil brightening night comfort cream,cetaphil,cream,,brightening night comfort,5,Brightening dengan Bahan Aktif
viva milk cleanser bengkuang,viva,cleanser,"bengkuang, milk",,4,Hidrasi dan Perawatan Kulit Sensitif
senka whip white facial foam hyaluronic acid untuk membersihkan kotoran wajah,senka whip,facial foam,hyaluronic acid,"untuk membersihkan kotoran wajah, white",,
arbutin beta white,,,arbutin beta,white,4,Hidrasi dan Perawatan Kulit Sensitif
senka white facial foam hyaluronic acid untuk membersihkan kotoran wajah,senka,facial foam,hyaluronic acid,"untuk membersihkan kotoran wajah, white",1,Skincare Anti-Aging dan Brightening
topicare cleanser,topicare,cleanser,,,2,Pembersih Wajah dan Perawatan Jerawat
wardah uv shield jerawat calming sunscreen moisturizer spf 35 pa,wardah,sunscreen moisturizer,,"spf 35 pa, uv shield jerawat calming",,
glad2glow blueberry ceramide skin barrier repair moisturizer,glad2glow,moisturizer,"blueberry, ceramide",skin barrier repair,1,Skincare Anti-Aging dan Brightening
you acneplus gentle gel cleanser sabun cuci wajah untuk kulit berminyak jerawat,you,acneplus gentle gel cleanser sabun cuci wajah,,untuk kulit berminyak jerawat,2,Pembersih Wajah dan Perawatan Jerawat
cosrx aha bha clarifying treatment toner,cosrx,toner,aha bha,clarifying treatment,,
senka whip fresh white,senka whip,,,fresh white,2,Pembersih Wajah dan Perawatan Jerawat
parasol gel,parasol gel,,,,3,"Pelembap, Retinol, dan Perlindungan Kulit"
cerave moisturising cream,cerave,cream,,moisturising,5,Brightening dengan Bahan Aktif
loreal glycolic bright glowing daily cleanser foam,loreal,cleanser foam,glycolic,bright glowing daily,,
nacific foam cleanser,nacific,foam cleanser,,,1,Skincare Anti-Aging dan Brightening
cetaphil moisturizing cream,cetaphil,cream,,moisturizing,,
labore sensitive physical sunscreen,labore,sunscreen,,"physical, sensitive",2,Pembersih Wajah dan Perawatan Jerawat
skintific serum niacinamide brightening,skintific,serum,niacinamide,brightening,3,"Pelembap, Retinol, dan Perlindungan Kulit"
parasol face sunscreen cream,parasol,face sunscreen cream,,,,
amaterasun uv sunscreen serum spf 50 pa,amaterasun,sunscreen serum,,"spf 50 pa, uv",4,Hidrasi dan Perawatan Kulit Sensitif
wardah amino calm soothe gel cleanser facial wash lembut extract,wardah,gel cleanser facial wash,amino,"calm soothe, lembut extract",,
sikat wajah silicone cleanser facial cleaning lembut,,"cleanser, sikat wajah",silicone,facial cleaning lembut,,
senka whip facial foam hyaluronic acid untuk membersihkan kotoran wajah,senka whip,facial foam,hyaluronic acid,untuk membersihkan kotoran wajah,5,Brightening dengan Bahan Aktif
avoskin miraculous refining serum aha bha niacinamide ceramide exfoliating untuk kulit mencerahkan lembut,avoskin miraculous,refining serum,"aha, bha, niacinamide ceramide",exfoliating untuk kulit mencerahkan lembut,,
l oreal paris glycolic bright anti dark spot serum mencerahkan kulit menghilangkan noda hitam niacinamide,l oreal paris,serum,"glycolic, niacinamide","bright anti dark spot, mencerahkan kulit menghilangkan noda hitam",4,Hidrasi dan Perawatan Kulit Sensitif
cetaphil brightnes cleanser,cetaphil,cleanser,,brightnes,,
melanox white cream,melanox,cream,,white,,
acnemed care gel,acnemed care,gel,,,,
garnier white foam,garnier,foam,,white,1,Skincare Anti-Aging dan Brightening
the originote brightening moisturizer,the originote,moisturizer,,brightening,,
garnier light complete brightening foam,garnier,foam,,light complete brightening,2,Pembersih Wajah dan Perawatan Jerawat
cosrx moisturizing lotion birch sap,cosrx,lotion,birch sap,moisturizing,,
you acneplus spot care pro serum obat totol jerawat bekas,you,acneplus spot care pro serum obat totol,,jerawat bekas,,
cetaphil healthy radiance brightness toner,cetaphil,toner,,healthy radiance brightness,,
cerave moisturising cream,cerave,cream,,moisturising,5,Brightening dengan Bahan Aktif
physiogel cream,physiogel,cream,,,5,Brightening dengan Bahan Aktif
somethinc biospicule advanced renewal serum untuk kulit halus mulus growth factor hyaluronic acid,somethinc,serum,"biospicule, growth factor hyaluronic acid","advanced renewal, untuk kulit halus mulus",1,Skincare Anti-Aging dan Brightening
elformula cerahydro barrier moisturizer gel,elformula,moisturizer gel,,cerahydro barrier,,
glycolic acid asam glikolat,,,"asam glikolat, glycolic acid",,5,Brightening dengan Bahan Aktif
reticor cream,reticor,cream,,,,
skin aqua uv moisturizer milk spf 50,skin aqua,moisturizer,milk,"spf 50, uv",,
kahf brightening and texture refining face serum,kahf,face serum,,brightening and texture refining,1,Skincare Anti-Aging dan Brightening
wardah uv shield jerawat calming sunscreen spf50,wardah,sunscreen,,"spf50, uv shield jerawat calming",2,Pembersih Wajah dan Perawatan Jerawat
amaterasun spf uv sunscreen cream 50 pa untuk kulit normal kering,amaterasun,sunscreen cream,,"50 pa untuk kulit normal kering, spf uv",2,Pembersih Wajah dan Perawatan Jerawat
nourish jerawat,nourish,,,jerawat,2,Pembersih Wajah dan Perawatan Jerawat
la roche posay,la roche posay,,,,4,Hidrasi dan Perawatan Kulit Sensitif
cerave moisturising cream,cerave,cream,,moisturising,3,"Pelembap, Retinol, dan Perlindungan Kulit"
the originote jerawat serum untuk salicylic acid panthenol tamanu oil melawan bakteri,the originote,serum,salicylic acid panthenol tamanu oil,"jerawat, melawan bakteri, untuk",,
hanasui vitamin c collagen serum mencerahkan kulit mengencangkan anti - aging diformulasikan kembali untuk hasil optimal,hanasui,serum,vitamin c collagen,mencerahkan kulit mengencangkan anti - aging diformulasikan kembali untuk hasil optimal,,
skintific massager lifting eye cream gel,skintific,cream gel,,massager lifting eye,,
skintific acid peeling solution serum aha bha pha lha untuk kulit halus mencerahkan bebas komedo,skintific,serum,"acid, aha, bha, pha lha","peeling solution, untuk kulit halus mencerahkan bebas komedo",,
la roche posay cica plast gel,la roche posay,plast gel,cica,,,
ceradan ceramide gentle cleanser pump,ceradan,gentle cleanser pump,ceramide,,,
acnes creamy wash vitamin c,acnes creamy,wash,vitamin c,,,
skintific niacinamide brightening moisturizer gel,skintific,moisturizer gel,niacinamide,brightening,,
skintific acid jerawat gel cleanser,skintific,gel cleanser,acid,jerawat,3,"Pelembap, Retinol, dan Perlindungan Kulit"
senka whip facial foam hyaluronic acid untuk membersihkan kotoran wajah,senka whip,facial foam,hyaluronic acid,untuk membersihkan kotoran wajah,1,Skincare Anti-Aging dan Brightening
hanasui ceramide probiotics moisturizer gel,hanasui,moisturizer gel,ceramide probiotics,,,
senka moisturizer ha serum,senka,"moisturizer, serum",ha,,2,Pembersih Wajah dan Perawatan Jerawat
senka whip jerawat care,senka whip,,,jerawat care,4,Hidrasi dan Perawatan Kulit Sensitif
la roche posay hyalu eye serum mata untuk menyamarkan kerutan meningkatkan kekencangan kulit,la roche posay,eye serum,hyalu,mata untuk menyamarkan kerutan meningkatkan kekencangan kulit,,
labore acnepro sebum jerawat cleansing,labore acnepro,sebum,,jerawat cleansing,,
nivea pelembap untuk semua jenis kulit anak dewasa eucerit,nivea,pelembap,eucerit,untuk semua jenis kulit anak dewasa,5,Brightening dengan Bahan Aktif
mild up sun spf50 pa,,,,mild up sun spf50 pa,,
kelly pearl cream,kelly pearl,cream,,,,
cetaphil skin restoring moisturizer cream,cetaphil,moisturizer cream,,skin restoring,,
emina bright stuff face wash,emina,stuff face wash,,bright,,
ceradan skin barrier cream,ceradan,cream,,skin barrier,1,Skincare Anti-Aging dan Brightening
skintific aqua light daily spf 35 sunscreen,skintific,sunscreen,aqua,light daily spf 35,3,"Pelembap, Retinol, dan Perlindungan Kulit"
anessa night sun care serum,anessa,serum,,night sun care,5,Brightening dengan Bahan Aktif
senka whip vitamin c facial foam hyaluronic acid untuk membersihkan kotoran wajah,senka whip,facial foam,"hyaluronic acid, vitamin c",untuk membersihkan kotoran wajah,2,Pembersih Wajah dan Perawatan Jerawat
pond age miracle hexyl retinol niacinamide night cream,pond,cream,"age, hexyl retinol niacinamide","miracle, night",4,Hidrasi dan Perawatan Kulit Sensitif
garnier men acno fight anti jerawat,garnier men,,,acno fight anti jerawat,1,Skincare Anti-Aging dan Brightening
nutrafor jerawat facial wash,nutrafor,facial wash,,jerawat,2,Pembersih Wajah dan Perawatan Jerawat
emina water calming gel mencerahkan mengurangi flek hitam menjaga kelembapan memperkuat skin barrier jerawat meredakan kemerahan kulit glowing niacinamide vitamin c moisturizer,emina,"gel, moisturizer, water",niacinamide vitamin c,"calming, mencerahkan mengurangi flek hitam, menjaga kelembapan memperkuat skin barrier jerawat meredakan kemerahan kulit glowing",2,Pembersih Wajah dan Perawatan Jerawat
senka whip white,senka whip,,,white,,
amaterasun uv waterbarrier spf 35 pa sunscreen wudhu,amaterasun,sunscreen,,"uv waterbarrier spf 35 pa, wudhu",,
you radiance glow advanced day cream,you,cream,,radiance glow advanced day,1,Skincare Anti-Aging dan Brightening
skintific zero oil cleansing balm cleanser makeup sekali bersih total tanpa residu tidak menyumbat pori nyaman digunakan untuk kulit berminyak,skintific,balm cleanser,,"makeup sekali bersih total tanpa residu tidak menyumbat pori nyaman digunakan untuk kulit berminyak, zero oil cleansing",2,Pembersih Wajah dan Perawatan Jerawat
amaterasun brightening sunscreen spf 50 pa tone up,amaterasun,"sunscreen, tone up",,"brightening, spf 50 pa",,
round lab birch juice moisturizing gel cleanser,round lab,gel cleanser,birch juice,moisturizing,2,Pembersih Wajah dan Perawatan Jerawat
cosrx low ph morning gel,cosrx,gel,,"low ph, morning",,
azarine calm my jerawat sunscreen moisturizer spf35 pa,azarine,sunscreen moisturizer,,"calm my jerawat, spf35 pa",,
cosrx peptide skin booster serum,cosrx,serum,peptide,skin booster,,
judydoll sunscreen 03 warm beige moisturizer essence tone up foundation concealer spf 50 pa,judydoll,"moisturizer essence tone up foundation concealer, sunscreen",,"03 warm beige, spf 50 pa",1,Skincare Anti-Aging dan Brightening
himalaya men intense oil clear lemon face wash,himalaya men,face wash,lemon,intense oil clear,3,"Pelembap, Retinol, dan Perlindungan Kulit"
skintific niacinamide brightening moisturizer gel,skintific,moisturizer gel,niacinamide,brightening,2,Pembersih Wajah dan Perawatan Jerawat
garnier micellar water,garnier,micellar water,,,2,Pembersih Wajah dan Perawatan Jerawat
carasun sunscreen healthy matte uv protector spf 50 pa,carasun,sunscreen,,healthy matte uv protector spf 50 pa,4,Hidrasi dan Perawatan Kulit Sensitif
skin aqua tone up uv essence spf50 pa,skin aqua,"essence, tone up",,"spf50 pa, uv",2,Pembersih Wajah dan Perawatan Jerawat
derma facial wash oily skin,derma,facial wash,,oily skin,5,Brightening dengan Bahan Aktif
hada labo shirojyun white milk,hada labo shirojyun,,milk,white,3,"Pelembap, Retinol, dan Perlindungan Kulit"
senka whip collagen facial foam hyaluronic acid untuk membersihkan kotoran wajah,senka whip,facial foam,"collagen, hyaluronic acid",untuk membersihkan kotoran wajah,2,Pembersih Wajah dan Perawatan Jerawat
senka whip white,senka whip,,,white,2,Pembersih Wajah dan Perawatan Jerawat
mediheal madecassosde,mediheal,,madecassosde,,1,Skincare Anti-Aging dan Brightening
senka moisturizer gel cream,senka,moisturizer gel cream,,,1,Skincare Anti-Aging dan Brightening
morris men bright and moisturizer wash,morris men,"moisturizer, wash",,bright and,3,"Pelembap, Retinol, dan Perlindungan Kulit"
round lab birch juice moisturizing sunscreen spf 50 pa,round lab,sunscreen,birch juice,"moisturizing, spf 50 pa",5,Brightening dengan Bahan Aktif
senka whip jerawat care facial foam hyaluronic acid untuk membersihkan kotoran wajah,senka whip,facial foam,hyaluronic acid,"jerawat care, untuk membersihkan kotoran wajah",,
senka whip facial foam hyaluronic acid untuk membersihkan kotoran wajah berminyak,senka whip,facial foam,hyaluronic acid,untuk membersihkan kotoran wajah berminyak,,
emina spf 35 pa jerawat clear cica allantoin airy soothing sunscreen untuk melindungi dari sinar uv kulit berminyak sensitif,emina,sunscreen,cica allantoin,"airy soothing, spf 35 pa jerawat clear, untuk melindungi dari sinar uv kulit berminyak sensitif",3,"Pelembap, Retinol, dan Perlindungan Kulit"
senka whip rose jerawat care,senka whip,,rose,jerawat care,,
labore hydrating face body cleanser,labore,body cleanser,,hydrating face,3,"Pelembap, Retinol, dan Perlindungan Kulit"
round lab birch juice moisturizing hydra cream,round lab,"cream, hydra",birch juice,moisturizing,1,Skincare Anti-Aging dan Brightening
you day cream,you,cream,,day,,
glad2glow centella salicylic acid jerawat gel cleanser mengontrol minyak berlebih,glad2glow,gel cleanser,centella salicylic acid,"jerawat, mengontrol minyak berlebih",5,Brightening dengan Bahan Aktif
labore jerawat oil correct physical sunscreen spf50 pa pertama perlindungan terkuat dari sinar uva uvb mencegah inflamasi,labore,sunscreen,,"jerawat oil correct physical, spf50 pa pertama perlindungan terkuat dari sinar uva uvb mencegah inflamasi",5,Brightening dengan Bahan Aktif
anessa uv sunscreen milk spf 50 pa,anessa,sunscreen,milk,"spf 50 pa, uv",,
ceradan hydra cream,ceradan,cream,,hydra,2,Pembersih Wajah dan Perawatan Jerawat
kahf oil and jerawat care face wash,kahf,face wash,,oil and jerawat care,1,Skincare Anti-Aging dan Brightening
clean clear foaming facial wash,clean clear,foaming facial wash,,,5,Brightening dengan Bahan Aktif
kahf toning face spray,kahf,toning face spray,,,5,Brightening dengan Bahan Aktif
wardah renew you serum,wardah,serum,,renew you,3,"Pelembap, Retinol, dan Perlindungan Kulit"
herborist skin body serum apple brocolli,herborist,skin body serum,apple brocolli,,4,Hidrasi dan Perawatan Kulit Sensitif
kahf triple protection sunscreen moisturizer spf 30 pa,kahf,sunscreen moisturizer,,"spf 30 pa, triple protection",5,Brightening dengan Bahan Aktif
anessa uv sunscreen milk spf 50 pa,anessa,sunscreen,milk,"spf 50 pa, uv",5,Brightening dengan Bahan Aktif
round lab toner penyegar kulit wajah botanical panthenol betaine allantoin untuk kelembapan kehalusan,round lab,toner,"botanical, panthenol betaine allantoin","penyegar kulit wajah, untuk kelembapan kehalusan",,
skintific salicylic acid anti jerawat serum niacinamide pionin centella ceramide peptide hyaluronic,skintific,serum,"niacinamide pionin centella ceramide peptide hyaluronic, salicylic acid",anti jerawat,,
l oreal paris glycolic bright anti dark spot daily uv spf 50 untuk menyamarkan bekas jerawat noda hitam,l oreal paris,,"50, glycolic","bright anti dark spot daily uv, spf, untuk menyamarkan bekas jerawat noda hitam",5,Brightening dengan Bahan Aktif
la roche posay peeling cleanser face wash anti noda hitam,la roche posay,peeling cleanser face wash,,anti noda hitam,4,Hidrasi dan Perawatan Kulit Sensitif
cetaphil daily exfoliating cleanser,cetaphil,cleanser,,daily exfoliating,,
labore jerawat oil correct physical sunscreen spf50 pa pertama perlindungan terkuat dari sinar uva uvb mencegah inflamasi,labore,sunscreen,,"jerawat oil correct physical, spf50 pa pertama perlindungan terkuat dari sinar uva uvb mencegah inflamasi",,
la roche posay retinol serum,la roche posay,serum,retinol,,5,Brightening dengan Bahan Aktif
la roche posay hyalu serum,la roche posay,serum,hyalu,,,
the originote hyalucera moisturizer gel,the originote,moisturizer gel,hyalucera,,4,Hidrasi dan Perawatan Kulit Sensitif
leika aha bha night cream serum face soap khusus mengatasi milia angkat sel kulit mati penghilang syiringoma paling ampuh bintik putih wajah,leika,cream serum face soap,aha bha,"bintik putih wajah, khusus mengatasi milia angkat sel kulit mati penghilang syiringoma paling ampuh, night",2,Pembersih Wajah dan Perawatan Jerawat
facial foam glutathione cleanser wajah kolagen untuk kulit mencerahkan lembut terhidrasi,facial foam,cleanser wajah,"glutathione, kolagen",untuk kulit mencerahkan lembut terhidrasi,,
hanasui serum vitamin c collagen,hanasui,serum,"collagen, vitamin c",,4,Hidrasi dan Perawatan Kulit Sensitif
poise facial foam,poise,facial foam,,,,
ovale lemon,ovale,,lemon,,4,Hidrasi dan Perawatan Kulit Sensitif
wardah facial foam bright,wardah,facial foam,,bright,4,Hidrasi dan Perawatan Kulit Sensitif
pond facial foam white,pond,facial foam,,white,2,Pembersih Wajah dan Perawatan Jerawat
serum revitalizing membantu mengurangi bopeng regenerasi kulit wajah,,serum,,"membantu mengurangi bopeng regenerasi kulit wajah, revitalizing",,
toner chamomille hydrating pencerah wajah penghilang mata panda,,toner,chamomille,hydrating pencerah wajah penghilang mata panda,,
hanasui peeling serum,hanasui,serum,,peeling,,
kahf men facial foam oil and jerawat care,kahf men,facial foam,,oil and jerawat care,1,Skincare Anti-Aging dan Brightening
wardah facial foam lightening,wardah,facial foam,,lightening,,
viva cleansing milk,viva,,milk,cleansing,1,Skincare Anti-Aging dan Brightening
clean clear facial wash natural bright,clean clear,facial wash,,natural bright,,
pond day cream,pond,cream,,day,,
wardah pure olive oil,wardah,,pure olive oil,,5,Brightening dengan Bahan Aktif
leika glowing day cream night mencerahkan perawatan wajah berminyak niacinamide menyembuhkan mengencangkan,leika,cream,niacinamide,"glowing day, mencerahkan perawatan wajah berminyak, menyembuhkan mengencangkan, night",,
leika aha bha night cream serum glowing day,leika,cream serum,aha bha,"glowing day, night",,
wardah facial foam bright oil control,wardah,facial foam,,bright oil control,5,Brightening dengan Bahan Aktif
fairnlovely,fairnlovely,,,,5,Brightening dengan Bahan Aktif
wardah moisturizer defense mousse,wardah,moisturizer,,defense mousse,4,Hidrasi dan Perawatan Kulit Sensitif
garnier men anti spot polution,garnier men,,,"anti spot, polution",,
banana boat long wearing moisturizer sunscreen spf,banana boat,moisturizer sunscreen,,"long wearing, spf",3,"Pelembap, Retinol, dan Perlindungan Kulit"
wardah brght night cream,wardah,cream,,brght night,2,Pembersih Wajah dan Perawatan Jerawat
banana boat ultra protect ultramist sunscreen spf 50,banana boat,sunscreen,,"spf 50, ultra protect ultramist",,
hadalabo tamagohada facial foam,hadalabo tamagohada,facial foam,,,,
sabun wajah facial wash kopi,,sabun wajah facial wash,kopi,,,
nivea men vitamin scrub extra bright,nivea men,scrub,vitamin,extra bright,,
facial wash madu sr12 cleanser wajah lembut melembapkan menenangkan kulit,,"cleanser, facial wash",madu sr12,wajah lembut melembapkan menenangkan kulit,,
sari ayu facial foam bright skin putih langsat,sari ayu,facial foam,,bright skin putih langsat,5,Brightening dengan Bahan Aktif
ponds facial scrub clear solution,ponds,facial scrub,,clear solution,,
nivea men vitamin scrub extra bright,nivea men,scrub,vitamin,extra bright,,
pond facial foam jerawat solution,pond,facial foam,,jerawat solution,3,"Pelembap, Retinol, dan Perlindungan Kulit"
wardah lightening day cream,wardah,cream,,lightening day,,
ponds facial foam bright beauty serum,ponds,"facial foam, serum",,bright beauty,4,Hidrasi dan Perawatan Kulit Sensitif
viva face tonic cucumber,viva,face tonic,cucumber,,4,Hidrasi dan Perawatan Kulit Sensitif
ms glow luminous white night cream,ms glow,cream,,luminous white night,4,Hidrasi dan Perawatan Kulit Sensitif
hadalabo gokujyun facial foam,hadalabo gokujyun,facial foam,,,,
ponds white beauty day cream,ponds,cream,,white beauty day,2,Pembersih Wajah dan Perawatan Jerawat
nivea men facial foam oil clear jerawat defense,nivea men,facial foam,,oil clear jerawat defense,,
safi hydra glow hydrating water cleanser,safi,water cleanser,,hydra glow hydrating,,
y o u amino anti jerawat,y o u,,amino,anti jerawat,2,Pembersih Wajah dan Perawatan Jerawat
suncare cream pelindung matahari,suncare,cream,,pelindung matahari,1,Skincare Anti-Aging dan Brightening
facial wash pencerah wajah anti kusam melembapkan,,facial wash,,"anti kusam melembapkan, pencerah wajah",5,Brightening dengan Bahan Aktif
ovale white cleanser wajah,ovale,cleanser wajah,,white,4,Hidrasi dan Perawatan Kulit Sensitif
sr12 nature rose water face mist toner untuk melembapkan menyegarkan mencerahkan kulit,sr12 nature,face mist toner,rose water,untuk melembapkan menyegarkan mencerahkan kulit,1,Skincare Anti-Aging dan Brightening
wardah face toner lightening,wardah,face toner,,lightening,,
pond facial foam jerawat solution,pond,facial foam,,jerawat solution,3,"Pelembap, Retinol, dan Perlindungan Kulit"
leika serum aha bha khusus milia bruntusan hitam mencerahkan wajah memudarkan kering komedo,leika,serum,aha bha,khusus milia bruntusan hitam mencerahkan wajah memudarkan kering komedo,,
facial cottton,,facial cottton,,,3,"Pelembap, Retinol, dan Perlindungan Kulit"
facial wash sabun wajah pencerah,,"facial wash, sabun wajah",,pencerah,5,Brightening dengan Bahan Aktif
leika toner facial wash,leika,toner facial wash,,,,
wardah facial foam bright smoothing,wardah,facial foam,,bright smoothing,,
wardah cica panthenol gel moisturizer,wardah,gel moisturizer,"cica, panthenol",,,
wardah day cream,wardah,cream,,day,,
hanasui serum white,hanasui,serum,,white,3,"Pelembap, Retinol, dan Perlindungan Kulit"
wardah facial foam lightening,wardah,facial foam,,lightening,,
daily protection banana boat ultra protect ultramist sunscreen spf 50,banana boat,sunscreen,,"daily protection, spf 50, ultra protect ultramist",,
nivea sun face serum extra protect,nivea,sun face serum,,extra protect,3,"Pelembap, Retinol, dan Perlindungan Kulit"
wardah facial foam hydra rose gel cleanser100ml,wardah,"facial foam, gel cleanser100ml",rose,hydra,4,Hidrasi dan Perawatan Kulit Sensitif
banana boat sunblock ultra spf 50,banana boat,sunblock,,ultra spf 50,,
sunblock spf 30 tabir surya melindungi dari sinar uv mencerahkan melembapkan kulit,,"sunblock, tabir surya",,"melindungi dari sinar uv mencerahkan melembapkan kulit, spf 30",,
nivea men extra bright vitamin scrup,nivea men,scrup,vitamin,extra bright,3,"Pelembap, Retinol, dan Perlindungan Kulit"
ponds bright beauty,ponds,,,bright beauty,5,Brightening dengan Bahan Aktif
viva cleansing milk bengkuang,viva,,milk bengkuang,cleansing,,
glow lovely facial foam multi vitamin,glow lovely,facial foam,multi vitamin,,5,Brightening dengan Bahan Aktif
emina face wash acneprone,emina,face wash,,acneprone,3,"Pelembap, Retinol, dan Perlindungan Kulit"
skin aqua uv moisturizer gel spf30,skin aqua,moisturizer gel,,"spf30, uv",4,Hidrasi dan Perawatan Kulit Sensitif
emina bright stuff serum,emina,stuff serum,,bright,,
cleanser,,cleanser,,,4,Hidrasi dan Perawatan Kulit Sensitif
garnier facial foam light complete,garnier,facial foam,,light complete,3,"Pelembap, Retinol, dan Perlindungan Kulit"
nivea sparkling bright foam,nivea,foam,,sparkling bright,4,Hidrasi dan Perawatan Kulit Sensitif
kahf men triple action,kahf men,,,triple action,,
hanasui moisturizer gel 10xceramide probiotic,hanasui,moisturizer gel,10xceramide probiotic,,,
leika ultra guard sunscreen spf 40 pa,leika,sunscreen,,"spf 40 pa, ultra guard",,
wardah uvshield tone up sunscreen spf50,wardah,tone up sunscreen,,"spf50, uvshield",2,Pembersih Wajah dan Perawatan Jerawat
clean clear oil control,clean clear,,,oil control,,
kahf face wash exfoliating,kahf,face wash,,exfoliating,,
ponds facial foam bright beauty,ponds,facial foam,,bright beauty,,
facial wash green tea cleanser wajah berminyak pencerah,,"cleanser, facial wash",green tea,wajah berminyak pencerah,3,"Pelembap, Retinol, dan Perlindungan Kulit"
ponds men power clear,ponds men,,,power clear,2,Pembersih Wajah dan Perawatan Jerawat
leika aha bha night cream face soap glowing day,leika,cream face soap,aha bha,"glowing day, night",4,Hidrasi dan Perawatan Kulit Sensitif
banana boat aloe vera gel sun moisturizer,banana boat,"gel, moisturizer",aloe vera,sun,4,Hidrasi dan Perawatan Kulit Sensitif
leika glowing serum facial wash membersihkan mencerahkan pelembab pencerah perawatan wajah,leika,"pelembab, serum facial wash",,"glowing, membersihkan mencerahkan, pencerah perawatan wajah",3,"Pelembap, Retinol, dan Perlindungan Kulit"
shinzui facial wash jerawat calm,shinzui,facial wash,,jerawat calm,3,"Pelembap, Retinol, dan Perlindungan Kulit"
viva cleansing milk lemon,viva,,milk lemon,cleansing,,
garnier men acno fight,garnier men,,,acno fight,,
viva face tonic bengkuang,viva,face tonic,bengkuang,,3,"Pelembap, Retinol, dan Perlindungan Kulit"
garnier men acno fight,garnier men,,,acno fight,,
pond clear solution,pond,,,clear solution,4,Hidrasi dan Perawatan Kulit Sensitif
wardah facial foam,wardah,facial foam,,,1,Skincare Anti-Aging dan Brightening
wardah lightening night cream,wardah,cream,,lightening night,,
viva waterdrop sleeping mask,viva,"mask, waterdrop",,sleeping,,
leika basic pack glowing day cream night toner,leika,"cream, toner",,"basic pack glowing day, night",,
leika skin neutralizer menetralkan kulit wajah mencerahkan ceramide vitamin mengencangkan pelembab berminyak,leika,pelembab,ceramide vitamin,"berminyak, mengencangkan, skin neutralizer menetralkan kulit wajah mencerahkan",2,Pembersih Wajah dan Perawatan Jerawat
himalaya face wash detox charcoal,himalaya,face wash,charcoal,detox,,
ovale facial lotion white,ovale,facial lotion,,white,2,Pembersih Wajah dan Perawatan Jerawat
kahf men facial foam skin energizing,kahf men,facial foam,,skin energizing,4,Hidrasi dan Perawatan Kulit Sensitif
ponds brightbeautysrm day cream,ponds,cream,,brightbeautysrm day,4,Hidrasi dan Perawatan Kulit Sensitif
wardah lightening night cream,wardah,cream,,lightening night,5,Brightening dengan Bahan Aktif
cream essense day night penghilang flek noda hitam,,"cream, essense",,"day night, penghilang flek noda hitam",4,Hidrasi dan Perawatan Kulit Sensitif
leika glowing night cream facial wash,leika,cream facial wash,,glowing night,,
banana boat sunscreen spray spf,banana boat,sunscreen spray,,spf,,
sabun wajah madu,,sabun wajah,madu,,4,Hidrasi dan Perawatan Kulit Sensitif
ponds men white boost,ponds men,,,white boost,,
marina face cream bright booster,marina,face cream,,bright booster,,
wardah milk cleanser lightening,wardah,cleanser,milk,lightening,,
facial cottton,,facial cottton,,,2,Pembersih Wajah dan Perawatan Jerawat
viva face tonic green tea,viva,face tonic,green tea,,2,Pembersih Wajah dan Perawatan Jerawat
pond facial foam white beauty,pond,facial foam,,white beauty,,
leika glowing serum toner,leika,serum toner,,glowing,,
ponds pure bright foam,ponds,foam,,pure bright,,
ponds men facial foam lightening,ponds men,facial foam,,lightening,,
garnier serum light comp,garnier,serum,,light comp,1,Skincare Anti-Aging dan Brightening
nivea sun face serum extra protect oil control,nivea,sun face serum,,extra protect oil control,4,Hidrasi dan Perawatan Kulit Sensitif
pemula flek hitam ceramide sabun kopi suncare,,"sabun, suncare","ceramide, kopi",pemula flek hitam,3,"Pelembap, Retinol, dan Perlindungan Kulit"
hadalabo gokujyun facial foam,hadalabo gokujyun,facial foam,,,,
garnier men charchoal,garnier men,,charchoal,,2,Pembersih Wajah dan Perawatan Jerawat
ponds men white boost,ponds men,,,white boost,2,Pembersih Wajah dan Perawatan Jerawat
himalaya men facial foam intense oil clear lemon,himalaya men,facial foam,lemon,intense oil clear,4,Hidrasi dan Perawatan Kulit Sensitif
wardah uv shield sunscreen gel spf35,wardah,sunscreen gel,,"spf35, uv shield",3,"Pelembap, Retinol, dan Perlindungan Kulit"
hadalabo shirojyun facial foam,hadalabo shirojyun,facial foam,,,4,Hidrasi dan Perawatan Kulit Sensitif
wardah facial wash ahawpha,wardah,facial wash,ahawpha,,4,Hidrasi dan Perawatan Kulit Sensitif
kahf men sun screen stick spf,kahf men,sun screen stick,,spf,2,Pembersih Wajah dan Perawatan Jerawat
wardah renew you anti - aging intensive serum,wardah,serum,,renew you anti - aging intensive,,
wardah day cream,wardah,cream,,day,2,Pembersih Wajah dan Perawatan Jerawat
marina facial foam hydra lock,marina,facial foam,,hydra lock,5,Brightening dengan Bahan Aktif
banana boat aloe vera gel sun moisturizer,banana boat,"gel, moisturizer",aloe vera,sun,1,Skincare Anti-Aging dan Brightening
kahf men facial foam,kahf men,facial foam,,,5,Brightening dengan Bahan Aktif
nivea men facial foam bright oil clear shine,nivea men,facial foam,,"bright oil clear, shine",,
wardah facial foam bright oil control,wardah,facial foam,,bright oil control,3,"Pelembap, Retinol, dan Perlindungan Kulit"
leika glowing day cream facial wash,leika,cream facial wash,,glowing day,1,Skincare Anti-Aging dan Brightening
ovale facial lotion lemon,ovale,facial lotion,lemon,,,
wardah lightening exfoliator,wardah,exfoliator,,lightening,4,Hidrasi dan Perawatan Kulit Sensitif
leika basic pack glowing day cream night serum,leika,"cream, serum",,"basic pack glowing day, night",3,"Pelembap, Retinol, dan Perlindungan Kulit"
wardah renew anti - aging night,wardah,,,"anti - aging night, renew",,
facial cottton,,facial cottton,,,,
wardah facial foam bright oil control,wardah,facial foam,,bright oil control,5,Brightening dengan Bahan Aktif
rexona dry serum fresh sakura,rexona,serum,sakura,"dry, fresh",5,Brightening dengan Bahan Aktif
banana boat simply protect aqua sensitive sunscreen lotion spf 50,banana boat,sunscreen lotion,,"simply protect aqua sensitive, spf 50",2,Pembersih Wajah dan Perawatan Jerawat
wardah moisturizer defense,wardah,moisturizer,,defense,2,Pembersih Wajah dan Perawatan Jerawat
ponds age miracle day cream,ponds,cream,,age miracle day,1,Skincare Anti-Aging dan Brightening
dermaster lavijue wrinkle care serum,dermaster lavijue,serum,,wrinkle care,,
diri essentials extra double cleanse cleanser wajah setelah beraktivitas,diri,"cleanser wajah, essentials",,"extra double cleanse, setelah beraktivitas",,
jerawat combo fighter,,,,jerawat combo fighter,3,"Pelembap, Retinol, dan Perlindungan Kulit"
baby pink glowing serum,baby pink,serum,,glowing,3,"Pelembap, Retinol, dan Perlindungan Kulit"
skintific retinol skin renewal moisturizer anti - aging pelembab wajah,skintific,"moisturizer, pelembab wajah",retinol,"anti - aging, skin renewal",5,Brightening dengan Bahan Aktif
safi white expert illuminating day cream spf15 pa,safi,cream,,"spf15 pa, white expert illuminating day",,
biore men scrub,biore men,scrub,,,,
skintific glycolic acid daily clarifying toner,skintific,toner,glycolic acid,daily clarifying,,
brighty aha exfoliating,brighty,,aha,exfoliating,1,Skincare Anti-Aging dan Brightening
glad2glow blueberry ceramide moisturizer wajah untuk melelmbabkan merawat kulit kering,glad2glow,"moisturizer, wajah","blueberry, ceramide",untuk melelmbabkan merawat kulit kering,4,Hidrasi dan Perawatan Kulit Sensitif
skintific ceramide low ph cleanser sabun cuci wajah untuk kulit sensitif barrier repair,skintific,cleanser sabun cuci wajah,ceramide,"barrier repair, low ph, untuk kulit sensitif",5,Brightening dengan Bahan Aktif
avoskin serum tea tree glycolic acid rosemary,avoskin,serum,"glycolic acid rosemary, tea tree",,1,Skincare Anti-Aging dan Brightening
nuxe aquabella exfoliating purifying gel,nuxe aquabella,gel,,exfoliating purifying,1,Skincare Anti-Aging dan Brightening
kahf,kahf,,,,,
wardah light hydrashot intensive moisturizer,wardah,moisturizer,,light hydrashot intensive,2,Pembersih Wajah dan Perawatan Jerawat
ponds bright miracle ultimate clarity cream oily skin,ponds,cream,,"bright miracle ultimate clarity, oily skin",,
you reeffect boost acid renewal peeling serum,you,serum,acid,"reeffect boost, renewal peeling",,
safi white expert skin refiner,safi,,,white expert skin refiner,,
moisturizing facial foam,,facial foam,,moisturizing,,
shizengokochi facial soap,shizengokochi,facial soap,,,,
labore sensitive barrier revive cream,labore,cream,,"barrier revive, sensitive",3,"Pelembap, Retinol, dan Perlindungan Kulit"
dermies max anti - aging facial,dermies max,facial,,anti - aging,4,Hidrasi dan Perawatan Kulit Sensitif
tirtir collagen lifting eye cream,tirtir,cream,collagen,lifting eye,2,Pembersih Wajah dan Perawatan Jerawat
facetology triple care sunscreen spf 40 pa,facetology,sunscreen,,"spf 40 pa, triple care",2,Pembersih Wajah dan Perawatan Jerawat
skintific glow beautyhaul,skintific,,,"beautyhaul, glow",3,"Pelembap, Retinol, dan Perlindungan Kulit"
pigeon teens bangun tidur glowing facial moisturizer,pigeon teens,facial moisturizer,,bangun tidur glowing,,
diri essentials jerawat facial cleanser salicylic acid membersihkan wajah berminyak,diri,"essentials, facial cleanser",salicylic acid,"jerawat, membersihkan wajah berminyak",1,Skincare Anti-Aging dan Brightening
numbuzin pantothenic active soothing cream,numbuzin,cream,pantothenic,active soothing,3,"Pelembap, Retinol, dan Perlindungan Kulit"
dexskin brightening,dexskin,,,brightening,1,Skincare Anti-Aging dan Brightening
saekin moisturizer ceramide centella hyaluronic acid collagen melembabkan mencerahkan kulit sensitif,saekin,moisturizer,ceramide centella hyaluronic acid collagen,melembabkan mencerahkan kulit sensitif,,
scora sheer glow tone up cream,scora sheer,tone up cream,,glow,3,"Pelembap, Retinol, dan Perlindungan Kulit"
biolite cream,biolite,cream,,,,
somethinc low ph gentle jelly cleanser sabun cuci wajah semua jenis kulit kotoran facial wash tidak ketarik skin type sensitive repair barrier,somethinc,"facial wash, gentle jelly cleanser sabun cuci wajah",,"low ph, semua jenis kulit kotoran, tidak ketarik skin type sensitive repair barrier",,
tocobo collagen brightening eye gel cream,tocobo,gel cream,collagen,brightening eye,4,Hidrasi dan Perawatan Kulit Sensitif
the originote low ph cicamide facial cleanser,the originote,facial cleanser,cicamide,low ph,3,"Pelembap, Retinol, dan Perlindungan Kulit"
some mi retinol intense reactivating serum,some mi,serum,retinol,intense reactivating,,
skin sake retinol serum ceramide,skin sake,serum,"ceramide, retinol",,2,Pembersih Wajah dan Perawatan Jerawat
skin sake liquid cream moisturizer zinc pca,skin sake,liquid cream moisturizer,zinc pca,,4,Hidrasi dan Perawatan Kulit Sensitif
facetology triple care sunscreen oily jerawat spf40 pa,facetology,sunscreen,,"oily jerawat spf40 pa, triple care",5,Brightening dengan Bahan Aktif
garnier uv air mist sunscreen spf 50 pa,garnier,air mist sunscreen,,"spf 50 pa, uv",,
innisfree cherry blossom glow tone up cream spf50 pa mencerahkan seketika untuk kulit kusam,innisfree cherry blossom,tone up cream,,"glow, spf50 pa mencerahkan seketika untuk kulit kusam",,
bio oil,bio oil,,,,3,"Pelembap, Retinol, dan Perlindungan Kulit"
nivea sunscreen face serum extra protect instant aura spf50 pa sunblock mencerahkan brightening tone up spf uv harian lightweight gel tekstur ringan cepat meresap tidak lengket no whitecast licorice,nivea,"gel, sunblock, sunscreen face serum, tone up",licorice,"extra protect instant aura spf50 pa, mencerahkan brightening, spf uv harian lightweight, tekstur ringan cepat meresap tidak lengket no whitecast",4,Hidrasi dan Perawatan Kulit Sensitif
erha facial signature timeless youth,erha,facial,,signature timeless youth,,
la roche posay serum intensive anti dark spot,la roche posay,serum,,intensive anti dark spot,,
abib jerawat foam cleanser heartleaf,abib,foam cleanser,heartleaf,jerawat,4,Hidrasi dan Perawatan Kulit Sensitif
wardah makeup flawless coverage bebas kusam cushion moisturizer instant fresh look satin finish cream ringan melembabkan kulit lightening,wardah,"cream, cushion, moisturizer",,"instant fresh look satin finish, makeup flawless coverage bebas kusam, ringan melembabkan kulit lightening",,
b erl mencerahkan anti kusam intense lightening serum menghilangkan flek hitam,b erl,serum,,"mencerahkan anti kusam intense lightening, menghilangkan flek hitam",1,Skincare Anti-Aging dan Brightening
some mi aha bha pha 30 days miracle cream,some mi,cream,aha bha pha,30 days miracle,,
hydrating toner skin booster,,toner,,"hydrating, skin booster",,
wardah glowing skin on your day cushion glasting liquid mascara radiant resurfacing retinal serum collagen moisturizer,wardah,"cushion, liquid, mascara, moisturizer, serum",collagen,"glasting, glowing skin on your day, radiant resurfacing retinal",,
aizen,aizen,,,,1,Skincare Anti-Aging dan Brightening
lagom cellup cleansing water,lagom cellup,cleansing water,,,4,Hidrasi dan Perawatan Kulit Sensitif
aizen in one skin repair barrier,aizen in one,,,"barrier, skin repair",,
b erl intense lightening day cream night,b erl,cream,,"intense lightening day, night",4,Hidrasi dan Perawatan Kulit Sensitif
tocobo cotton soft sun stick spf50 pa,tocobo cotton,soft sun stick,,spf50 pa,,
garniermen turbo light oil scrub,garniermen,oil scrub,,turbo light,,
animate jerawat solution toner,animate,toner,,jerawat solution,4,Hidrasi dan Perawatan Kulit Sensitif
dermaster lavijue serum clabiane acu derm cream,dermaster lavijue,serum clabiane acu derm cream,,,1,Skincare Anti-Aging dan Brightening
suncut tone up uv essence lavender sunscreen brightening effect,suncut,"essence, sunscreen, tone up",lavender,"brightening effect, uv",,
dorskin cera sunscreen,dorskin,cera sunscreen,,,,
the originote moisturizer,the originote,moisturizer,,,1,Skincare Anti-Aging dan Brightening
biore men jerawat,biore men,,,jerawat,,
facetology triple care sunscreen oily skin spf 40 pa ringan oil control untuk kulit berminyak,facetology,sunscreen,,"oily skin spf 40 pa ringan oil control untuk kulit berminyak, triple care",1,Skincare Anti-Aging dan Brightening
biyu oil control cleanser ph balanced,biyu,cleanser,,"oil control, ph balanced",2,Pembersih Wajah dan Perawatan Jerawat
paper filter,,paper filter,,,3,"Pelembap, Retinol, dan Perlindungan Kulit"
sk ii facial treatment clear lotion,sk ii,lotion,,facial treatment clear,,
bhumi clear,bhumi,,,clear,3,"Pelembap, Retinol, dan Perlindungan Kulit"
house of hur daily skin essence pad,house of hur,essence pad,,daily skin,5,Brightening dengan Bahan Aktif
abib essence calming,abib,essence,,calming,1,Skincare Anti-Aging dan Brightening
avoskin miraculous refining toner,avoskin,toner,,miraculous refining,4,Hidrasi dan Perawatan Kulit Sensitif
elizabeth arden prevage anti - aging eye serum,elizabeth arden,serum,,prevage anti - aging eye,1,Skincare Anti-Aging dan Brightening
b erl kulit melembabkan bebas minyak berminyak perawatan wajah jerawat facial cleanser,b erl,facial cleanser,,kulit melembabkan bebas minyak berminyak perawatan wajah jerawat,5,Brightening dengan Bahan Aktif
bio essence serum,bio,"essence, serum",,,3,"Pelembap, Retinol, dan Perlindungan Kulit"
true to skin sunscreen gel spf 50 pa,true to skin,sunscreen gel,,spf 50 pa,,
isntree hyaluronic acid moisturizer cream,isntree,moisturizer cream,hyaluronic acid,,5,Brightening dengan Bahan Aktif
dear me beauty face wash skin barrier gel ceramide cleanser wajah membersihkan minyak kotoran menjaga melembapkan kulit sensitif kering,dear me beauty,"cleanser wajah, face wash, gel",ceramide,"membersihkan minyak kotoran menjaga melembapkan kulit sensitif kering, skin barrier",5,Brightening dengan Bahan Aktif
skin sake mandelic acid gel membantu mengatasi jerawat noda niacinamide aha exfoliator,skin sake,"exfoliator, gel","aha, mandelic acid, niacinamide",membantu mengatasi jerawat noda,1,Skincare Anti-Aging dan Brightening
skin game extra hydrating toner untuk melembapkan wajah cocok kulit kering,skin game,toner,,"extra hydrating, untuk melembapkan wajah cocok kulit kering",,
sea quill calendula soothing gel membantu menyejukan kulit memperbaiki skin barrier mencerahkan wajah menyembuhkan,sea quill,gel,calendula,"membantu menyejukan kulit memperbaiki skin barrier, mencerahkan wajah menyembuhkan, soothing",2,Pembersih Wajah dan Perawatan Jerawat
beauty of joseon calming serum green tea panthenol,beauty of joseon,serum,green tea panthenol,calming,4,Hidrasi dan Perawatan Kulit Sensitif
esther tea tree serum wajah kulit jerawat,esther,serum wajah,tea tree,kulit jerawat,5,Brightening dengan Bahan Aktif
ceramide purifying toner,,toner,ceramide,purifying,5,Brightening dengan Bahan Aktif
diri sootheme jerawat toner niacinamide panthenol,diri,toner,"niacinamide, panthenol",sootheme jerawat,1,Skincare Anti-Aging dan Brightening
tavi 5 pha bha retexture toner kulit halus glowing,tavi 5,toner,pha bha,"kulit halus glowing, retexture",1,Skincare Anti-Aging dan Brightening
skintific skin reborn cream gel moisturizer pelembab wajah untuk melembapkan memperkuat barrier,skintific,"cream gel moisturizer, pelembab wajah",,"skin reborn, untuk melembapkan memperkuat barrier",3,"Pelembap, Retinol, dan Perlindungan Kulit"
elvicto deep bright face wash,elvicto,face wash,,deep bright,1,Skincare Anti-Aging dan Brightening
cerave facial moisturizing lotion sunscreen day moisturize,cerave,"lotion sunscreen, moisturize",,"day, facial moisturizing",2,Pembersih Wajah dan Perawatan Jerawat
aizen retinal repair skin sun triple facial lotion,aizen,facial lotion,retinal,repair skin sun triple,3,"Pelembap, Retinol, dan Perlindungan Kulit"
labore sensitive topicalm cream,labore,topicalm cream,,sensitive,3,"Pelembap, Retinol, dan Perlindungan Kulit"
aizen retinal facial kerutan,aizen,,retinal,facial kerutan,1,Skincare Anti-Aging dan Brightening
wardah niacinamide bright barrier boost moisturizer gel pelembab mencerahkan repair serum memperbaiki skin,wardah,"moisturizer gel pelembab, serum",niacinamide,"bright barrier boost, memperbaiki skin, mencerahkan repair",1,Skincare Anti-Aging dan Brightening
sk ii ultimate perfecting essence,sk ii,essence,,ultimate perfecting,2,Pembersih Wajah dan Perawatan Jerawat
avoskin alpha arbutin serum,avoskin,serum,alpha arbutin,,4,Hidrasi dan Perawatan Kulit Sensitif
cerave blemish control cleanser daily face jerawat prone skin,cerave,cleanser,,"blemish control, daily, face jerawat prone skin",,
avoskin miraculous refining toner,avoskin,toner,,miraculous refining,,
implora eye serum,implora,serum,,eye,,
the originote brightening moisturizer,the originote,moisturizer,,brightening,,
avoskin panthenol serum,avoskin,serum,panthenol,,,
clinelle milk cleanser,clinelle,cleanser,milk,,,
somethinc sunscreen spf 40 pa,somethinc,sunscreen,,spf 40 pa,5,Brightening dengan Bahan Aktif
skintific skin reborn cream gel moisturizer,skintific,cream gel moisturizer,,skin reborn,,
facerinna niacinamide power bright cleanser,facerinna,cleanser,niacinamide,power bright,,
glow lovely vitamin c foam,glow lovely,foam,vitamin c,,,
lore brightamin serum glowing vitamin pencerah wajah penghilang flek hitam kulit,lore,serum,vitamin,"brightamin, glowing, pencerah wajah penghilang flek hitam kulit",2,Pembersih Wajah dan Perawatan Jerawat
neogen bio peel gauze peeling lemon,neogen bio,peel gauze,lemon,peeling,,
erha acneact wh pore minimizing toner,erha,toner,,acneact wh pore minimizing,2,Pembersih Wajah dan Perawatan Jerawat
mosseru hyaluronic moisturizer serum sunscreen,mosseru,moisturizer serum sunscreen,hyaluronic,,4,Hidrasi dan Perawatan Kulit Sensitif
dermaster foam cleanser,dermaster,foam cleanser,,,,
han river alat facial wajah pemijat perawatan kulit massage,han river,alat facial wajah pemijat,,perawatan kulit massage,2,Pembersih Wajah dan Perawatan Jerawat
skin game theory brightening essence untuk kulit kusam sensitif,skin game theory,essence,,"brightening, untuk kulit kusam sensitif",5,Brightening dengan Bahan Aktif
organic supply co glow renew rose seed oil,organic supply co,,"rose, seed oil",glow renew,2,Pembersih Wajah dan Perawatan Jerawat
innisfree green tea seed hyaluronic cream,innisfree,cream,green tea seed hyaluronic,,3,"Pelembap, Retinol, dan Perlindungan Kulit"
senka beauty soothing,senka,,,beauty soothing,5,Brightening dengan Bahan Aktif
hpr retinol serum,hpr,serum,retinol,,1,Skincare Anti-Aging dan Brightening
animate dark spot white serum,animate,serum,,dark spot white,3,"Pelembap, Retinol, dan Perlindungan Kulit"
wardah uv shield essential gel sunscreen spf 30,wardah,essential gel sunscreen,,"spf 30, uv shield",,
pinkberry hair body mist,pinkberry,hair body mist,,,3,"Pelembap, Retinol, dan Perlindungan Kulit"
viva face tonic green tea jerawat penyegar,viva,face tonic,green tea,jerawat penyegar,4,Hidrasi dan Perawatan Kulit Sensitif
somethinc ceramic skin saviour moisturizer gel pelembab wajah untuk hydrating kulit glowing ceramide,somethinc,"moisturizer gel, pelembab wajah","ceramic, ceramide","skin saviour, untuk hydrating kulit glowing",,
hatomugi skin conditioner,hatomugi,conditioner,,skin,,
adleeva jerawat fighter serum,adleeva,serum,,jerawat fighter,2,Pembersih Wajah dan Perawatan Jerawat
npure cica beat the sun powder,npure,powder,cica,beat the sun,,
skintific niacinamide brightening cleanser facial wash sabun cuci wajah untuk mencerahkan kusam,skintific,cleanser facial wash sabun cuci wajah,niacinamide,"brightening, kusam, untuk mencerahkan",1,Skincare Anti-Aging dan Brightening
skintific ceramide barrier repair moisturizer gel pelembab wajah menjaga skin melembapkan kulit,skintific,moisturizer gel pelembab wajah,ceramide,"barrier repair, menjaga skin melembapkan kulit",,
nivea men vitamin scrub extra bright sabun cuci wajah pria mencerahkan angkat sel kulit mati brightening kusam cleanser membersihkan pori polusi debu kotoran hyaluronic acid,nivea men,"cleanser, sabun cuci wajah pria, scrub","hyaluronic acid, vitamin","extra bright, membersihkan pori polusi debu kotoran, mencerahkan angkat sel kulit mati brightening kusam",,
lore advanced lift perfection serum,lore,serum,,advanced lift perfection,4,Hidrasi dan Perawatan Kulit Sensitif
esther night cream,esther,cream,,night,1,Skincare Anti-Aging dan Brightening
essence,,essence,,,4,Hidrasi dan Perawatan Kulit Sensitif
avoskin skin bae toner niacinamide alpha arbutin,"avoskin, skin bae",toner,"alpha arbutin, niacinamide",,,
elemis collagen day cream,elemis,cream,collagen,day,,
lore jerawat clarifying complex totol salicylic acid hilang tanpa bekas,lore,totol,salicylic acid,"hilang tanpa bekas, jerawat clarifying complex",3,"Pelembap, Retinol, dan Perlindungan Kulit"
dermaster daily wrinkle care brightening,dermaster,,,daily wrinkle care brightening,4,Hidrasi dan Perawatan Kulit Sensitif
animate glow gel strawberry salmon dna,animate,gel,strawberry salmon dna,glow,1,Skincare Anti-Aging dan Brightening
benton snail bee high content skin,benton snail,,bee,high content skin,5,Brightening dengan Bahan Aktif
avoskin retinol toner,avoskin,toner,retinol,,4,Hidrasi dan Perawatan Kulit Sensitif
wardah jerawat,wardah,,,jerawat,,
benton honest cleansing foam,benton,foam,,honest cleansing,2,Pembersih Wajah dan Perawatan Jerawat
abib calming toner skin booster,abib,toner,,"calming, skin booster",1,Skincare Anti-Aging dan Brightening
natur e glow melembabkan meremajakan kulit vitamin astaxanthin peptide meningkatkan produksi kolagen wajah toner moisturizer serum sunscreen spf 45 pa,natur e,"sunscreen, toner moisturizer serum",vitamin astaxanthin peptide,"glow, melembabkan meremajakan kulit, meningkatkan produksi kolagen wajah, spf 45 pa",3,"Pelembap, Retinol, dan Perlindungan Kulit"
jumiso snail mucin peptide facial essence benton aloe propolis soothing gel,"benton, jumiso snail mucin","facial essence, gel","aloe propolis, peptide",soothing,2,Pembersih Wajah dan Perawatan Jerawat
elizabeth arden cream cleanser,elizabeth arden,cream cleanser,,,5,Brightening dengan Bahan Aktif
skin sake brightening memudarkan noda hitam mencerahkan wajar,skin sake,,,brightening memudarkan noda hitam mencerahkan wajar,4,Hidrasi dan Perawatan Kulit Sensitif
skintific ceramide barrier moisturizer gel ringan untuk oil control calming pelembab wajah brightening menjaga skin,skintific,"moisturizer gel, pelembab wajah",ceramide,"barrier, brightening menjaga skin, ringan untuk oil control calming",,
innisfree pha pore refining toner untuk kulit berminyak,innisfree,toner,pha,"pore refining, untuk kulit berminyak",,
diri essentials hydrateme daily barrier moisturizer pelembab perawatan skin untuk semua jenis kulit,diri,"essentials, moisturizer, pelembab",,"hydrateme daily barrier, perawatan skin untuk semua jenis kulit",,
the originote hyalu serum,the originote,serum,hyalu,,,
innisfree retinol cica moisturizer recovery serum,innisfree,moisturizer recovery serum,retinol cica,,3,"Pelembap, Retinol, dan Perlindungan Kulit"
votre peau daily facial sun shield spf 50 pa,votre peau,,,daily facial sun shield spf 50 pa,5,Brightening dengan Bahan Aktif
votre peau brightening essence,votre peau,essence,,brightening,4,Hidrasi dan Perawatan Kulit Sensitif
labore sensitive cleanser,labore,cleanser,,sensitive,,
tavi gel cleanser,tavi,"cleanser, gel",,,1,Skincare Anti-Aging dan Brightening
pigeon teens facial foam jerawat care,pigeon teens,facial foam,,jerawat care,,
emina bright exfoliating toner,emina,toner,,"bright, exfoliating",3,"Pelembap, Retinol, dan Perlindungan Kulit"
anua heartleaf soothing toner,anua,toner,heartleaf,soothing,2,Pembersih Wajah dan Perawatan Jerawat
momami sun stick,momami,sun stick,,,,
esther green tea gentle wash,esther,gentle wash,green tea,,5,Brightening dengan Bahan Aktif
mary may 6peptide serum,mary may,serum,6peptide,,,
bio oil,bio oil,,,,1,Skincare Anti-Aging dan Brightening
benton uv defense sun cream spf 50 pa,benton,sun cream,,"spf 50 pa, uv defense",5,Brightening dengan Bahan Aktif
mary may collagen serum,mary may,serum,collagen,,4,Hidrasi dan Perawatan Kulit Sensitif
bhumi ceramide hydra lock moisturizer,bhumi,moisturizer,ceramide,hydra lock,3,"Pelembap, Retinol, dan Perlindungan Kulit"
pyunkang yul brightening blemish care serum,pyunkang yul,serum,,brightening blemish care,,
somethinc glow pyhtocell serum untuk kulit berkilau mencerahkan brightening anti - aging,somethinc,serum,,"glow pyhtocell, untuk kulit berkilau mencerahkan brightening anti - aging",2,Pembersih Wajah dan Perawatan Jerawat
esther toner,esther,toner,,,,
somethinc acnedot treatment low ph cleanser,somethinc,cleanser,,acnedot treatment low ph,3,"Pelembap, Retinol, dan Perlindungan Kulit"
skintific niacinamide brightening serum,skintific,serum,niacinamide,brightening,4,Hidrasi dan Perawatan Kulit Sensitif
erha face lips,erha,face lips,,,,
skintific aha bha pha exfoliating,skintific,,aha bha pha,exfoliating,,
skintific dark spot eraser serum,skintific,serum,,dark spot eraser,,
clean clear foaming face wash vitamin c,clean clear,foaming face wash,vitamin c,,3,"Pelembap, Retinol, dan Perlindungan Kulit"
rei skin green tea exfoliating body scrub wash,rei skin,body scrub wash,green tea,exfoliating,,
wardah lightening exfoliator,wardah,exfoliator,,lightening,,
omg oh my glow bright booster uv barrier sunscreen spf 50 pa,omg oh my glow,sunscreen,,"bright booster uv barrier, spf 50 pa",3,"Pelembap, Retinol, dan Perlindungan Kulit"
crystallure supreme revitalizing oil serum,crystallure supreme,oil serum,,revitalizing,3,"Pelembap, Retinol, dan Perlindungan Kulit"
wardah renew you ceramide martrixyl spf35 pa moisturizer,wardah,moisturizer,ceramide martrixyl,"renew you, spf35 pa",,
skintific amino acid ultra gentle cleansing,skintific,,amino acid,ultra gentle cleansing,3,"Pelembap, Retinol, dan Perlindungan Kulit"
skintific ceramide barrier moisturizer gel light texture,skintific,moisturizer gel,ceramide,"barrier, light texture",2,Pembersih Wajah dan Perawatan Jerawat
isntree hyaluronic acid low ph cleansing foam,isntree,foam,hyaluronic acid,low ph cleansing,,
elformula cerahydro mild cleanser facial wash sabun low ph sensitive skin melembabkan kulit cocok untuk sensitif,elformula,mild cleanser facial wash sabun,,"cerahydro, low ph sensitive skin melembabkan kulit cocok untuk sensitif",3,"Pelembap, Retinol, dan Perlindungan Kulit"
bio beauty lab glow care,bio beauty lab,,,glow care,,
cosrx 96 mucin essence,cosrx,essence,96 mucin,,,
senka moisturizer ha serum,senka,"moisturizer, serum",ha,,,
pyunkang yul mild sun cream,pyunkang yul,mild sun cream,,,4,Hidrasi dan Perawatan Kulit Sensitif
garnier uv cooling watergel sunscreen spf50,garnier,watergel sunscreen,,"spf50, uv cooling",4,Hidrasi dan Perawatan Kulit Sensitif
tavi cica sun shield face gel oil staining lip sunscreen cream blush highlighter eyeshadow,tavi,"face, gel, sunscreen cream",cica,"blush highlighter eyeshadow, oil staining lip, sun shield",2,Pembersih Wajah dan Perawatan Jerawat
dermaster white glow clabiane daily sunscreen,dermaster,"clabiane, sunscreen",,"daily, white glow",,
tavi plant based squalane ceramide moisturizer boost serum,tavi,moisturizer boost serum,plant based squalane ceramide,,,
wardah hydra rose gel to foam cleanser facial wash oil wajah untuk kulit kering dehidrasi melembabkan 72 jam,wardah,gel to foam cleanser facial wash,rose,"72 jam, hydra, oil wajah untuk kulit kering dehidrasi melembabkan",,
wardah nature daily aloe hydramild multifunction gel,wardah,gel,aloe,"hydramild multifunction, nature daily",1,Skincare Anti-Aging dan Brightening
wardah gel moisturizer serum uv shield tranexamic vitamin c cica hyaluron,wardah,gel moisturizer serum,tranexamic vitamin c cica hyaluron,uv shield,5,Brightening dengan Bahan Aktif
somethinc sunscreen spf 40 pa,somethinc,sunscreen,,spf 40 pa,,
facial foam viva kering oily,viva,facial foam,,kering oily,,
skinlife face lotion,skinlife,face lotion,,,3,"Pelembap, Retinol, dan Perlindungan Kulit"
bio beauty lab retinol peptide,bio beauty lab,,retinol peptide,,,
elemis collagen rose facial oil minyak wajah,elemis,facial oil,collagen rose,minyak wajah,4,Hidrasi dan Perawatan Kulit Sensitif
elemis collagen night cream pelembab wajah,elemis,cream pelembab wajah,collagen,night,4,Hidrasi dan Perawatan Kulit Sensitif
glad2glow centella salicylic acid jerawat gel cleanser facial wash untuk kulit,glad2glow,"facial wash, gel cleanser",centella salicylic acid,"jerawat, untuk kulit",,
avoskin skin bae hyaluron hyacross 3 green tea,"avoskin, skin bae",,hyaluron hyacross 3 green tea,,,
dermaster lavijue serum,dermaster lavijue,serum,,,3,"Pelembap, Retinol, dan Perlindungan Kulit"
aizen scar barrier combo,aizen,,,scar barrier combo,,
safi white expert deep exfoliator,safi,deep exfoliator,,white expert,,
wardah bright moisturizer spf,wardah,moisturizer,,"bright, spf",3,"Pelembap, Retinol, dan Perlindungan Kulit"
serum wajah pria wanita white glowing,,serum wajah,,pria wanita white glowing,2,Pembersih Wajah dan Perawatan Jerawat
kanebo wash,kanebo,wash,,,,
skintific retinol renewal serum,skintific,serum,retinol,renewal,4,Hidrasi dan Perawatan Kulit Sensitif
nivea body uv white,nivea,,,body uv white,4,Hidrasi dan Perawatan Kulit Sensitif
isntree green tea fresh toner,isntree,toner,green tea,fresh,1,Skincare Anti-Aging dan Brightening
pyunkang yul calming moisturizer repair,pyunkang yul,moisturizer,,"calming, repair",,
wardah moisturizer,wardah,moisturizer,,,2,Pembersih Wajah dan Perawatan Jerawat
biore,biore,,,,5,Brightening dengan Bahan Aktif
glad2glow centella ceramide soothing toner,glad2glow,toner,centella ceramide,soothing,1,Skincare Anti-Aging dan Brightening
skintific clear skin,skintific,,,clear skin,4,Hidrasi dan Perawatan Kulit Sensitif
bio essence,bio,essence,,,,
face serum retinol anti - aging,,face serum,retinol,anti - aging,,
haruharu black rice sunscreen,haruharu,sunscreen,black rice,,3,"Pelembap, Retinol, dan Perlindungan Kulit"
cleya beauty radiant skin moisturizer,cleya beauty,moisturizer,,radiant skin,2,Pembersih Wajah dan Perawatan Jerawat
esther moisturizing lotion,esther,lotion,,moisturizing,3,"Pelembap, Retinol, dan Perlindungan Kulit"
sk ii ultimate perfecting serum,sk ii,serum,,ultimate perfecting,,
natur e white bright glow melembabkan mencerahkan kulit vitamin gluthatione niacinamide serum sunscreen spf 45 pa,natur e,"serum, sunscreen",vitamin gluthatione niacinamide,"melembabkan mencerahkan kulit, spf 45 pa, white bright glow",3,"Pelembap, Retinol, dan Perlindungan Kulit"
d alba tone up sun cream,d alba,tone up sun cream,,,2,Pembersih Wajah dan Perawatan Jerawat
wardah amino foaming cleanser tranexamic dark spot gel,wardah,"foaming cleanser, gel","amino, tranexamic",dark spot,2,Pembersih Wajah dan Perawatan Jerawat
npure probiotics gel cleanser wajah untuk membersihkan minyak kotoran menjaga skin barrier cocok kulit sensitif jerawat,npure,gel cleanser wajah,probiotics,untuk membersihkan minyak kotoran menjaga skin barrier cocok kulit sensitif jerawat,4,Hidrasi dan Perawatan Kulit Sensitif
implora ceramide skin barrier moisturizing gel,implora,moisturizing gel,ceramide,skin barrier,5,Brightening dengan Bahan Aktif
somethinc advanced renewal serum,somethinc,serum,,advanced renewal,,
pumpkinu skin tonic,pumpkinu,skin tonic,,,5,Brightening dengan Bahan Aktif
lacoco intensive treatment eye serum,lacoco,serum,,intensive treatment eye,3,"Pelembap, Retinol, dan Perlindungan Kulit"
somethinc sunscreen spf 40 pa charlotte,somethinc,sunscreen,charlotte,spf 40 pa,2,Pembersih Wajah dan Perawatan Jerawat
some mi low ph gel cleanser,some mi,gel cleanser,,low ph,,
garnier light complete night yoghurt sleeping mask,garnier,sleeping mask,yoghurt,light complete night,,
elizabeth arden cream skin protectant,elizabeth arden,cream,,skin protectant,2,Pembersih Wajah dan Perawatan Jerawat
somethinc sunscreen spf 40 pa,somethinc,sunscreen,,spf 40 pa,3,"Pelembap, Retinol, dan Perlindungan Kulit"
pyunkang yul black tea toner,pyunkang yul,toner,black tea,,2,Pembersih Wajah dan Perawatan Jerawat
erha acneact post jerawat spot serum wanita,erha,serum,,"acneact post jerawat spot, wanita",,
abib jerawat foam cleanser heartleaf,abib,foam cleanser,heartleaf,jerawat,,
aizen retinal repair sun combo facial,aizen,facial,retinal,repair sun combo,2,Pembersih Wajah dan Perawatan Jerawat
viva pelembab under make up,viva,pelembab,,under make up,,
beauty of joseon glow serum propolis niacinamide,beauty of joseon,serum,propolis niacinamide,glow,4,Hidrasi dan Perawatan Kulit Sensitif
sheetmasks elformula bright protect antiox serum cerahydro physical sunscreen spf 50 pa,elformula,"serum, sheetmasks, sunscreen",,"bright protect antiox, cerahydro physical, spf 50 pa",,
wardah low ph niacinamide molecular hyaluronic facial wash sabun cuci wajah cleansing cleanser terhidrasi bersih,wardah,"cleanser, facial wash, sabun cuci wajah",niacinamide molecular hyaluronic,"cleansing, low ph, terhidrasi bersih",5,Brightening dengan Bahan Aktif
wardah make up barrier revive glow youth renewal matte perfection radiant touch,wardah,,,"glow youth renewal matte perfection radiant touch, make up barrier, revive",2,Pembersih Wajah dan Perawatan Jerawat
cetaphil cleanser,cetaphil,cleanser,,,2,Pembersih Wajah dan Perawatan Jerawat
viva milk cleanser spirulina facial wajah kotoran pembersihan,viva,cleanser,"milk, spirulina",facial wajah kotoran pembersihan,,
safi white expert cleanser toner,safi,cleanser toner,,white expert,,
biore men scrub white,biore men,scrub,,white,,
caudalie deep hydration moisturizer,caudalie,moisturizer,,deep hydration,,
diri essentials anti - aging magic prevention mencegah flek hitam wajah tanda penuaan dini,diri,essentials,,anti - aging magic prevention mencegah flek hitam wajah tanda penuaan dini,4,Hidrasi dan Perawatan Kulit Sensitif
caudalie night cream malam anti - aging,caudalie,cream,,"malam anti - aging, night",3,"Pelembap, Retinol, dan Perlindungan Kulit"
bio beauty lab serum,bio beauty lab,serum,,,,
caudalie dark spot correcting glycolic night cream malam anti noda hitam,caudalie,cream,glycolic,"dark spot correcting, malam anti noda hitam, night",,
hyaluronic acid sodium hyaluronate 250gram,,,hyaluronic acid sodium hyaluronate 250gram,,,
skintific salicylic acid anti jerawat serum treatment untuk bruntusan exfoliating,skintific,serum,salicylic acid,"anti jerawat, treatment untuk bruntusan exfoliating",4,Hidrasi dan Perawatan Kulit Sensitif
haruharu black rice facial oil,haruharu,facial oil,black rice,,,
iswhite brilliantly bright foam niacinamide vitamin c glutathione facial wash sabun cuci wajah mencerahkan face cleanser low ph white jerawat glowing,iswhite brilliantly,"face cleanser, facial wash, foam, sabun cuci wajah",niacinamide vitamin c glutathione,"bright, low ph white jerawat glowing, mencerahkan",4,Hidrasi dan Perawatan Kulit Sensitif
ultima ii hydra botanic sun protection spf,ultima ii,hydra botanic,,sun protection spf,5,Brightening dengan Bahan Aktif
acnes natural care face wash complete white,acnes natural care,face wash,,complete white,,
martiderm hydra 30 ampoules,martiderm,,,"30 ampoules, hydra",3,"Pelembap, Retinol, dan Perlindungan Kulit"
safi hydrating water drop moisturizer,safi,moisturizer,,hydrating water drop,4,Hidrasi dan Perawatan Kulit Sensitif
acnes natural care face wash oil control,acnes natural care,face wash,,oil control,,
wardah light hydrashot intensive moisturizer,wardah,moisturizer,,light hydrashot intensive,,
hanasui flawless glow 10 night cream,hanasui,cream,,flawless glow 10 night,1,Skincare Anti-Aging dan Brightening
acnes creamy wash face,acnes,creamy wash face,,,,
scarlett white brightly essence toner,scarlett,essence toner,,white brightly,,
benton heartleaf cream,benton,cream,heartleaf,,5,Brightening dengan Bahan Aktif
diri essentials face glow booster mencerahkan wajah lebih glowing,diri,essentials,,face glow booster mencerahkan wajah lebih glowing,5,Brightening dengan Bahan Aktif
esther glowing serum wajah kulit berminyak,esther,serum,,"glowing, wajah kulit berminyak",3,"Pelembap, Retinol, dan Perlindungan Kulit"
bio beauty lab glycolic brightening cleanser,bio beauty lab,cleanser,glycolic,brightening,5,Brightening dengan Bahan Aktif
hyaluronic acid sodium hyaluronate,,,hyaluronic acid sodium hyaluronate,,,
glad2glow centella ceramide soothing toner,glad2glow,toner,centella ceramide,soothing,4,Hidrasi dan Perawatan Kulit Sensitif
nivea facial foam sparkling bright sabun cuci wajah wanita mencerahkan brightening glowing kulit kenyal bintik hitam kusam cleanser wash pearl serum rucinol licorice vitamin c,nivea,"cleanser wash, facial foam, sabun cuci wajah wanita, serum","pearl, rucinol licorice vitamin c","mencerahkan brightening glowing kulit kenyal bintik hitam kusam, sparkling bright",4,Hidrasi dan Perawatan Kulit Sensitif
pigeon teens hydra squad serum,pigeon teens,serum,,hydra squad,,
qiansoto premiere beaute niacinamide centella cream white glow brightening night,qiansoto premiere beaute,cream,niacinamide centella,white glow brightening night,3,"Pelembap, Retinol, dan Perlindungan Kulit"
amaterasun uv sunscreen serum spf 50 pa,amaterasun,sunscreen serum,,"spf 50 pa, uv",,
beauty of joseon apricot blossom peeling gel,beauty of joseon,peeling gel,apricot blossom,,1,Skincare Anti-Aging dan Brightening
bio oil,bio oil,,,,,
innisfree vitamin c green tea enzyme brightening serum pencerah noda hitam,innisfree,serum,vitamin c green tea enzyme,"brightening, pencerah noda hitam",,
2 nivea men facial foam bright oil clear pore minimizing sabun cuci wajah pria mencerahkan minyak berlebih berminyak kulit kusam cleanser mengecilkan pori komedo polusi debu kotoran vitamin c,2 nivea men,"cleanser, facial foam, sabun cuci wajah pria",vitamin c,"bright oil clear pore minimizing, mencerahkan minyak berlebih berminyak kulit kusam, mengecilkan pori komedo polusi debu kotoran",5,Brightening dengan Bahan Aktif
tavi niacinamide zinc bright blemish solution serum,tavi,serum,niacinamide zinc,bright blemish solution,,
elvicto anti jerawat face wash,elvicto,face wash,,anti jerawat,2,Pembersih Wajah dan Perawatan Jerawat
pyunkang yul low ph pore deep cleansing foam,pyunkang yul,cleansing foam,,low ph pore deep,,
sk ii skinpower essence,sk ii,essence,,skinpower,5,Brightening dengan Bahan Aktif
sk ii facial treatment gentle cleanser,sk ii,gentle cleanser,,facial treatment,,
b erl hydra stay alis eyebrow eyeliner mascara,b erl,alis eyebrow eyeliner mascara,,hydra stay,5,Brightening dengan Bahan Aktif
avoskin retinol ampoule serum,avoskin,serum,retinol,ampoule,,
avoskin hydro burst moisturizer,avoskin,moisturizer,,hydro burst,5,Brightening dengan Bahan Aktif
clinelle calm care treatment cream,clinelle,cream,,calm care treatment,1,Skincare Anti-Aging dan Brightening
bio beauty lab jerawat treatment facial oil serum,bio beauty lab,facial oil serum,,jerawat treatment,,
acnes sealing jell,acnes,sealing jell,,,2,Pembersih Wajah dan Perawatan Jerawat
mary may blackberry serum,mary may,serum,blackberry,,,
physiogel lotion,physiogel,lotion,,,3,"Pelembap, Retinol, dan Perlindungan Kulit"
pyunkang yul calming moisturizer serum,pyunkang yul,moisturizer serum,,calming,1,Skincare Anti-Aging dan Brightening
hanasui ceramide probiotic peeling gel,hanasui,peeling gel,ceramide probiotic,,3,"Pelembap, Retinol, dan Perlindungan Kulit"
some mi repair cream,some mi,cream,,repair,3,"Pelembap, Retinol, dan Perlindungan Kulit"
pond white pollution toxx facial foam,pond,facial foam,,"toxx, white pollution",,
skintific acid anti jerawat gel moisturizer pelembab wajah untuk kulit menghilangkan bekas cocok beruntusan,skintific,gel moisturizer pelembab wajah,acid,"anti jerawat, untuk kulit menghilangkan bekas cocok beruntusan",1,Skincare Anti-Aging dan Brightening
nivea,nivea,,,,,
nivea men facial foam bright oil clear pore minimizing sabun cuci wajah pria mencerahkan minyak berlebih berminyak kulit kusam cleanser mengecilkan pori komedo polusi debu kotoran vitamin c,nivea men,"cleanser, facial foam, sabun cuci wajah pria",vitamin c,"bright oil clear pore minimizing, mencerahkan minyak berlebih berminyak kulit kusam, mengecilkan pori komedo polusi debu kotoran",,
natur e advanced re juve glow vitamin astaxanthin peptide meningkatkan produksi kolagen wajah serum sunscreen spf 45 pa,natur e,"serum, sunscreen",vitamin astaxanthin peptide,"advanced re juve glow, meningkatkan produksi kolagen wajah, spf 45 pa",2,Pembersih Wajah dan Perawatan Jerawat
aizen jerawat sun combo,aizen,,,jerawat sun combo,3,"Pelembap, Retinol, dan Perlindungan Kulit"
haruharu black rice serum,haruharu,serum,black rice,,,
safi naturals clarifying toner,safi,toner,,naturals clarifying,,
wardah uv shield tone up sunscreen spf 50 pa cushion matte finish tahan lama 18 jam,wardah,"cushion, tone up sunscreen",,"18 jam, matte finish tahan lama, spf 50 pa, uv shield",2,Pembersih Wajah dan Perawatan Jerawat
natur e advanced intensive firming serum age rejuve glow moisturizer gel menutrisi memperbaiki kulit astaxanthin vitamin,natur e,"moisturizer gel, serum",astaxanthin vitamin,"advanced intensive firming, age rejuve glow, menutrisi memperbaiki kulit",1,Skincare Anti-Aging dan Brightening
esther milk cleanser,esther,cleanser,milk,,4,Hidrasi dan Perawatan Kulit Sensitif
esther clean wash sabun wajah kulit berminyak jerawat,esther,clean wash sabun wajah,,kulit berminyak jerawat,3,"Pelembap, Retinol, dan Perlindungan Kulit"
wardah lightening total cleansing,wardah,,,lightening total cleansing,,
l oreal hydrating gel cleanser,l oreal,gel cleanser,,hydrating,4,Hidrasi dan Perawatan Kulit Sensitif
emina water barrier balancing gel,emina,gel,,water barrier balancing,,
jacquelle wash,jacquelle,wash,,,,
viva white soothing aloe gel cooling melembutkan,viva,,aloe gel,"cooling melembutkan, white soothing",,
bragg apple toner wajah,bragg,toner wajah,apple,,1,Skincare Anti-Aging dan Brightening
garnier skin natural light brightening scrub,garnier,scrub,,skin natural light brightening,,
dermaster derma treatment,dermaster,,,derma treatment,5,Brightening dengan Bahan Aktif
adleeva daylight cream sunscreen glow up protection spf 35 pa siang,adleeva,cream sunscreen,,"daylight, glow up protection spf 35 pa siang",,
suncut uv gel spf50 pa sunscreen,suncut,"gel, sunscreen",,"spf50 pa, uv",,
ysb vitamin c balm moisturizing stick,ysb,"balm, stick",vitamin c,moisturizing,1,Skincare Anti-Aging dan Brightening
scarlett brightening facial wash,scarlett,facial wash,,brightening,,
laneige waterbank toner dry,laneige,"toner, waterbank",,dry,,
safi white natural anti jerawat cream,safi,cream,,white natural anti jerawat,,
skin game kind basic oily,skin game,,,kind basic oily,5,Brightening dengan Bahan Aktif
klairs supple preparation unscented facial toner,klairs supple,facial toner,,preparation unscented,,
biyu daily light moisturizer,biyu,moisturizer,,daily light,4,Hidrasi dan Perawatan Kulit Sensitif
amaterasun brightening sunscreen spf 50 pa pencerah wajah tekstur ringan anti kusam,amaterasun,sunscreen,,"brightening, spf 50 pa pencerah wajah tekstur ringan anti kusam",,
skin sake round cotton pad,skin sake round,cotton pad,,,2,Pembersih Wajah dan Perawatan Jerawat
elvicto bright up moisturizer brightening untuk kulit glowing pelembab wajah mencerahkan hydrating ringan semua jenis,elvicto,"moisturizer, pelembab wajah",,"bright up, brightening, mencerahkan hydrating, ringan, semua jenis, untuk kulit glowing",,
esther cysmela memudarkan melasma flek hitam hiperpigmentasi treatment,esther,,cysmela,memudarkan melasma flek hitam hiperpigmentasi treatment,1,Skincare Anti-Aging dan Brightening
lacoco dark spot essence,lacoco,essence,,dark spot,1,Skincare Anti-Aging dan Brightening
avoskin vitamin c niacinamide mandarin orange,avoskin,,"mandarin orange, niacinamide, vitamin c",,,
bhumi,bhumi,,,,,
brightening booster,,,,brightening booster,,
belif the true cream aqua bomb aloe vera,belif the true,cream,aloe vera,aqua bomb,3,"Pelembap, Retinol, dan Perlindungan Kulit"
leoleo sunscreen uv filter spf 50 pa aman untuk wajah jerawat berminyak pria,leoleo,sunscreen,,"pria, uv filter spf 50 pa aman untuk wajah jerawat berminyak",3,"Pelembap, Retinol, dan Perlindungan Kulit"
mary may citrus unshiu tremella serum,mary may,serum,citrus unshiu tremella,,5,Brightening dengan Bahan Aktif
isntree hyaluronic acid toner,isntree,toner,hyaluronic acid,,3,"Pelembap, Retinol, dan Perlindungan Kulit"
neogen bio peel pad,neogen bio,peel pad,,,5,Brightening dengan Bahan Aktif
glad2glow kiwi 3d acid jerawat moisturizer,glad2glow,moisturizer,kiwi 3d acid,jerawat,2,Pembersih Wajah dan Perawatan Jerawat
true to skin mugwort tripeptide gel cream,true to skin,gel cream,mugwort tripeptide,,2,Pembersih Wajah dan Perawatan Jerawat
anua peach serum,anua,serum,peach,,,
avoskin retinol toner,avoskin,toner,retinol,,1,Skincare Anti-Aging dan Brightening
skintific beautyhaul,skintific,,,beautyhaul,5,Brightening dengan Bahan Aktif
soft u derm hydro,soft u derm,,,hydro,3,"Pelembap, Retinol, dan Perlindungan Kulit"
torriden,torriden,,,,2,Pembersih Wajah dan Perawatan Jerawat
skintific sensitive moisturizer gel untuk kulit sensitif pelembab wajah menghidrasi barrier,skintific,"moisturizer gel, pelembab wajah",,"barrier, menghidrasi, sensitive, untuk kulit sensitif",4,Hidrasi dan Perawatan Kulit Sensitif
somethinc vitamin glutabright ferulic serum pencerah wajah anti kusam,somethinc,serum,vitamin glutabright ferulic,pencerah wajah anti kusam,1,Skincare Anti-Aging dan Brightening
innisfree greentea hyaluronic lotion untuk kulit kering,innisfree,lotion,greentea hyaluronic,untuk kulit kering,,
innisfree bha pore cleansing foam facial cleanser,innisfree,foam facial cleanser,bha,pore cleansing,2,Pembersih Wajah dan Perawatan Jerawat
wardah defense vitamin panthenol anti pollution radiant creamy wash,wardah,creamy wash,vitamin panthenol,"anti pollution radiant, defense",1,Skincare Anti-Aging dan Brightening
haruharu black rice moisturizer soft cleansing gel,haruharu,"gel, moisturizer",black rice,soft cleansing,,
la roche posay foaming gel cleanser sabun wajah kulit jerawat berminyak,la roche posay,"cleanser sabun wajah, foaming gel",,kulit jerawat berminyak,4,Hidrasi dan Perawatan Kulit Sensitif
innisfree toner untuk kulit jerawat,innisfree,toner,,untuk kulit jerawat,2,Pembersih Wajah dan Perawatan Jerawat
skintific aqua light daily sunscreen spf 35 pa,skintific,sunscreen,aqua,"light daily, spf 35 pa",3,"Pelembap, Retinol, dan Perlindungan Kulit"
skintific glycolic acid daily clarifying toner,skintific,toner,glycolic acid,daily clarifying,1,Skincare Anti-Aging dan Brightening
somethinc sunscreen spf 40 pa,somethinc,sunscreen,,spf 40 pa,1,Skincare Anti-Aging dan Brightening
wardah renew eye cream,wardah,cream,,"eye, renew",2,Pembersih Wajah dan Perawatan Jerawat
somethinc low ph gentle jelly cleanser,somethinc,gentle jelly cleanser,,low ph,,
l oreal uv defender serum protector matte fresh spf50 pa,l oreal,"defender serum, matte",,"fresh spf50 pa, protector, uv",,
mary may sensitive soothing gel cream,mary may,gel cream,,sensitive soothing,,
viva face tonic lemon berminyak penyegar,viva,"face tonic, penyegar",lemon,berminyak,1,Skincare Anti-Aging dan Brightening
diri essentials boostme daily serum niacinamide zinc essence pencerah wajah kusam untuk semua jenis kulit,diri,"essence, essentials, serum","niacinamide, zinc","boostme daily, pencerah wajah kusam untuk semua jenis kulit",,
organic supply co castor oil pack therapy perawatan tubuh kulit,organic supply co,castor oil pack,,therapy perawatan tubuh kulit,,
viva collagen night cream malam untuk mencegah penuaan dini,viva,cream,collagen,"malam untuk mencegah penuaan dini, night",3,"Pelembap, Retinol, dan Perlindungan Kulit"
viva white moisturizer soybean,viva,moisturizer,soybean,white,,
benton uv defense sun cream,benton,sun cream,,uv defense,3,"Pelembap, Retinol, dan Perlindungan Kulit"
toner derma express essence,derma express,"essence, toner",,,,
safi age defy cream cleanser,safi,cream cleanser,,age defy,,
wardah white day cream,wardah,cream,,"day, white",5,Brightening dengan Bahan Aktif
bioaqua tranexamic acid oligopeptide white moisturizer cleanser toner serum cream,bioaqua,moisturizer cleanser toner serum cream,tranexamic acid oligopeptide,white,,
rovectin essentials aqua activating serum,rovectin,"essentials, serum",,aqua activating,3,"Pelembap, Retinol, dan Perlindungan Kulit"
beauty of joseon glow deep serum rice alpha arbutin,beauty of joseon,serum,rice alpha arbutin,glow deep,,
heimish bulgarian hydrogel eye patch,heimish bulgarian,patch,,hydrogel eye,3,"Pelembap, Retinol, dan Perlindungan Kulit"
glowlabs soothe and shoot the spf,glowlabs,,,"soothe and shoot the, spf",,
hyaluronic acid sodium hyaluronate 500gram,,,hyaluronic acid sodium hyaluronate 500gram,,2,Pembersih Wajah dan Perawatan Jerawat
avoskin skin bae kombucha niacinamide,"avoskin, skin bae",,"kombucha, niacinamide",,1,Skincare Anti-Aging dan Brightening
viva air mawar,viva,,air mawar,,1,Skincare Anti-Aging dan Brightening
esther anti - aging serum penuaan dini,esther,serum,,"anti - aging, penuaan dini",,
glow better cloud skin recipe advance moisturizer,glow better cloud,moisturizer,,skin recipe advance,1,Skincare Anti-Aging dan Brightening
hose fresh brightening action face wash,hose fresh,face wash,,brightening action,1,Skincare Anti-Aging dan Brightening
skintific 12 acid peeling solution serum wajah untuk exfoliating kulit kusam aha bha pha,skintific,serum wajah,"12 acid, aha bha pha","peeling solution, untuk exfoliating kulit kusam",,
tavi cica water break sun shield,tavi,,cica,water break sun shield,3,"Pelembap, Retinol, dan Perlindungan Kulit"
esther moisturizing cream,esther,cream,,moisturizing,,
natur e cantikmu vitamin,natur e,,vitamin,cantikmu,1,Skincare Anti-Aging dan Brightening
elizabeth arden ceramide advanced night cream,elizabeth arden,cream,ceramide,"advanced, night",,
hayejin blessing of sprout wrinkle away eye cream,hayejin,cream,,blessing of sprout wrinkle away eye,,
animate white cream perawatan wajah,animate,cream,,"perawatan wajah, white",1,Skincare Anti-Aging dan Brightening
hydrating barrier care jumiso hyaluronic acid toner pyunkang yul moisturizer cream,"jumiso, pyunkang yul","moisturizer cream, toner",hyaluronic acid,hydrating barrier care,5,Brightening dengan Bahan Aktif
avoskin panthenol mugwort cica barrier hero serum,avoskin,serum,"mugwort cica, panthenol",barrier hero,2,Pembersih Wajah dan Perawatan Jerawat
d alba white truffle double layer revitalizing serum,d alba,serum,,white truffle double layer revitalizing,2,Pembersih Wajah dan Perawatan Jerawat
wardah vitamin c amino radiant charge gel cleanser,wardah,gel cleanser,"amino, vitamin c",radiant charge,,
biore uv aqua rich protect lotion spf50 pa,biore,lotion,,"spf50 pa, uv aqua rich protect",3,"Pelembap, Retinol, dan Perlindungan Kulit"
oxy jerawat cleanser face wash,oxy,cleanser face wash,,jerawat,,
retinol ceramide skin renewing water cream,,cream,"ceramide, retinol",skin renewing water,1,Skincare Anti-Aging dan Brightening
bright hydrate night care,,,,bright hydrate night care,,
amaterasun uv sunscreen cream spf 50 pa untuk semua jenis kulit,amaterasun,sunscreen cream,,"spf 50 pa untuk semua jenis kulit, uv",,
dexskin glowing skin basic mencerahkan,dexskin,,,glowing skin basic mencerahkan,2,Pembersih Wajah dan Perawatan Jerawat
beauty of joseon red bean water gel,beauty of joseon,water gel,red bean,,2,Pembersih Wajah dan Perawatan Jerawat
natur e advanced age rejuve glow intensive boosting essence toner wajah astaxanthin vitamin perawatan melembabkan menjaga elastisitas kulit,natur e,essence toner wajah,astaxanthin vitamin,"advanced age rejuve glow intensive boosting, perawatan melembabkan menjaga elastisitas kulit",,
haruharu black rice hyaluronic anti wrinkle serum,haruharu,serum,black rice hyaluronic,anti wrinkle,1,Skincare Anti-Aging dan Brightening
beneath bhumi berry brightening serum,beneath bhumi,serum,berry,brightening,5,Brightening dengan Bahan Aktif
esther eye cream mata,esther,cream,,"eye, mata",1,Skincare Anti-Aging dan Brightening
clean clear facial wash,clean clear,facial wash,,,,
aizen in one skin repair sun essence toner protect,aizen in one,essence toner,,"protect, skin repair sun",,
aizen,aizen,,,,,
wardah uv shield jerawat calming sunscreen serum spf50 pa,wardah,sunscreen serum,,"spf50 pa, uv shield jerawat calming",2,Pembersih Wajah dan Perawatan Jerawat
erha age corrector night charge anti - aging,erha,,,"age corrector night charge, anti - aging",5,Brightening dengan Bahan Aktif
clean clear oil control,clean clear,,,oil control,,
skintific niacinamide brightening moisturizer gel,skintific,moisturizer gel,niacinamide,brightening,3,"Pelembap, Retinol, dan Perlindungan Kulit"
cerave foaming cleanser face wash ceramide oily,cerave,"face wash, foaming cleanser",ceramide,oily,4,Hidrasi dan Perawatan Kulit Sensitif
obat penghilang gumpalan lemak kelopak mata xanthelasma milia bintik dekat,,obat,,"penghilang gumpalan lemak kelopak mata, xanthelasma milia bintik dekat",1,Skincare Anti-Aging dan Brightening
house of hur weightless sun fluid spf 50 pa,house of hur,fluid,,"spf 50 pa, weightless sun",3,"Pelembap, Retinol, dan Perlindungan Kulit"
nivea men facial foam extra bright sabun cuci wajah pria mencerahkan bintik hitam brightening kulit kusam wash membersihkan pori terdalam polusi debu kotoran glutathione aha vitamin c,nivea men,"facial foam, sabun cuci wajah pria, wash",glutathione aha vitamin c,"extra bright, membersihkan pori terdalam polusi debu kotoran, mencerahkan bintik hitam brightening kulit kusam",4,Hidrasi dan Perawatan Kulit Sensitif
anessa uv sunscreen milk,anessa,sunscreen,milk,uv,4,Hidrasi dan Perawatan Kulit Sensitif
pigeon teens facial foam daily mild cleansing,pigeon teens,facial foam,,daily mild cleansing,3,"Pelembap, Retinol, dan Perlindungan Kulit"
dear me beauty skin barrier face gel cleanser,dear me beauty,gel cleanser,,skin barrier face,2,Pembersih Wajah dan Perawatan Jerawat
hada labo shirojyun milk,hada labo shirojyun,,milk,,2,Pembersih Wajah dan Perawatan Jerawat
pigeon teens everyday sunscreen spf 35 pa,pigeon teens,sunscreen,,"everyday, spf 35 pa",1,Skincare Anti-Aging dan Brightening
nature republic fresh peach cleansing foam,nature republic,"foam, peach",,"cleansing, fresh",3,"Pelembap, Retinol, dan Perlindungan Kulit"
bio beauty lab essence,bio beauty lab,essence,,,4,Hidrasi dan Perawatan Kulit Sensitif
carasun healthy uv protector spf 50 pa,carasun,,,"healthy, uv protector spf 50 pa",,
wardah tranexamic alpha arbutin niacinamide dark spot corrector gel moisturizer,wardah,gel moisturizer,"niacinamide, tranexamic alpha arbutin",dark spot corrector,3,"Pelembap, Retinol, dan Perlindungan Kulit"
heimish bulgarian hydrogel eye patch,heimish bulgarian,patch,,hydrogel eye,1,Skincare Anti-Aging dan Brightening
wardah pentavitin rose water hydra infused toner hydrating kelopak bunga mawar memperbaiki skin barrier kulit lebih sehat lembap wajah glowing,wardah,infused toner,"kelopak bunga mawar, pentavitin, rose water","hydra, hydrating, memperbaiki skin barrier kulit lebih sehat lembap wajah glowing",3,"Pelembap, Retinol, dan Perlindungan Kulit"
somethinc ceramic skin saviour moisturizer gel,somethinc,moisturizer gel,ceramic,skin saviour,3,"Pelembap, Retinol, dan Perlindungan Kulit"
l oreal glycolic bright anti dark spot exfoliant peel,l oreal,exfoliant peel,glycolic,bright anti dark spot,1,Skincare Anti-Aging dan Brightening
tocobo watery sun cream spf50 pa,tocobo,cream,,"spf50 pa, watery sun",5,Brightening dengan Bahan Aktif
aizen barrier cleanse,aizen,cleanse,,barrier,,
skintific dark spot moisturizer gel,skintific,moisturizer gel,,dark spot,4,Hidrasi dan Perawatan Kulit Sensitif
kahf skin energizing brightening face wash,kahf,face wash,,skin energizing brightening,4,Hidrasi dan Perawatan Kulit Sensitif
viva white advance day cream spf 30 pa,viva,cream,,"spf 30 pa, white advance day",3,"Pelembap, Retinol, dan Perlindungan Kulit"
viva pelembab green tea anti oxidant uv filter,viva,pelembab,green tea,anti oxidant uv filter,3,"Pelembap, Retinol, dan Perlindungan Kulit"
b2g3 effortles make up adaptint sunscreen oil makeup simple natural routine spf 50 pa uv protection face,b2g3,sunscreen,,"effortles make up adaptint, oil makeup simple natural routine spf 50 pa uv protection face",,
innisfree apple seed cleansing cream untuk angkat kotoran make up,innisfree,cream,apple seed,"cleansing, untuk angkat kotoran make up",,
skin aqua white milk spf50,skin aqua,,milk,"spf50, white",,
the originote hyalucera moisturizer,the originote,moisturizer,hyalucera,,2,Pembersih Wajah dan Perawatan Jerawat
skintific ceramide barrier repair moisturizer gel,skintific,moisturizer gel,ceramide,barrier repair,,
lore advanced lift perfection serum wajah anti - aging hilangkan kerutan efek botox,lore,serum,,"advanced lift perfection, wajah anti - aging hilangkan kerutan efek botox",,
skintific salicylic acid anti jerawat serum,skintific,serum,salicylic acid,anti jerawat,,
allura glowing brigth mild cleanser foam,allura,cleanser foam,,glowing brigth mild,,
tocobo coconut cleansing foam,tocobo,foam,coconut,cleansing,5,Brightening dengan Bahan Aktif
klairs moisturizer soothing serum,klairs,"moisturizer, serum",,soothing,5,Brightening dengan Bahan Aktif
scarlett white niacinamide beta glucan phyto serum,"phyto, scarlett",serum,"beta glucan, niacinamide",white,1,Skincare Anti-Aging dan Brightening
scarlett serum phyto white,"phyto, scarlett",serum,,white,5,Brightening dengan Bahan Aktif
nivea body uv whtning serum spf33,nivea,serum,,"body uv whtning, spf33",3,"Pelembap, Retinol, dan Perlindungan Kulit"
roro mendut lulur rempah white,roro mendut,lulur,rempah,white,,
esther kulit normal,esther,,,kulit normal,4,Hidrasi dan Perawatan Kulit Sensitif
skintific centella jerawat calming toner skincare wajah untuk kulit soothing,skintific,toner skincare wajah,centella,"jerawat calming, untuk kulit soothing",,
dear me beauty gentle cleanser,dear me beauty,gentle cleanser,,,1,Skincare Anti-Aging dan Brightening
asam miristat myristic acid,,,asam miristat myristic acid,,1,Skincare Anti-Aging dan Brightening
esther anti - aging,esther,,,anti - aging,3,"Pelembap, Retinol, dan Perlindungan Kulit"
foaming facial wash,,foaming facial wash,,,5,Brightening dengan Bahan Aktif
emina bright prebiotic tranexamic acid brightening facial cleanser,emina,facial cleanser,prebiotic tranexamic acid,"bright, brightening",2,Pembersih Wajah dan Perawatan Jerawat
some mi beta panthenol repair cream,some mi,cream,beta panthenol,repair,5,Brightening dengan Bahan Aktif
facetology triple care sunscreen spf 40 pa,facetology,sunscreen,,"spf 40 pa, triple care",3,"Pelembap, Retinol, dan Perlindungan Kulit"
organic supply co rose facial roller radiance anti - aging,organic supply co,facial roller,rose,radiance anti - aging,2,Pembersih Wajah dan Perawatan Jerawat
innisfree green tea hyaluronic moisturizer serum spf 50 pa,innisfree,"moisturizer, serum",green tea hyaluronic,spf 50 pa,,
finally found you hydriceing brightening essence booster serum infused toner untuk semua jenis kulit,finally found you,essence booster serum infused toner,,"hydriceing brightening, untuk semua jenis kulit",3,"Pelembap, Retinol, dan Perlindungan Kulit"
mustika ratu penyegar gambir toner mask bengkoang,mustika ratu,toner mask,"bengkoang, gambir",penyegar,2,Pembersih Wajah dan Perawatan Jerawat
ampoule avoskin,avoskin,ampoule,,,2,Pembersih Wajah dan Perawatan Jerawat
heimish matcha hydrogel eye,heimish,,matcha,hydrogel eye,2,Pembersih Wajah dan Perawatan Jerawat
innisfree vitamin c green tea brightening serum mencerahkan wajah,innisfree,serum,vitamin c green tea,"brightening, mencerahkan wajah",5,Brightening dengan Bahan Aktif
glad2glow blueberry ceramide moisturizer,glad2glow,moisturizer,"blueberry, ceramide",,,
caudalie gentle buffing cream exfoliating scrub,caudalie,"gentle buffing cream, scrub",,exfoliating,3,"Pelembap, Retinol, dan Perlindungan Kulit"
haruharu black rice moisturizer airyfit daily sunscreen,haruharu,"moisturizer, sunscreen",black rice,airyfit daily,5,Brightening dengan Bahan Aktif
belif uv protector sunscreen,belif,sunscreen,,uv protector,,
erha age corrector serum peptides soya phytoplacenta,erha,serum,peptides soya phytoplacenta,age corrector,,
beneath bhumi blueberry cream moisturizer,beneath bhumi,cream moisturizer,blueberry,,,
benton guava toner face mask pad,benton,toner face mask pad,guava,,5,Brightening dengan Bahan Aktif
skins sake fss anti jerawat essentials retinoid retinol retinal serum hocl mist untuk mengatasi meratakan tekstur menenangkan kulit sensitif,skins sake fss,"essentials, mist, serum","hocl, retinal, retinoid, retinol","anti jerawat, untuk mengatasi meratakan tekstur menenangkan kulit sensitif",1,Skincare Anti-Aging dan Brightening
hada labo moisturizer light,hada labo,moisturizer,,light,2,Pembersih Wajah dan Perawatan Jerawat
hada labo moisturizing face wash,hada labo,face wash,,moisturizing,2,Pembersih Wajah dan Perawatan Jerawat
haruharu black rice bakuchiol eye cream,haruharu,cream,black rice bakuchiol,eye,1,Skincare Anti-Aging dan Brightening
mary may gluconolactone pha cleansing pad,mary may,pad,gluconolactone pha,cleansing,5,Brightening dengan Bahan Aktif
dexskin derma express skin barrier protector sleeping mask,dexskin derma express,mask,,skin barrier protector sleeping,,
skin sake retinal serum retinoid memudarkan garis halus kerutan menghaluskan tekstur kulit samphira oil,skin sake,serum,"retinal, retinoid, samphira oil",memudarkan garis halus kerutan menghaluskan tekstur kulit,1,Skincare Anti-Aging dan Brightening
cerave foaming cleanser face wash ceramide,cerave,"face wash, foaming cleanser",ceramide,,5,Brightening dengan Bahan Aktif
the originote sunscreen,the originote,sunscreen,,,1,Skincare Anti-Aging dan Brightening
clean clear foaming face wash,clean clear,foaming face wash,,,4,Hidrasi dan Perawatan Kulit Sensitif
hayejin blessing serum,hayejin,serum,,blessing,1,Skincare Anti-Aging dan Brightening
aizen brightening retinal skin repair cleanse,aizen,cleanse,retinal,"brightening, skin repair",,
heimish watermelon moisturizer gel cream,heimish,moisturizer gel cream,watermelon,,4,Hidrasi dan Perawatan Kulit Sensitif
skintific ceramide low ph cleanser,skintific,cleanser,ceramide,low ph,,
some mi aha bha pha 30 days miracle jerawat clear foam,some mi,foam,aha bha pha,30 days miracle jerawat clear,5,Brightening dengan Bahan Aktif
momilen maternity care cream,momilen,cream,,maternity care,,
l oreal paris glycolic bright dark circle eye serum niacinamide,l oreal paris,serum,"glycolic, niacinamide",bright dark circle eye,5,Brightening dengan Bahan Aktif
cosrx cream,cosrx,cream,,,,
wardah moisturizer cream niacinamide brightening pelembab wajah white facial,wardah,"moisturizer cream, pelembab wajah",niacinamide,"brightening, white facial",,
elvicto anti jerawat face wash,elvicto,face wash,,anti jerawat,1,Skincare Anti-Aging dan Brightening
amaterasun sunscreen spf 50 pa,amaterasun,sunscreen,,spf 50 pa,3,"Pelembap, Retinol, dan Perlindungan Kulit"
avoskin hydrating treatment essence,avoskin,essence,,hydrating treatment,1,Skincare Anti-Aging dan Brightening
facetology peeling serum,facetology,serum,,peeling,2,Pembersih Wajah dan Perawatan Jerawat
momami facial cream,momami,facial cream,,,5,Brightening dengan Bahan Aktif
nature soothing moisturizer aloe vera foam cleanser,nature,"foam cleanser, moisturizer",aloe vera,soothing,2,Pembersih Wajah dan Perawatan Jerawat
acnes spot care,,,,acnes spot care,4,Hidrasi dan Perawatan Kulit Sensitif
innisfree green tea seed hyaluronic cream,innisfree,cream,green tea seed hyaluronic,,4,Hidrasi dan Perawatan Kulit Sensitif
cetaphil bright healthy radiance brightness toner,cetaphil,toner,,bright healthy radiance brightness,,
cosrx niacinamide serum,cosrx,serum,niacinamide,,4,Hidrasi dan Perawatan Kulit Sensitif
kojiesan cleanser toner,kojiesan,cleanser toner,,,1,Skincare Anti-Aging dan Brightening
nuface me sun shield spf,nuface me,,,sun shield spf,,
avoskin shield of sun essence spf 50 pa,avoskin,essence,,"shield of sun, spf 50 pa",,
facetology triple care sunscreen oily skin,facetology,sunscreen,,"oily skin, triple care",,
skin aqua tone up spf50 pa,skin aqua,tone up,,spf50 pa,,
erha retinol peeling face,erha,,retinol,peeling face,,
innisfree green tea seed hyaluronic serum untuk kulit glowing,innisfree,serum,green tea seed hyaluronic,untuk kulit glowing,,
pyunkang yul black tea eye cream,pyunkang yul,cream,black tea,eye,,
numbuzin beauty cream,numbuzin,cream,,beauty,1,Skincare Anti-Aging dan Brightening
somethinc ceramic skin saviour moisturizer gel,somethinc,moisturizer gel,ceramic,skin saviour,4,Hidrasi dan Perawatan Kulit Sensitif
gatsby aesthetic bright sunscreen moisturizer,gatsby,sunscreen moisturizer,,aesthetic bright,,
benton green tea cleansing foam,benton,foam,green tea,cleansing,2,Pembersih Wajah dan Perawatan Jerawat
raisu brightening soap sabun pencerah kulit,raisu,soap sabun,,"brightening, pencerah kulit",3,"Pelembap, Retinol, dan Perlindungan Kulit"
light brightening scrub,,scrub,,light brightening,5,Brightening dengan Bahan Aktif
lovillea calm bright facial wash,lovillea,facial wash,,calm bright,4,Hidrasi dan Perawatan Kulit Sensitif
bioaqua ceramide,bioaqua,,ceramide,,,
avoskin lip optimizer serum,avoskin,lip optimizer serum,,,,
azarine calm my jerawat skinpair sunscreen moisturizer spf35 pa untuk kulit perlindungan uv mengurangi kemerahan menenangkan oil control menjaga skin barrier,azarine,sunscreen moisturizer,,"calm my jerawat skinpair, spf35 pa untuk kulit perlindungan uv mengurangi kemerahan menenangkan oil control menjaga skin barrier",2,Pembersih Wajah dan Perawatan Jerawat
alonie aloe foam cleansing membersihkan,alonie,foam,aloe,cleansing membersihkan,,
caudalie moisturizing matifying fluid,caudalie,,fluid,moisturizing matifying,5,Brightening dengan Bahan Aktif
d alba mild skin balancing cream,d alba,cream,,mild skin balancing,4,Hidrasi dan Perawatan Kulit Sensitif
neogen bio peel gauze pad lemon,neogen bio,peel gauze pad,lemon,,2,Pembersih Wajah dan Perawatan Jerawat
b erl glazed skin essence serum mencerahkan perawatan wajah lightening memudarkan flek hitam,b erl,essence serum,,"glazed skin, mencerahkan perawatan wajah lightening memudarkan flek hitam",,
wardah amino calm soothe gel cleanser,wardah,gel cleanser,amino,calm soothe,,
holika moisturizer make up sun cream,holika,"cream, moisturizer",,make up sun,,
rose day biome gentle cleanser,biome,gentle cleanser,rose,day,3,"Pelembap, Retinol, dan Perlindungan Kulit"
somethinc ceramic skin saviour moisturizer gel pelembab wajah untuk hydrating kulit glowing ceramide,somethinc,"moisturizer gel, pelembab wajah","ceramic, ceramide","skin saviour, untuk hydrating kulit glowing",2,Pembersih Wajah dan Perawatan Jerawat
tavi gel oil cleanser,tavi,"gel, oil cleanser",,,4,Hidrasi dan Perawatan Kulit Sensitif
avoskin retinol,avoskin,,retinol,,5,Brightening dengan Bahan Aktif
susu cleanser dexskin derma express soothing sunflower seed,dexskin derma express,cleanser,"sunflower seed, susu",soothing,2,Pembersih Wajah dan Perawatan Jerawat
natur e hyaluglow deep rich hydrating moisturizer gel pelembab wajah hyaluronic acid vitamin membantu melembapkan mencerahkan kulit,natur e,moisturizer gel pelembab wajah,hyaluronic acid vitamin,"hyaluglow deep rich hydrating, membantu melembapkan mencerahkan kulit",1,Skincare Anti-Aging dan Brightening
wardah exfoliating toner aha pha,wardah,toner,aha pha,exfoliating,5,Brightening dengan Bahan Aktif
wardah renew you treatment essence,wardah,essence,,renew you treatment,1,Skincare Anti-Aging dan Brightening
biore men scrub cool oil clear,biore men,scrub,,cool oil clear,,
viva cleansing cream cleanser wajah,viva,cream cleanser wajah,,cleansing,3,"Pelembap, Retinol, dan Perlindungan Kulit"
c4h6n4o3 alantoin allantoin,c4h6n4o3,,alantoin allantoin,,,
cremophor rh hydrogenated castor oil,,,"cremophor rh, hydrogenated castor oil",,5,Brightening dengan Bahan Aktif
elizabeth arden prevage anti - aging moisturizer cream spf30,elizabeth arden,moisturizer cream,,"prevage anti - aging, spf30",,
adleeva brightening cream daylight night,adleeva,cream,,"brightening, daylight night",,
avoskin hydrating treatment essence,avoskin,essence,,hydrating treatment,,
elvicto bright scrub wash face,elvicto,scrub wash face,,bright,4,Hidrasi dan Perawatan Kulit Sensitif
viva milk cleanser lemon berminyak kotoran,viva,cleanser,"lemon, milk",berminyak kotoran,4,Hidrasi dan Perawatan Kulit Sensitif
natur e advanced soft intensive firming serum memperbaiki mnutrisi kulit astaxanthin vitamin,natur e,serum,astaxanthin vitamin,"advanced soft, intensive firming, memperbaiki mnutrisi kulit",,
nature republic fresh aloe cleansing foam,nature republic,foam,aloe,"cleansing, fresh",,
somethinc calm down skinpair cleanser,somethinc,cleanser,,calm down skinpair,,
etonne calendula,etonne,,calendula,,,
the originote cica soothing essence toner,the originote,essence toner,cica,soothing,3,"Pelembap, Retinol, dan Perlindungan Kulit"
oasea white,oasea,,,white,3,"Pelembap, Retinol, dan Perlindungan Kulit"
la roche posay oil control uvmune,la roche posay,,,"oil control, uvmune",4,Hidrasi dan Perawatan Kulit Sensitif
crystallure supreme revitalizing rich cream,crystallure supreme,cream,,revitalizing rich,4,Hidrasi dan Perawatan Kulit Sensitif
dexskin complete brightening,dexskin,,,complete brightening,,
hanasui flawless glow gentle cleanser,hanasui,gentle cleanser,,flawless glow,,
wardah bright peptide niacinamide hyperpigmentation expert night moisturizer,wardah,moisturizer,"niacinamide, peptide","bright, hyperpigmentation expert night",3,"Pelembap, Retinol, dan Perlindungan Kulit"
neogen bio peel gauze peeling,neogen bio,peel gauze,,peeling,2,Pembersih Wajah dan Perawatan Jerawat
holika enprani wrinkle care pomegranate collagen stick,holika enprani,stick,pomegranate collagen,wrinkle care,,
uv fluid,,,fluid,uv,,
b erl gojicacteen treatment soothing gel moisturizer mask pelembab wajah,b erl,gel moisturizer mask pelembab wajah,,gojicacteen treatment soothing,4,Hidrasi dan Perawatan Kulit Sensitif
tirtir ceramic cream,tirtir ceramic,cream,,,,
skintific hyaluronic acid barrier essence toner,skintific,essence toner,hyaluronic acid,barrier,3,"Pelembap, Retinol, dan Perlindungan Kulit"
ainie papaya brightening soap vitamin,ainie papaya,soap,vitamin,brightening,,
b erl skin key of brightening day cream night,b erl,cream,,"night, skin key of brightening day",5,Brightening dengan Bahan Aktif
wardah vitamin c adenosine radiant charge gel moisturizer,wardah,gel moisturizer,vitamin c,adenosine radiant charge,1,Skincare Anti-Aging dan Brightening
safi age daily essence,safi,essence,,age daily,1,Skincare Anti-Aging dan Brightening
erha active glow,erha,,,active glow,,
2 nivea sunscreen face serum extra protect oil control spf50 pa sunblock tidak berminyak spf uv lightweight gel tekstur ringan cepat meresap no whitecast carnitine,2 nivea,"gel, sunblock, sunscreen face serum",carnitine,"extra protect oil control spf50 pa, no whitecast, tekstur ringan cepat meresap, tidak berminyak spf uv lightweight",2,Pembersih Wajah dan Perawatan Jerawat
light wardah moisturizer cream niacinamide brightening pelembab wajah white facial night,wardah,"moisturizer cream, pelembab wajah",niacinamide,"brightening, light, white facial night",,
hada labo ultimate white facial wash,hada labo,facial wash,,ultimate white,3,"Pelembap, Retinol, dan Perlindungan Kulit"
dexskin derma express salmon dna advance skin,dexskin derma express,,salmon dna,advance skin,,
tocobo collagen brightening eye gel cream,tocobo,gel cream,collagen,brightening eye,4,Hidrasi dan Perawatan Kulit Sensitif
cnp laboratory propolis energy active ampule,cnp laboratory,,propolis,energy active ampule,4,Hidrasi dan Perawatan Kulit Sensitif
elformula facial care daily gentle low ph cleanser peeling solution cerahydro barrier repair sunscreen spf,elformula,"cleanser, sunscreen",,"facial care daily gentle low ph, peeling solution cerahydro barrier repair, spf",4,Hidrasi dan Perawatan Kulit Sensitif
scarlett white jerawat day cream,scarlett,cream,,white jerawat day,5,Brightening dengan Bahan Aktif
ponds bright facial foam,ponds,facial foam,,bright,,
safi jerawat expert sebum control fluid toner wajah,safi,toner wajah,fluid,jerawat expert sebum control,4,Hidrasi dan Perawatan Kulit Sensitif
safi age defy radiant day emulsion,safi,,emulsion,age defy radiant day,,
numbuzin blemish serum,numbuzin,blemish serum,,,,
renewal senka whip berry bright,senka whip,,berry,"bright, renewal",4,Hidrasi dan Perawatan Kulit Sensitif
sk ii essence,sk ii,essence,,,,
skintific ceramide barrier repair,skintific,,ceramide,barrier repair,5,Brightening dengan Bahan Aktif
kose white cleansing oil makeup remover batiste,kose,,,white cleansing oil makeup remover batiste,2,Pembersih Wajah dan Perawatan Jerawat
sk ii eye cream,sk ii,cream,,eye,,
skintific mugwort anti pores jerawat clay stick mask wajah untuk membersihkan pori,skintific,"clay stick, mask wajah",mugwort,"anti pores jerawat, untuk membersihkan pori",5,Brightening dengan Bahan Aktif
elemis apricot toner,elemis,toner,apricot,,,
embryolisse moisturizer pelembab wajah untuk kulit kering,embryolisse,"moisturizer, pelembab wajah",,untuk kulit kering,1,Skincare Anti-Aging dan Brightening
hyaluronic acid sodium hyaluronate 50gram,,,hyaluronic acid sodium hyaluronate 50gram,,,
somethinc holyshield sunscreen mist spf46 pa,somethinc,"mist, sunscreen",,"holyshield, spf46 pa",5,Brightening dengan Bahan Aktif
in one sunscreen bayi anak spf 50 pa skin barrier expert perlindungan kulit dari sinar uva uvb aman sensitif,in one,sunscreen,,bayi anak spf 50 pa skin barrier expert perlindungan kulit dari sinar uva uvb aman sensitif,3,"Pelembap, Retinol, dan Perlindungan Kulit"
caudalie smooth and glow,caudalie,,,smooth and glow,,
wardah brightening hydrating toner,wardah,toner,,brightening hydrating,,
pyunkang yul calming low ph foaming cleanser,pyunkang yul,foaming cleanser,,calming low ph,1,Skincare Anti-Aging dan Brightening
beauty of joseon green plum refreshing toner aha bha,beauty of joseon,toner,"aha bha, green plum",refreshing,,
glad2glow aha bha pha intensive peeling solution,glad2glow,,aha bha pha,intensive peeling solution,,
bio beauty lab blemish and pore clearing toner,bio beauty lab,toner,,blemish and pore clearing,,
emina bright prebiotic tranexamic acid brightening facial cleanser,emina,facial cleanser,prebiotic tranexamic acid,"bright, brightening",5,Brightening dengan Bahan Aktif
lacoco bakuchiol essence,lacoco,essence,bakuchiol,,3,"Pelembap, Retinol, dan Perlindungan Kulit"
bhumi defense daily sunscreen,bhumi,sunscreen,,defense daily,4,Hidrasi dan Perawatan Kulit Sensitif
glad2glow brow intense serum,glad2glow,serum,,brow intense,,
hadalabo gokujyun anti - aging serum,hadalabo gokujyun,serum,,anti - aging,4,Hidrasi dan Perawatan Kulit Sensitif
glad2glow propolis hyaluronic acid barrier essence toner,glad2glow,essence toner,propolis hyaluronic acid,barrier,,
lilin lebah beeswax,beeswax,lilin lebah,,,4,Hidrasi dan Perawatan Kulit Sensitif
innisfree blueberry rebalancing skin,innisfree,,blueberry,rebalancing skin,1,Skincare Anti-Aging dan Brightening
innisfree black tea youth enhancing lotion anti - aging untuk segarkan kulit lelah,innisfree,lotion,black tea,"anti - aging untuk segarkan kulit lelah, youth enhancing",4,Hidrasi dan Perawatan Kulit Sensitif
esther facial soap,esther,facial soap,,,,
perawatan mommies brightening hydrating,mommies,,,"brightening hydrating, perawatan",2,Pembersih Wajah dan Perawatan Jerawat
natur e white bright glow radiant ultra light sun protection spf 45 pa sunscreen wajah tone up ringan melembabkan mencerahkan kulit vitamin gluthatione niacinamide,natur e,sunscreen wajah tone up,vitamin gluthatione niacinamide,"ringan melembabkan mencerahkan kulit, white bright glow radiant ultra light sun protection spf 45 pa",,
dexskin derma express hydrating essence,dexskin derma express,essence,,hydrating,5,Brightening dengan Bahan Aktif
beauty of joseon ginseng moisturizer serum,beauty of joseon,"moisturizer, serum",ginseng,,,
sk ii skinpower essence,sk ii,essence,,skinpower,4,Hidrasi dan Perawatan Kulit Sensitif
viva body painting remover,viva,,,body painting remover,4,Hidrasi dan Perawatan Kulit Sensitif
benton green tea serum,benton,serum,green tea,,3,"Pelembap, Retinol, dan Perlindungan Kulit"
aizen jerawat barrier triple,aizen,,,jerawat barrier triple,1,Skincare Anti-Aging dan Brightening
isntree hyaluronic acid gel cream,isntree,gel cream,hyaluronic acid,,4,Hidrasi dan Perawatan Kulit Sensitif
safi white natural anti jerawat cleanser tea tree,safi,cleanser,tea tree,white natural anti jerawat,,
noblesse facial foam cleansing,noblesse,facial foam,,cleansing,,
clean clear oil control,clean clear,,,oil control,,
erha brightening day cream,erha,cream,,brightening day,,
watsons face massager,watsons,,,face massager,3,"Pelembap, Retinol, dan Perlindungan Kulit"
simple kind to skin moisturising facial wash,simple kind to skin,facial wash,,moisturising,3,"Pelembap, Retinol, dan Perlindungan Kulit"
clinelle calm care cleanser,clinelle,cleanser,,calm care,5,Brightening dengan Bahan Aktif
somethinc jerawat treatment salicylic acid serum,somethinc,serum,salicylic acid,jerawat treatment,1,Skincare Anti-Aging dan Brightening
labore sensitive soothing mist,labore,mist,,"sensitive, soothing",5,Brightening dengan Bahan Aktif
wardah hydra rose gel to foam cleanser,wardah,gel to foam cleanser,rose,hydra,,
safi age defy foam cleanser deep exfoliator,safi,foam cleanser,,"age defy, deep exfoliator",,
neogen bio peel gauze peeling,neogen bio,peel gauze,,peeling,,
b erl brighthening essence treatment mencerahkan niacinamide extract flower,b erl,essence,niacinamide extract flower,"brighthening, treatment mencerahkan",,
cetaphil cleanser,cetaphil,cleanser,,,4,Hidrasi dan Perawatan Kulit Sensitif
pyunkang yul essence toner,pyunkang yul,essence toner,,,,
dermaster hydrating ultimate glow,dermaster,,,hydrating ultimate glow,1,Skincare Anti-Aging dan Brightening
gatsby cooling face wash clean,gatsby,face wash,,"clean, cooling",2,Pembersih Wajah dan Perawatan Jerawat
gatsby cooling face wash triple porefection,gatsby,face wash,,"cooling, triple porefection",3,"Pelembap, Retinol, dan Perlindungan Kulit"
skintific aha bha pha lha peeling solution,skintific,,aha bha pha lha,peeling solution,2,Pembersih Wajah dan Perawatan Jerawat
wardah amino gel cleanser vitamin c sabun cuci wajah low ph untuk kulit kusam dry kering senstive face wash membersihkan mencerahkan melembapkan sensitive,wardah,"face wash, gel cleanser, sabun cuci wajah","amino, vitamin c","low ph untuk kulit kusam dry kering senstive, membersihkan mencerahkan melembapkan sensitive",3,"Pelembap, Retinol, dan Perlindungan Kulit"
cosrx low ph morning gel cleanser,cosrx,gel cleanser,,"low ph, morning",4,Hidrasi dan Perawatan Kulit Sensitif
bhumi multi targeted natural adoring face oil,bhumi,,,multi targeted natural adoring face oil,,
innisfree green tea amino hydrating cleansing foam,innisfree,foam,green tea amino,hydrating cleansing,,
esther serum wajah kulit aging,esther,serum wajah,,kulit aging,5,Brightening dengan Bahan Aktif
lagom cellus revive essence toner,lagom,essence toner,,cellus revive,2,Pembersih Wajah dan Perawatan Jerawat
elemis collagen eye revive mask mata,elemis,mask,collagen,"eye revive, mata",,
erha agec day cream pelembab wajah,erha,cream pelembab wajah,,agec day,,
wardah day moisturizer,wardah,moisturizer,,day,1,Skincare Anti-Aging dan Brightening
skintific dark spot eraser serum,skintific,serum,eraser,dark spot,,
skintific day light sunscreen mist spf 50 pa,skintific,sunscreen mist,,"day light, spf 50 pa",,
skintific dark spot eraser serum,skintific,serum,eraser,dark spot,5,Brightening dengan Bahan Aktif
erha age corrector aha bha red algae facial wash,erha,facial wash,aha bha red algae,age corrector,,
animate salmon dna glowing gel,animate,gel,salmon dna,glowing,3,"Pelembap, Retinol, dan Perlindungan Kulit"
elizabeth arden prevage anti - aging daily serum,elizabeth arden,serum,,prevage anti - aging daily,4,Hidrasi dan Perawatan Kulit Sensitif
dermaster,dermaster,,,,,
glad2glow peach retinol moisturizer,glad2glow,moisturizer,peach retinol,,4,Hidrasi dan Perawatan Kulit Sensitif
emina spf 50 pa cica jerawat fighter sunscreen,emina,sunscreen,cica,"jerawat fighter, spf 50 pa",3,"Pelembap, Retinol, dan Perlindungan Kulit"
anessa,anessa,,,,3,"Pelembap, Retinol, dan Perlindungan Kulit"
glad2glow apricot glycolic acid exfoliating smooth peeling gel,glad2glow,gel,apricot glycolic acid,exfoliating smooth peeling,1,Skincare Anti-Aging dan Brightening
banana boat simply protect moisturizer uv sunscreen lotion spf 50 pa,banana boat,"moisturizer, sunscreen lotion",,"simply protect, spf 50 pa, uv",,
nuxe rich cleansing gel,nuxe,gel,,rich cleansing,,
skinlife foaming facial wash,skinlife,foaming facial wash,,,4,Hidrasi dan Perawatan Kulit Sensitif
numbuzin vitamin boosting essential toner,numbuzin,essential toner,vitamin,boosting,,
elizabeth arden skin renewal booster,elizabeth arden,,,skin renewal booster,3,"Pelembap, Retinol, dan Perlindungan Kulit"
tavi retinol peptide slow aging serum,tavi,serum,retinol peptide,slow aging,2,Pembersih Wajah dan Perawatan Jerawat
mustika ratu penyegar sari ketimun toner mask bengkoang,mustika ratu,toner mask,"bengkoang, sari ketimun",penyegar,1,Skincare Anti-Aging dan Brightening
tocobo essence,tocobo,essence,,,,
noblesse eye cream,noblesse,cream,,eye,,
glow lovely vitamin cream,glow lovely,cream,vitamin,,3,"Pelembap, Retinol, dan Perlindungan Kulit"
tocobo watery sun cream spf50 pa,tocobo,cream,,"spf50 pa, watery sun",2,Pembersih Wajah dan Perawatan Jerawat
natur e white bright glow radiant face and body extra protection vitamin gluthatione niacinamide toner moisturizer serum sunscreen spf 45 pa,natur e,toner moisturizer serum sunscreen,vitamin gluthatione niacinamide,"spf 45 pa, white bright glow radiant face and body extra protection",,
daily peeling serum kulit berminyak,,serum,,"daily peeling, kulit berminyak",1,Skincare Anti-Aging dan Brightening
beneath bhumi sugar rush exfoliating serum,beneath bhumi,serum,,sugar rush exfoliating,3,"Pelembap, Retinol, dan Perlindungan Kulit"
numbuzin deep clean fresh cream cleanser,numbuzin,cream cleanser,,deep clean fresh,5,Brightening dengan Bahan Aktif
aizen jerawat,aizen,,,jerawat,,
somethinc sunscreen spf 40 pa,somethinc,sunscreen,,spf 40 pa,4,Hidrasi dan Perawatan Kulit Sensitif
erha21 erha facial wash oily skin sabun wajah kulit berminyak,"erha, erha21","facial wash, sabun wajah",,"kulit berminyak, oily skin",4,Hidrasi dan Perawatan Kulit Sensitif
glowlabs glow essence angkat sel kulit mati harian,glowlabs,essence,,"angkat sel kulit mati harian, glow",,
pyunkang yul essence toner pad,pyunkang yul,essence toner pad,,,5,Brightening dengan Bahan Aktif
embryolisse lashes and brows booster,embryolisse,lashes and brows,,booster,1,Skincare Anti-Aging dan Brightening
tavi cica water break sun shield spf sunscreen wajah lightweight menyegarkan sunblock olahraga berenang,tavi,"sunblock, sunscreen wajah",cica,"lightweight menyegarkan, olahraga berenang, water break sun shield spf",,
votre peau calendula hydrating face toner,votre peau,face toner,calendula,hydrating,,
acnes uv,,,,acnes uv,4,Hidrasi dan Perawatan Kulit Sensitif
safi age defy essence,safi,essence,,age defy,3,"Pelembap, Retinol, dan Perlindungan Kulit"
the originote jerawat serum,the originote,serum,,jerawat,,
emina uv gel spf 50,emina,gel,,"spf 50, uv",2,Pembersih Wajah dan Perawatan Jerawat
implora serum,implora,serum,,,,
innisfree black tea youth enhancing cream wajah perawatan,innisfree,cream wajah,black tea,"perawatan, youth enhancing",3,"Pelembap, Retinol, dan Perlindungan Kulit"
numbuzin firming cream,numbuzin,cream,,firming,,
dexskin derma express whiteten jelly booster,dexskin derma express,jelly booster,,whiteten,1,Skincare Anti-Aging dan Brightening
beauty of joseon sunscreen aqua fresh rice,beauty of joseon,sunscreen,"aqua, rice",fresh,,
innisfree vitamin c green tea brightening cream,innisfree,cream,vitamin c green tea,brightening,,
viva sunscreen foundation tabir surya untuk melindungi kulit uv filter,viva,sunscreen foundation tabir surya,,untuk melindungi kulit uv filter,,
isntree green tea,isntree,,green tea,,2,Pembersih Wajah dan Perawatan Jerawat
heimish clean foam,heimish,foam,,clean,,
esther jerawat toner,esther,toner,,jerawat,2,Pembersih Wajah dan Perawatan Jerawat
erha acneact anti jerawat serum,erha,serum,,acneact anti jerawat,2,Pembersih Wajah dan Perawatan Jerawat
haruharu black rice soft peeling gel,haruharu,gel,black rice,soft peeling,1,Skincare Anti-Aging dan Brightening
caudalie vinopure salicylic spot solution cream jerawat,caudalie vinopure,cream,salicylic,"jerawat, spot solution",5,Brightening dengan Bahan Aktif
dermaster lavijue wrinkle care serum clabiane derm cream,"clabiane, dermaster lavijue","derm cream, serum",,wrinkle care,1,Skincare Anti-Aging dan Brightening
viva moisturizer cream,viva,moisturizer cream,,,1,Skincare Anti-Aging dan Brightening
kose suncut uv milk spf50 pa sunscreen,kose,sunscreen,milk,"spf50 pa, suncut uv",,
wardah renew you anti - aging eye cream,wardah,cream,,renew you anti - aging eye,,
fair and lovely vitamin,fair and lovely,,vitamin,,4,Hidrasi dan Perawatan Kulit Sensitif
d alba essence sun cream,d alba,essence sun cream,,,,
adleeva brightening night cream malam,adleeva,cream,,"brightening night, malam",1,Skincare Anti-Aging dan Brightening
vitamin b5 panthenol,,,"panthenol, vitamin b5",,,
skintific dark spot eraser serum pencerah wajah penghilang flek hitam anti noda,skintific,serum,eraser,"anti noda, dark spot, pencerah wajah penghilang flek hitam",3,"Pelembap, Retinol, dan Perlindungan Kulit"
jumiso cream centella,jumiso,cream,centella,,4,Hidrasi dan Perawatan Kulit Sensitif
wardah uv shield jerawat calming sunscreen serum spf50 pa,wardah,sunscreen serum,,"spf50 pa, uv shield jerawat calming",,
ponds bright niasorcinol night serum,ponds,serum,niasorcinol,"bright, night",3,"Pelembap, Retinol, dan Perlindungan Kulit"
bio essence moisturizer,bio,"essence, moisturizer",,,1,Skincare Anti-Aging dan Brightening
d alba mild skin balancing toner,d alba,toner,,mild skin balancing,,
dermies max dark circle correction treatment,dermies max,,,dark circle correction treatment,,
esther radiant day cream wajah pagi kulit kusam,esther,cream wajah,,"pagi kulit kusam, radiant day",2,Pembersih Wajah dan Perawatan Jerawat
elemis collagen rose cleansing balm cleanser wajah,elemis,balm cleanser wajah,collagen rose,cleansing,4,Hidrasi dan Perawatan Kulit Sensitif
kose white cleansing oil makeup remover,kose,,,"makeup remover, white cleansing oil",4,Hidrasi dan Perawatan Kulit Sensitif
diri essentials jerawat serum 2 bha niacinamide zinc mengurangi bekas wajah,diri,"essentials, serum","2 bha, niacinamide zinc","jerawat, mengurangi bekas wajah",,
isntree green tea,isntree,,green tea,,,
elizabeth arden advance light ceramide capsules strengthening serum,elizabeth arden,"capsules, serum",ceramide,"advance light, strengthening",,
skin sake hypochlorous acid spray hocl anti bakteri yang efektif membunuh penyebab jerawat membantu meredakan eksim serta iritasi kulit,skin sake,spray,"hocl, hypochlorous acid","anti bakteri yang efektif membunuh, penyebab jerawat membantu meredakan eksim serta iritasi kulit",1,Skincare Anti-Aging dan Brightening
finally found you soy clear brightening dark spot serum mencerahkan noda hitam untuk semua jenis kulit,finally found you soy,serum,,"clear brightening dark spot, mencerahkan noda hitam untuk semua jenis kulit",,
bragg apple toner wajah,bragg,toner wajah,apple,,2,Pembersih Wajah dan Perawatan Jerawat
jumiso hyaluronic acid sunscreen,jumiso,sunscreen,hyaluronic acid,,2,Pembersih Wajah dan Perawatan Jerawat
natur e advanced age re juve glow intensive white bright radiant ultra light sun protection spf 45 pa,natur e,,,advanced age re juve glow intensive white bright radiant ultra light sun protection spf 45 pa,3,"Pelembap, Retinol, dan Perlindungan Kulit"
hayylife pinset jerawat komedo blackhead remover,hayylife,pinset,,"blackhead remover, jerawat komedo",5,Brightening dengan Bahan Aktif
nivea men extra bright dark spot facial foam roll on,nivea men,"facial foam, roll on",,extra bright dark spot,,
abib sunstick protection,abib,sunstick,,protection,1,Skincare Anti-Aging dan Brightening
jumiso snail mucin peptide facial essence,jumiso,facial essence,"peptide, snail mucin",,3,"Pelembap, Retinol, dan Perlindungan Kulit"
esther jerawat skin,esther,,,jerawat skin,,
skin tonic,,skin tonic,,,,
clinelle purifying pore essence,clinelle,essence,,purifying pore,2,Pembersih Wajah dan Perawatan Jerawat
facetology triple care sunscreen spf50 pa,facetology,sunscreen,,"spf50 pa, triple care",2,Pembersih Wajah dan Perawatan Jerawat
votre peau niacinamide booster ampoule,votre peau,,niacinamide,booster ampoule,1,Skincare Anti-Aging dan Brightening
anua heartleaf quercetinol pore deep cleansing foam,anua,foam,heartleaf quercetinol,pore deep cleansing,,
viva milk cleanser green tea facial wajah,viva,"cleanser, facial wajah","green tea, milk",,2,Pembersih Wajah dan Perawatan Jerawat
skintific ceramide soothing toner,skintific,toner,ceramide,soothing,,
serum glowing skin barrier repair rose gel,,"gel, serum",rose,glowing skin barrier repair,2,Pembersih Wajah dan Perawatan Jerawat
numbuzin skin softening serum,numbuzin,serum,,skin softening,3,"Pelembap, Retinol, dan Perlindungan Kulit"
aizen divine face cleanser sabun wajah khusus kulit sensitif mudah jerawat wash,aizen divine,"face cleanser, sabun wajah, wash",,khusus kulit sensitif mudah jerawat,2,Pembersih Wajah dan Perawatan Jerawat
esther retinol serum acid extract tranexamic essence kusam pencerah,esther,"essence, serum","acid extract tranexamic, retinol",kusam pencerah,,
aizen scar barrier sun triple bekas jerawat skin,aizen,,,"bekas jerawat skin, scar barrier sun triple",4,Hidrasi dan Perawatan Kulit Sensitif
erha glow,erha,,,glow,,
erha21 erha balancing toner untuk semua jenis kulit,"erha, erha21",toner,,"balancing, untuk semua jenis kulit",4,Hidrasi dan Perawatan Kulit Sensitif
judydoll sun defense moisturizer light,judydoll,moisturizer,,"light, sun defense",,
elformula cerahydro barrier repair moisturizer cream,elformula,moisturizer cream,,cerahydro barrier repair,,
tavi shield mist setting spray makeup,tavi,mist setting spray makeup,,shield,,
pyunkang yul black tea cream,pyunkang yul,cream,black tea,,,
d savior dark spot serum noda hitam,d savior,serum,,"dark spot, noda hitam",3,"Pelembap, Retinol, dan Perlindungan Kulit"
esther peeling cream,esther,cream,,peeling,1,Skincare Anti-Aging dan Brightening
the originote astachiol serum,the originote,serum,astachiol,,,
biore mens scrub white,biore mens,scrub,,white,2,Pembersih Wajah dan Perawatan Jerawat
ms glow penghilang flek hitam bopeng,ms glow,,,penghilang flek hitam bopeng,,
caudalie hyaluronic serum,caudalie,serum,hyaluronic,,2,Pembersih Wajah dan Perawatan Jerawat
charis madecassoside cica cream,charis,cream,madecassoside cica,,5,Brightening dengan Bahan Aktif
somethinc omega deep cleansing balm untuk makeup remover kulit bersih lembap,somethinc,balm,omega,"deep cleansing, untuk makeup remover kulit bersih lembap",1,Skincare Anti-Aging dan Brightening
felinz lash brow serum,felinz,lash brow serum,,,,
hada labo ultimate anti - aging milk,hada labo,,milk,ultimate anti - aging,,
hanasui flawless glow 10 day cream,hanasui,cream,,flawless glow 10 day,,
emina face mask grape seed olive,emina,face mask,grape seed olive,,,
skintific day light sunscreen mist spf 50 pa,skintific,sunscreen mist,,"day light, spf 50 pa",,
safi age defy cream cleanser deep moisturer,safi,"cream cleanser, moisturer",,"age defy, deep",4,Hidrasi dan Perawatan Kulit Sensitif
pyunkang yul essence toner,pyunkang yul,essence toner,,,,
azarine cicamide barrier sunscreen moisturizer spf35 pa sp35,azarine,sunscreen moisturizer,"cicamide, sp35","barrier, spf35 pa",5,Brightening dengan Bahan Aktif
rose day brightening dark spot toner,rose day,toner,,brightening dark spot,5,Brightening dengan Bahan Aktif
from this island mangosteen brightening serum,from this island,serum,mangosteen,brightening,5,Brightening dengan Bahan Aktif
b erl peeling solution apple serum exfoliating aha bha pha glycolic acid,b erl,serum,"aha bha pha glycolic acid, apple","exfoliating, peeling solution",,
avoskin shield of sun essence spf 50 pa,avoskin,essence,,"shield of sun, spf 50 pa",1,Skincare Anti-Aging dan Brightening
mary may niacinamide chaenomeles sinesis serum,mary may,serum,niacinamide chaenomeles sinesis,,1,Skincare Anti-Aging dan Brightening
pyunkang yul calming deep moisturizer toner,pyunkang yul,moisturizer toner,,calming deep,4,Hidrasi dan Perawatan Kulit Sensitif
abib essence,abib,essence,,,,
dexskin derma express jerawat skin refine cleanser,dexskin derma express,cleanser,,jerawat skin refine,4,Hidrasi dan Perawatan Kulit Sensitif
innisfree green tea seed hyaluronic serum wajah essence,innisfree,serum wajah essence,green tea seed hyaluronic,,3,"Pelembap, Retinol, dan Perlindungan Kulit"
anua heartleaf soothing toner,anua,toner,heartleaf,soothing,3,"Pelembap, Retinol, dan Perlindungan Kulit"
bhumi glacier water calming cleanser,bhumi,cleanser,,glacier water calming,5,Brightening dengan Bahan Aktif
2 nivea men face scrub bright oil clear pore minimizing sabun cuci wajah pria mencerahkan minyak berlebih berminyak kulit kusam mengecilkan pori komedo vitamin c,2 nivea men,"face scrub, sabun cuci wajah pria",vitamin c,"bright oil clear pore minimizing, mencerahkan minyak berlebih berminyak kulit kusam mengecilkan pori komedo",2,Pembersih Wajah dan Perawatan Jerawat
emina bright niacinamide ceramide brightening facial cleanser,emina,facial cleanser,"ceramide, niacinamide","bright, brightening",,
poise anti jerawat facial foam,poise,facial foam,,anti jerawat,5,Brightening dengan Bahan Aktif
la roche posay foaming gel cleanser facial wash kulit,la roche posay,foaming gel cleanser facial wash,,kulit,2,Pembersih Wajah dan Perawatan Jerawat
studio tropik pa peach skin pretty filter,studio tropik,,peach,"pa, skin pretty filter",,
cosrx aloe soothing sun cream spf 50 pa,cosrx,cream,aloe,"soothing sun, spf 50 pa",,
l oreal glycolic bright glowing daily cleanser foam,l oreal,cleanser foam,glycolic,bright glowing daily,3,"Pelembap, Retinol, dan Perlindungan Kulit"
labore multi pigmentation brightening serum,labore,serum,,multi pigmentation brightening,,
neogen bio peel gauze peeling lemon,neogen bio,peel gauze,lemon,peeling,3,"Pelembap, Retinol, dan Perlindungan Kulit"
nivea sunscreen face serum protect light feel spf50 pa sunblock cocok kulit sensitif spf uv lightweight tekstur ringan cepat meresap tidak lengket no whitecast,nivea,"sunblock, sunscreen face serum",,"cocok kulit sensitif spf uv lightweight tekstur ringan cepat meresap tidak lengket no whitecast, protect light feel spf50 pa",,
somethinc renewal serum,somethinc,serum,,renewal,,
wardah glycolic acid maltobionic succinic peeling serum,wardah,serum,"glycolic acid, maltobionic, succinic",peeling,2,Pembersih Wajah dan Perawatan Jerawat
pyunkang yul jerawat toner,pyunkang yul,toner,,jerawat,,
heimish clean white clay foam,heimish,clay foam,,clean white,3,"Pelembap, Retinol, dan Perlindungan Kulit"
nivea men vitamin scrub extra bright sabun cuci wajah pria mencerahkan angkat sel kulit mati brightening kusam cleanser membersihkan pori polusi debu kotoran hyaluronic acid,nivea men,"cleanser, sabun cuci wajah pria, scrub","hyaluronic acid, vitamin","extra bright, membersihkan pori polusi debu kotoran, mencerahkan angkat sel kulit mati brightening kusam",5,Brightening dengan Bahan Aktif
glow better effortless eye cream light,glow better,cream,,"effortless, eye, light",1,Skincare Anti-Aging dan Brightening
wardah defense energizing creamy wash,wardah,creamy wash,,defense energizing,4,Hidrasi dan Perawatan Kulit Sensitif
crystallure supreme advanced hydra gel,crystallure supreme,gel,,advanced hydra,,
erha age corrector facial wash,erha,facial wash,,age corrector,2,Pembersih Wajah dan Perawatan Jerawat
erha21 eternalips spf 20 pa,erha21,eternalips,,spf 20 pa,2,Pembersih Wajah dan Perawatan Jerawat
kahf triple protection sunscreen moisturizer,kahf,sunscreen moisturizer,,triple protection,4,Hidrasi dan Perawatan Kulit Sensitif
kahf jerawat and pore cleanse scrub face wash,kahf,scrub face wash,,jerawat and pore cleanse,,
haruharu black bamboo mist,haruharu,bamboo mist,black,,,
garnier men acno fight anti jerawat foam,garnier men,foam,,acno fight anti jerawat,,
caudalie beauty,caudalie,,,beauty,5,Brightening dengan Bahan Aktif
skintific retinol skin renewal serum,skintific,serum,retinol,skin renewal,,
d alba white spray serum,d alba,spray serum,,white,,
l oreal glycolic bright glowing day cream spf17,l oreal,cream,glycolic,"bright glowing day, spf17",5,Brightening dengan Bahan Aktif
abib heartleaf facial mist calming spray,abib,"facial mist, spray",heartleaf,calming,2,Pembersih Wajah dan Perawatan Jerawat
elformula daily gentle low ph facial cleanser wash intensive peeling solution,elformula,facial cleanser wash,,"daily gentle low ph, intensive peeling solution",5,Brightening dengan Bahan Aktif
skintific niacinamide brightening serum,skintific,serum,niacinamide,brightening,5,Brightening dengan Bahan Aktif
haruharu black rice bakuchiol eye cream,haruharu,cream,black rice bakuchiol,eye,3,"Pelembap, Retinol, dan Perlindungan Kulit"
b erl peeling serum barrier moisturizer soothing gel calming,b erl,"gel, moisturizer, serum",,"barrier, calming, peeling, soothing",,
long lasting sunscreen spray,,sunscreen spray,,long lasting,4,Hidrasi dan Perawatan Kulit Sensitif
innisfree cherry blossom glow jelly cream mencerahkan untuk kulit kusam,innisfree cherry blossom,jelly cream,,"glow, mencerahkan untuk kulit kusam",3,"Pelembap, Retinol, dan Perlindungan Kulit"
benton eyelash serum,benton,eyelash serum,,,1,Skincare Anti-Aging dan Brightening
wardah advanced solusi masalah kulit moisturizer day cream serum lightening bright renew you rose defense,wardah,"cream serum, moisturizer",rose,"advanced solusi masalah kulit, day, defense, lightening bright renew you",3,"Pelembap, Retinol, dan Perlindungan Kulit"
aizen barrier sun combo skin protect,aizen,,,barrier sun combo skin protect,3,"Pelembap, Retinol, dan Perlindungan Kulit"
avoskin deep body cleanser,avoskin,deep body cleanser,,,1,Skincare Anti-Aging dan Brightening
mary may cordata tea tree cleansing foam,mary may,foam,cordata tea tree,cleansing,4,Hidrasi dan Perawatan Kulit Sensitif
caudalie dark spot niacinamide moisturizer cream siang kulit bercahaya anti noda hitam,caudalie,moisturizer cream,niacinamide,"dark spot, siang kulit bercahaya anti noda hitam",,
dorskin cica gentle cleanser,dorskin,gentle cleanser,cica,,,
nutrishe acid exfoliating serum,nutrishe,serum,acid,exfoliating,,
azarine hydrasoothe sunscreen gel spf45 untuk kulit berminyak semua jenis,azarine,sunscreen gel,,"hydrasoothe, spf45 untuk kulit berminyak semua jenis",,
kose speedy cleansing oil makeup remover,kose,,,"makeup remover, speedy cleansing oil",4,Hidrasi dan Perawatan Kulit Sensitif
wardah renew you treatment essence menghidrasi kulit wajah,wardah,essence,,"menghidrasi kulit wajah, renew you treatment",4,Hidrasi dan Perawatan Kulit Sensitif
scarlett white jerawat essence toner,scarlett,essence toner,,white jerawat,,
lagom white moisturizer cream,lagom,moisturizer cream,,white,5,Brightening dengan Bahan Aktif
dermaster lavijue wrinkle care serum clabiane ultra daily sunscreen,"clabiane, dermaster lavijue","serum, sunscreen",,"ultra daily, wrinkle care",,
safi white expert cleanser toner,safi,cleanser toner,,white expert,3,"Pelembap, Retinol, dan Perlindungan Kulit"
glowlabs soothe and shoot spf,glowlabs,,,"soothe and shoot, spf",1,Skincare Anti-Aging dan Brightening
caudalie resveratrol lift firming serum anti - aging,caudalie,serum,resveratrol,"anti - aging, lift firming",4,Hidrasi dan Perawatan Kulit Sensitif
alpha arbutin powder,,,alpha arbutin powder,,,
medicin medicated,,medicin,,medicated,2,Pembersih Wajah dan Perawatan Jerawat
ultima ii clear white anti - aging face essence,ultima ii,face essence,,"anti - aging, clear white",1,Skincare Anti-Aging dan Brightening
torriden skin booster,torriden,,,skin booster,3,"Pelembap, Retinol, dan Perlindungan Kulit"
jumiso soothing cica aloe essence toner,jumiso,essence toner,cica aloe,soothing,3,"Pelembap, Retinol, dan Perlindungan Kulit"
isntree hyaluronic acid toner,isntree,toner,hyaluronic acid,,5,Brightening dengan Bahan Aktif
elvicto parfum,elvicto,parfum,,,,
heimish rose tone up sunscreen,heimish,tone up sunscreen,rose,,,
emina water calming gel,emina,gel,,water calming,4,Hidrasi dan Perawatan Kulit Sensitif
avoskin retinol ampoule,avoskin,,retinol,ampoule,,
elformula mugwort soothing sun gel spf 40 pa mencerahkan wajah kusam hyaluronic niacinamide extract facial,elformula,"extract facial, gel","hyaluronic niacinamide, mugwort","soothing sun, spf 40 pa mencerahkan wajah kusam",,
jumiso hyaluronic acid cream,jumiso,cream,hyaluronic acid,,3,"Pelembap, Retinol, dan Perlindungan Kulit"
elvicto men toner wajah pria membantu memudarkan kulit kusam hydrating brightening penyeimbang ph glowing white,elvicto men,toner wajah pria,,"membantu memudarkan kulit kusam hydrating brightening penyeimbang ph glowing, white",3,"Pelembap, Retinol, dan Perlindungan Kulit"
pyunkang yul calming sun cream spf 50 pa,pyunkang yul,cream,,"calming sun, spf 50 pa",,
l oreal uv defender serum protector sunscreen resist spf 50 pa,l oreal,defender serum protector sunscreen,,"resist spf 50 pa, uv",5,Brightening dengan Bahan Aktif
mother of pearl gel sunscreen spf 50 pa,mother of pearl,"gel, sunscreen",,spf 50 pa,2,Pembersih Wajah dan Perawatan Jerawat
skin sake retinol cream polyglutamic acid,skin sake,cream,"polyglutamic acid, retinol",,,
avoskin vitamin c wrinkle balm moisturizing stick,avoskin,"balm, stick",vitamin c,"moisturizing, wrinkle",,
esther serum,esther,serum,,,1,Skincare Anti-Aging dan Brightening
natur e white bright glow radiant miracle booster serum wajah vitamin niacinamide glutathione olive mencerahkan memperbaiki kulit,natur e,serum wajah,vitamin niacinamide glutathione olive,"mencerahkan memperbaiki kulit, white bright glow radiant miracle booster",,
b erl mencerahkan melembabkan perawatan wajah pelembab niacinamide lightening facial serum moisturizer,b erl,"facial serum, moisturizer, pelembab",niacinamide,"lightening, mencerahkan melembabkan perawatan wajah",,
ponds age miracle wrinkle corrector day cream spf18,ponds,cream,,"age miracle wrinkle corrector day, spf18",4,Hidrasi dan Perawatan Kulit Sensitif
skin light soap,,soap,,skin light,5,Brightening dengan Bahan Aktif
omg oh my glow bright booster moisturizer,omg oh my glow,moisturizer,,bright booster,2,Pembersih Wajah dan Perawatan Jerawat
innisfree long lasting sunscreen spf50 pa,innisfree,sunscreen,,"long lasting, spf50 pa",5,Brightening dengan Bahan Aktif
safi white expert day cream spf15,safi,cream,,"spf15, white expert day",,
ponds pure bright facial foam,ponds,facial foam,,pure bright,3,"Pelembap, Retinol, dan Perlindungan Kulit"
some mi aha bha pha 30 days miracle cream,some mi,cream,aha bha pha,30 days miracle,2,Pembersih Wajah dan Perawatan Jerawat
numbuzin glossy essence serum,numbuzin,essence serum,,glossy,,
restorative protective cream,,cream,,restorative protective,,
innisfree orchid toner,innisfree,toner,orchid,,4,Hidrasi dan Perawatan Kulit Sensitif
erha ultimate radiance face,erha,,,ultimate radiance face,,
numbuzin clear filter essence,numbuzin,essence,,clear filter,,
erha glow rejuvenation facial dna salmon retinol brightening hyaluronic repair,erha,facial,"dna salmon retinol, hyaluronic","brightening, glow rejuvenation, repair",,
cosrx salicylic acid daily cleanser,cosrx,cleanser,salicylic acid,daily,,
skin game hydrating facial wash,skin game,facial wash,,hydrating,4,Hidrasi dan Perawatan Kulit Sensitif
nivea men extra bright vitamin face scrub,nivea men,face scrub,vitamin,extra bright,1,Skincare Anti-Aging dan Brightening
abib essence calming drop,abib,essence,,calming drop,4,Hidrasi dan Perawatan Kulit Sensitif
beauty of joseon sunscreen rice probiotics,beauty of joseon,sunscreen,rice probiotics,,5,Brightening dengan Bahan Aktif
viva milk cleanser bengkuang membersihkan wajah untuk kulit normal,viva,cleanser,"bengkuang, milk",membersihkan wajah untuk kulit normal,2,Pembersih Wajah dan Perawatan Jerawat
esther moisturizer gel,esther,moisturizer gel,,,,
biore pore,biore,,,pore,,
adleeva moisturizer gel cream,adleeva,"gel cream, moisturizer",,,5,Brightening dengan Bahan Aktif
kose deep cleansing oil makeup remover cleanser,kose,,,deep cleansing oil makeup remover cleanser,1,Skincare Anti-Aging dan Brightening
esther sun cream tabir surya wajah,esther,sun cream tabir surya wajah,,,,
dermies facial jerawat comedo extraction,dermies,facial,,jerawat comedo extraction,,
elizabeth arden brightening cicaglow,elizabeth arden,,cicaglow,brightening,,
numbuzin cica ceramide repair cream,numbuzin,cream,cica ceramide,repair,1,Skincare Anti-Aging dan Brightening
avoskin miraculous refining serum,avoskin,serum,,miraculous refining,3,"Pelembap, Retinol, dan Perlindungan Kulit"
avoskin hydrating treatment essence,avoskin,essence,,hydrating treatment,,
glad2glow pomegranate niacinamide brightening toner,glad2glow,toner,pomegranate niacinamide,brightening,5,Brightening dengan Bahan Aktif
tavi shield mist,tavi,mist,,shield,,
emina high res bright glow sphere serum,emina,sphere serum,,high res bright glow,2,Pembersih Wajah dan Perawatan Jerawat
cerave hydrating foaming oil facial cleanser,cerave,foaming oil facial cleanser,,hydrating,1,Skincare Anti-Aging dan Brightening
ultima ii hydrating serum,ultima ii,serum,,hydrating,,
anessa day serum spf50 pa,anessa,serum,,"day, spf50 pa",,
5 calm little fairy remaja untuk kulit sensitif kemerahan,little fairy,,,"5 calm, remaja untuk kulit sensitif kemerahan",4,Hidrasi dan Perawatan Kulit Sensitif
serum wajah lebih mencerahkan gllowing skin,,serum wajah,,lebih mencerahkan gllowing skin,4,Hidrasi dan Perawatan Kulit Sensitif
roro mendut sleeping mask glow anti - aging,roro mendut,sleeping mask,,glow anti - aging,,
scarlett jerawat serum tea tree salicyclic acid liquorice,scarlett,serum,"salicyclic acid liquorice, tea tree",jerawat,,
jf anti jerawat cleanser,jf,cleanser,,anti jerawat,3,"Pelembap, Retinol, dan Perlindungan Kulit"
sk ii ultimate perfecting eye cream,sk ii,cream,,ultimate perfecting eye,3,"Pelembap, Retinol, dan Perlindungan Kulit"
npure licorice bring the light cleanser,npure,cleanser,licorice,bring the light,4,Hidrasi dan Perawatan Kulit Sensitif
klairs supple preparation facial toner,klairs,facial toner,,supple preparation,,
glad2glow pomegranate niacinamide brightening moisturizer,glad2glow,moisturizer,"niacinamide, pomegranate",brightening,,
mary may peptide bakuchiol sun stick spf50 pa,mary may,sun stick,peptide bakuchiol,spf50 pa,2,Pembersih Wajah dan Perawatan Jerawat
parasol sunscreen gel,parasol,sunscreen gel,,,2,Pembersih Wajah dan Perawatan Jerawat
lagom mist toner,lagom,mist toner,,,2,Pembersih Wajah dan Perawatan Jerawat
innisfree retinol cica moisturizer recovery serum,innisfree,moisturizer recovery serum,retinol cica,,4,Hidrasi dan Perawatan Kulit Sensitif
shizengokochi facial soap green tea,shizengokochi,facial soap,green tea,,,
esther retinol cica,esther,,retinol cica,,3,"Pelembap, Retinol, dan Perlindungan Kulit"
innisfree bija trouble cleansing foam cleanser,innisfree,foam cleanser,bija,trouble cleansing,2,Pembersih Wajah dan Perawatan Jerawat
isntree hyaluronic acid watery sun gel spf50 pa,isntree,gel,hyaluronic acid,"spf50 pa, watery sun",2,Pembersih Wajah dan Perawatan Jerawat
tocobo ceramide cream,tocobo,cream,ceramide,,1,Skincare Anti-Aging dan Brightening
esther brightening eye serum 0 ampul mata,esther,serum,,"0 ampul mata, brightening eye",4,Hidrasi dan Perawatan Kulit Sensitif
neogen bio peel gauze pad,neogen bio,peel gauze pad,,,,
avoskin serum,avoskin,serum,,,2,Pembersih Wajah dan Perawatan Jerawat
viva face tonic bengkuang pembersihan penyegar,viva,face tonic,bengkuang,pembersihan penyegar,,
viva face tonic spirulina biru penyegar,viva,face tonic,spirulina biru,penyegar,4,Hidrasi dan Perawatan Kulit Sensitif
viva milk cleanser lemon berminyak facial,viva,cleanser,"lemon, milk",berminyak facial,3,"Pelembap, Retinol, dan Perlindungan Kulit"
sk ii skinpower essence,sk ii,essence,,skinpower,1,Skincare Anti-Aging dan Brightening
aizen brightening barrier,aizen,,,brightening barrier,3,"Pelembap, Retinol, dan Perlindungan Kulit"
somethinc acnedot treatment low ph cleanser,somethinc,cleanser,,acnedot treatment low ph,1,Skincare Anti-Aging dan Brightening
votre peau sunscreen spf 50 pa ultra light weight niacinamide centella asiatica,votre peau,sunscreen,"centella asiatica, niacinamide",spf 50 pa ultra light weight,4,Hidrasi dan Perawatan Kulit Sensitif
lagom gel cleanser,lagom,"cleanser, gel",,,,
wardah glow toner ceramide aquaporin95 meningkatkan hidrasi memperbaiki skin barrier,wardah,toner,ceramide aquaporin95,"glow, meningkatkan hidrasi memperbaiki skin barrier",2,Pembersih Wajah dan Perawatan Jerawat
elemis dynamic resurfacing facial pads kapas exfoliating,elemis,"facial pads, kapas",,"dynamic resurfacing, exfoliating",1,Skincare Anti-Aging dan Brightening
beplain bean ph balanced cleansing foam,beplain,foam,bean,ph balanced cleansing,2,Pembersih Wajah dan Perawatan Jerawat
erha ultracalm face serum,erha,serum,,ultracalm face,,
nutrishe jerawat blemish advanced serum,nutrishe,serum,,jerawat blemish advanced,1,Skincare Anti-Aging dan Brightening
wardah uv shield airy smooth sunscreen serum spf 50 pa lightening concealer base make up wajah terlindungi noda hitam bekas jerawat tertutupi,wardah,"concealer, sunscreen serum",,"base make up wajah terlindungi noda hitam bekas jerawat tertutupi, spf 50 pa lightening, uv shield airy smooth",5,Brightening dengan Bahan Aktif
somethinc sunscreen spf 40 pa,somethinc,sunscreen,,spf 40 pa,5,Brightening dengan Bahan Aktif
labore sensitive physical sunscreen spf 50 pa,labore,sunscreen,,"physical, sensitive, spf 50 pa",,
beauty of joseon ginseng essence,beauty of joseon,essence,ginseng,,,
diri essentials prepme daily toner lactic acid citric niacinamide mencerahkan wajah kusam untuk semua jenis kulit,diri,"essentials, toner","citric niacinamide, lactic acid","mencerahkan wajah kusam untuk semua jenis kulit, prepme daily",3,"Pelembap, Retinol, dan Perlindungan Kulit"
numbuzin deep clean fresh cream cleanser,numbuzin,cream cleanser,,deep clean fresh,3,"Pelembap, Retinol, dan Perlindungan Kulit"
dermaster hydrating wrinkle care,dermaster,,,hydrating wrinkle care,,
skintific niacinamide brightening cleanser,skintific,cleanser,niacinamide,brightening,,
skin aqua moisturizer milk spf 50,skin aqua,moisturizer,milk,spf 50,,
viva cream pelembab wajah uv filter vitamin e,viva,cream pelembab wajah,vitamin e,uv filter,,
peg 40 hydrogenated castor oil,peg 40,,castor oil,hydrogenated,1,Skincare Anti-Aging dan Brightening
elformula intensive peeling solution mugwort soothing sun gel spf 40 pa,elformula,"gel, peeling",mugwort,"intensive, solution, soothing sun, spf 40 pa",,
cerave hydrating cleanser,cerave,cleanser,,hydrating,4,Hidrasi dan Perawatan Kulit Sensitif
fair lovely vitamin c glow,fair lovely,,vitamin c,glow,,
kanebo lotion,kanebo,lotion,,,4,Hidrasi dan Perawatan Kulit Sensitif
allura oil control mild cleanser foam,allura,cleanser foam,,oil control mild,4,Hidrasi dan Perawatan Kulit Sensitif
face serum retinol anti - aging,,face serum,retinol,anti - aging,,
holika aloe waterproof sun cream,holika,sun cream,aloe,waterproof,,
moisturizer avoskin multi herbs cooling effect,avoskin,moisturizer,multi herbs,cooling effect,4,Hidrasi dan Perawatan Kulit Sensitif
bio essence renew radiant youth facial oil,bio essence,,,renew radiant youth facial oil,3,"Pelembap, Retinol, dan Perlindungan Kulit"
romano perawatan daily use essential,romano,essential,,perawatan daily use,3,"Pelembap, Retinol, dan Perlindungan Kulit"
ms glow white pencerah glowing,ms glow,,,"pencerah glowing, white",,
diri essentials jerawat kulit sensitif,diri,essentials,,"jerawat, kulit sensitif",4,Hidrasi dan Perawatan Kulit Sensitif
pyunkang yul calming moisturizer mist,pyunkang yul,moisturizer mist,,calming,,
baby pink brightening facial wash,baby pink,facial wash,,brightening,5,Brightening dengan Bahan Aktif
pigeon teens facial foam remaja wajah,pigeon teens,facial foam,,remaja wajah,,
elemis collagen cream pelembab wajah,elemis,cream pelembab wajah,collagen,,,
elemis collagen skin protection spf 50 sunscreen wajah,elemis,sunscreen wajah,collagen,"skin protection, spf 50",,
npure licorice brigthening glowing,npure,,licorice,brigthening glowing,5,Brightening dengan Bahan Aktif
klairs preparation facial toner,klairs,facial toner,,preparation,,
caudalie purifying toner anti jerawat,caudalie,toner,,"anti jerawat, purifying",,
elizabeth arden ceramide daily youth restoring face serum,elizabeth arden,face serum,ceramide,daily youth restoring,,
skintific retinol skin renewal serum wajah untuk mengurangi kerutan garis halus anti - aging,skintific,serum wajah,retinol,"anti - aging, skin renewal, untuk mengurangi kerutan garis halus",,
wardah light low ph niacinamide hyaluronic zinc facial foam,wardah,facial foam,niacinamide hyaluronic zinc,light low ph,1,Skincare Anti-Aging dan Brightening
b erl mencerahkan anti ribet facia wash lightening facial serum essence,b erl,"essence, facia wash, facial serum",,"lightening, mencerahkan anti ribet",2,Pembersih Wajah dan Perawatan Jerawat
somethinc body care perawatan tubuh,somethinc,body care,,perawatan tubuh,,
jumiso pore purifying salicylic acid foaming cleanser,jumiso,foaming cleanser,salicylic acid,pore purifying,,
mary may blackberry cream essence,mary may,cream essence,blackberry,,1,Skincare Anti-Aging dan Brightening
aizen barrier sun,aizen,,,barrier sun,5,Brightening dengan Bahan Aktif
glowing luxury intense lightening moisturizer sunscreen untuk mencerahkan wajah,,moisturizer sunscreen,,"glowing luxury, intense lightening, untuk mencerahkan wajah",5,Brightening dengan Bahan Aktif
somethinc glow aha bha pha clarifying treatment toner exfoliating untuk angkat sel kulit mati lebih glowing,somethinc,toner,aha bha pha,"clarifying treatment, exfoliating untuk angkat sel kulit mati lebih glowing, glow",3,"Pelembap, Retinol, dan Perlindungan Kulit"
innisfree green tea seed hyaluronic cream wajah moisturizer,innisfree,cream wajah moisturizer,green tea seed hyaluronic,,1,Skincare Anti-Aging dan Brightening
sk ii men facial treatment essence,sk ii men,essence,,facial treatment,3,"Pelembap, Retinol, dan Perlindungan Kulit"
wardah hyaluron pentavitin deep water restore gel moisturizer,wardah,gel moisturizer,hyaluron pentavitin,deep water restore,3,"Pelembap, Retinol, dan Perlindungan Kulit"
aizen sun,aizen,,,sun,,
innisfree black tea youth enhancing skin toner anti - aging untuk segarkan kulit lelah,innisfree,toner,black tea,"anti - aging untuk segarkan kulit lelah, youth enhancing skin",,
implora ceramide skin barrier moisturizing gel,implora,gel,ceramide,skin barrier moisturizing,3,"Pelembap, Retinol, dan Perlindungan Kulit"
beneath bhumi essence,beneath bhumi,essence,,,,
bioderma spf30,bioderma,,,spf30,,
nature aloe fresh sun stick spf50,nature,sun stick,aloe,"fresh, spf50",,
emina uv gel spf 50 pa,emina,gel,,"spf 50 pa, uv",,
innisfree vitamin c green tea enzyme brightening serum,innisfree,serum,vitamin c green tea enzyme,brightening,,
ponds ultra light gel hydrating moisturizer cera hyamino,ponds,"gel, moisturizer",cera hyamino,"hydrating, ultra light",1,Skincare Anti-Aging dan Brightening
labore sensitive physical sunscreen,labore,sunscreen,,"physical, sensitive",,
sheetmasks elformula antiox serum cerahydro barrier repair moisturizer gel,elformula,"moisturizer gel, serum, sheetmasks",,"antiox, cerahydro barrier repair",,
collab tavi labore cica sun shield gel oil staining lip barrier revive cream,collab tavi labore,"cream, gel",cica,"barrier revive, oil staining lip, sun shield",5,Brightening dengan Bahan Aktif
dear me beauty skin barrier physical sunscreen spf 50 pa,dear me beauty,sunscreen,,"skin barrier physical, spf 50 pa",4,Hidrasi dan Perawatan Kulit Sensitif
skin game watery moisturizer pelembab wajah untuk barrier kulit berminyak,"skin game, watery",moisturizer pelembab wajah,,untuk barrier kulit berminyak,2,Pembersih Wajah dan Perawatan Jerawat
wardah uv shield aqua fresh essence spf 50 pa,wardah,essence,,"spf 50 pa, uv shield aqua fresh",,
safi essence pelembab kulit wajah,safi,essence pelembab,,kulit wajah,2,Pembersih Wajah dan Perawatan Jerawat
somethinc,somethinc,,,,4,Hidrasi dan Perawatan Kulit Sensitif
benton snail bee high content steam cream,benton,cream,snail bee,high content steam,5,Brightening dengan Bahan Aktif
caudalie instant foaming cleanser sabun wajah,caudalie,cleanser sabun wajah,,instant foaming,,
caudalie moisturizing routine essentials,caudalie,essentials,,moisturizing routine,,
amaterasun brightening sunscreen spf 50 pa,amaterasun,sunscreen,,"brightening, spf 50 pa",5,Brightening dengan Bahan Aktif
caudalie face mist,caudalie,face mist,,,4,Hidrasi dan Perawatan Kulit Sensitif
vitamin b5 panthenol,,,"panthenol, vitamin b5",,,
d alba white spray serum,d alba,spray serum,,white,,
somethinc omega deep cleansing balm,somethinc,balm,omega,deep cleansing,,
some mi aha bha pha 30 days miracle serum,some mi,serum,aha bha pha,30 days miracle,,
rose day moisturizer,rose day,moisturizer,,,5,Brightening dengan Bahan Aktif
glad2glow pomegranate niacinamide,glad2glow,,"niacinamide, pomegranate",,1,Skincare Anti-Aging dan Brightening
allura cera peptinol night moisturizer,allura,moisturizer,cera peptinol,night,3,"Pelembap, Retinol, dan Perlindungan Kulit"
ultima ii hydrating foaming cleanser,ultima ii,foaming cleanser,,hydrating,3,"Pelembap, Retinol, dan Perlindungan Kulit"
dermies max instant glow treatment,dermies max,,,instant glow treatment,,
gatsby facial wash,gatsby,facial wash,,,2,Pembersih Wajah dan Perawatan Jerawat
aizen brightening skin repair barrier ceramide moisturizer hydrating,aizen,moisturizer,ceramide,"brightening skin repair barrier, hydrating",5,Brightening dengan Bahan Aktif
innisfree retinol cica moisturizer recovery serum,innisfree,moisturizer recovery serum,retinol cica,,1,Skincare Anti-Aging dan Brightening
esther intensive day cream pagi kulit aging,esther,cream,,"intensive day, pagi kulit aging",3,"Pelembap, Retinol, dan Perlindungan Kulit"
betadine cleanser,betadine,cleanser,,,2,Pembersih Wajah dan Perawatan Jerawat
beneath peaceful skin,beneath,,,peaceful skin,5,Brightening dengan Bahan Aktif
natur e clear and calm ceraglow skin barrier calming serum moisturizer gel melembabkan wajah ceramide,natur e,serum moisturizer gel,ceramide,"clear and calm ceraglow skin barrier calming, melembabkan wajah",3,"Pelembap, Retinol, dan Perlindungan Kulit"
d alba white cream cleanser,d alba,cream cleanser,,white,,
heimish matcha amino jerawat cleansing foam,heimish,foam,"amino, matcha",jerawat cleansing,,
esther dna peptide anti - aging serum,esther,serum,dna peptide,anti - aging,2,Pembersih Wajah dan Perawatan Jerawat
skintific matte fit serum sunscreen spf50 pa,skintific,serum sunscreen,,"matte fit, spf50 pa",4,Hidrasi dan Perawatan Kulit Sensitif
erha age corrector skin renew,erha,,,age corrector skin renew,,
pyunkang yul ultimate calming solution cream,pyunkang yul,cream,,ultimate calming solution,3,"Pelembap, Retinol, dan Perlindungan Kulit"
aizen retinal repair cleanse cleanser cleansing anti - aging,aizen,cleanser,retinal,"cleansing anti - aging, repair cleanse",3,"Pelembap, Retinol, dan Perlindungan Kulit"
labore sensitive barrier revive cream,labore,cream,,"barrier revive, sensitive",,
innisfree green tea hyaluronic mist,innisfree,mist,green tea hyaluronic,,1,Skincare Anti-Aging dan Brightening
wardah nature daily aloe facial wash,wardah,facial wash,aloe,nature daily,,
nivea men vitamin scrub extra bright sabun cuci wajah pria mencerahkan angkat sel kulit mati brightening kusam facial wash cleanser membersihkan pori polusi debu kotoran hyaluronic acid,nivea men,"facial wash cleanser, sabun cuci wajah pria, scrub","hyaluronic acid, vitamin","extra bright, membersihkan pori polusi debu kotoran, mencerahkan angkat sel kulit mati brightening kusam",3,"Pelembap, Retinol, dan Perlindungan Kulit"
skintific ceramide barrier moisturizer gel,skintific,moisturizer gel,ceramide,barrier,5,Brightening dengan Bahan Aktif
innisfree collagen green tea ceramide cream,innisfree,cream,collagen green tea ceramide,,1,Skincare Anti-Aging dan Brightening
implora luminous brightening serum,implora,serum,,luminous brightening,5,Brightening dengan Bahan Aktif
nivea men facial foam extra bright dark spot,nivea men,facial foam,,extra bright dark spot,4,Hidrasi dan Perawatan Kulit Sensitif
jumiso day vitamin firming serum,jumiso,serum,vitamin,"day, firming",,
esther serum,esther,serum,,,,
skintific ceramide serum sunscreen spf50 pa,skintific,serum sunscreen,ceramide,spf50 pa,,
skintific light serum sunscreen spf50 pa,skintific,serum sunscreen,,"light, spf50 pa",,
pond white beauty cleansing milk,pond,,milk,white beauty cleansing,,
anessa uv sunscreen milk,anessa,sunscreen,milk,uv,2,Pembersih Wajah dan Perawatan Jerawat
hada labo shirojyun lotion,hada labo shirojyun,lotion,,,5,Brightening dengan Bahan Aktif
dermaster sunscreen gel ceramide,dermaster,"gel, sunscreen",ceramide,,3,"Pelembap, Retinol, dan Perlindungan Kulit"
leoleo perawatan wajah pria extra glowing facial wash scrub white face serum sunscreen uv filter spf 50 pa mencerahkan,leoleo,"facial wash scrub, serum sunscreen",,"perawatan wajah pria extra glowing, uv filter spf 50 pa mencerahkan, white face",,
heimish matcha redness relief hydrating toner,heimish,toner,matcha,redness relief hydrating,,
innisfree hyaluronic moisturizer sunscreen spf50 pa untuk kulit kering,innisfree,moisturizer sunscreen,hyaluronic,spf50 pa untuk kulit kering,,
benton snaill bee eye patch,benton,patch,snaill bee,eye,,
metcovazin cream,metcovazin,cream,,,3,"Pelembap, Retinol, dan Perlindungan Kulit"
safi white expert replenishing night cream,safi,cream,,white expert replenishing night,,
ms glow men complite pencerah bersih pria,ms glow men,,,"complite pencerah bersih, pria",1,Skincare Anti-Aging dan Brightening
dermaster daily brightening,dermaster,,,daily brightening,1,Skincare Anti-Aging dan Brightening
dermaster serum anti wrinkle brightening,dermaster,serum,,anti wrinkle brightening,,
viva milk cleanser cucumber berminyak facial wajah,viva,"cleanser, wajah","cucumber, milk",berminyak facial,,
atocalm daily cream,atocalm,cream,,daily,,
ponds white beauty facial foam,ponds,facial foam,,white beauty,,
roro mendut lulur spirulina kulit kusam kering bruntusan,roro mendut,lulur,spirulina,kulit kusam kering bruntusan,3,"Pelembap, Retinol, dan Perlindungan Kulit"
elizabeth arden prevage anti - aging overnight cream,elizabeth arden,cream,,prevage anti - aging overnight,5,Brightening dengan Bahan Aktif
skinlife foaming facial wash pump,skinlife,foaming facial wash pump,,,,
safi age defy renewal night cream,safi,cream,,age defy renewal night,3,"Pelembap, Retinol, dan Perlindungan Kulit"
wardah uv shield aqua fresh essence spf,wardah,essence,,"spf, uv shield aqua fresh",,
hyaluronic acid sodium hyaluronate,,,hyaluronic acid sodium hyaluronate,,,
biore uv aqua rich watery essence spf50,biore,essence,,"spf50, uv aqua rich watery",,
labore sensitive barrier revive cream,labore,cream,,"barrier revive, sensitive",1,Skincare Anti-Aging dan Brightening
viva anti winkel cream,viva,cream,,anti winkel,,
hada labo tamagohada mild peeling make up remover face wash,hada labo tamagohada,face wash,,mild peeling make up remover,1,Skincare Anti-Aging dan Brightening
allura oil control mild pore cleanser foam,allura,cleanser foam,,oil control mild pore,1,Skincare Anti-Aging dan Brightening
acnes natural care face wash deep pore,acnes natural care,face wash,,deep pore,1,Skincare Anti-Aging dan Brightening
glad2glow vitamin c bright glow toner,glad2glow,toner,vitamin c,bright glow,4,Hidrasi dan Perawatan Kulit Sensitif
emina bright face wash,emina,face wash,,bright,,
hada labo gokujyun,hada labo gokujyun,,,,4,Hidrasi dan Perawatan Kulit Sensitif
esther clean wash sabun wajah kulit berminyak jerawat,esther,clean wash sabun wajah,,kulit berminyak jerawat,4,Hidrasi dan Perawatan Kulit Sensitif
haruharu centella phyto peptide concentrate cream,haruharu,concentrate cream,"centella phyto, peptide",,,
innisfree men fresh lotion,innisfree,lotion,,men fresh,5,Brightening dengan Bahan Aktif
dermies max facial jerawat oily skin comedo extraction,dermies max,facial,,jerawat oily skin comedo extraction,,
light and bright lightening serum mencerahkan niacinamide,,serum,niacinamide,"light and bright, lightening, mencerahkan",2,Pembersih Wajah dan Perawatan Jerawat
bhumi,bhumi,,,,2,Pembersih Wajah dan Perawatan Jerawat
skins sake glow essentials vitamin c hexylresorcinol hocl mist untuk mencerahkan kulit meratakan warna mengurangi bekas jerawat menenangkan sensitif tanpa iritasi,skins sake,"essentials, mist","hexylresorcinol hocl, vitamin c","glow, untuk mencerahkan kulit meratakan warna mengurangi bekas jerawat menenangkan sensitif tanpa iritasi",,
diri essentials sunscreen spf 50 pa pelindung wajah dari sinar uv matahari,diri,"essentials, sunscreen",,spf 50 pa pelindung wajah dari sinar uv matahari,5,Brightening dengan Bahan Aktif
natur e advanced age rejuve glow intensive firming serum wajah menjaga elastisitas kulit astaxanthin vitamin perawatan menutrisi,natur e,serum wajah,astaxanthin vitamin,"advanced age rejuve glow intensive firming, menjaga elastisitas kulit, perawatan menutrisi",3,"Pelembap, Retinol, dan Perlindungan Kulit"
numbuzin firming cream,numbuzin,cream,,firming,4,Hidrasi dan Perawatan Kulit Sensitif
dermies max jerawat scar treatment,dermies max,,,jerawat scar treatment,,
b erl lightening facial serum mencerahkan perawatan wajah memudarkan flek hitam pencerah anti kusam,b erl,facial serum,,"lightening, mencerahkan perawatan wajah memudarkan flek hitam pencerah anti kusam",,
sk ii facial treatment clear lotion,sk ii,lotion,,facial treatment clear,,
beauty of joseon revive eye cream ginseng retinal,beauty of joseon,revive eye cream,ginseng retinal,,,
beauty of joseon green plum refreshing cleanser,beauty of joseon,cleanser,green plum,refreshing,,
viva massage cream facial wajah,viva,cream facial wajah,,massage,5,Brightening dengan Bahan Aktif
somethinc calm down skinpair bubble cleanser facial untuk kulit sensitif sabun cuci wajah centella,somethinc,"bubble cleanser facial, sabun cuci wajah",centella,"calm down skinpair, untuk kulit sensitif",1,Skincare Anti-Aging dan Brightening
senka low ph calming cica,senka,,cica,low ph calming,,
base daily renewal natural exfoliating,base daily,,,renewal natural exfoliating,,
aizen brightening cleanser cleansing,aizen,cleanser,,"brightening, cleansing",5,Brightening dengan Bahan Aktif
forever young rivya rejuvenation cream backhousia facial wash,rivya,"cream, facial wash",backhousia,"forever young, rejuvenation",4,Hidrasi dan Perawatan Kulit Sensitif
wardah lightening exfoliator cleanser wajah scrub niacinamide,wardah,cleanser wajah scrub,niacinamide,"exfoliator, lightening",,
erha light peeling face,erha,,,light peeling face,,
ultima ii absolutely flawless face mist,ultima ii,face mist,,absolutely flawless,5,Brightening dengan Bahan Aktif
brightening booster vitamin 3 alpha arbutin,,,vitamin 3 alpha arbutin,brightening booster,2,Pembersih Wajah dan Perawatan Jerawat
paper filter 02 white,,paper filter 02,,white,2,Pembersih Wajah dan Perawatan Jerawat
cleansing milk,,,milk,cleansing,,
cerave moisturising cream pump skin barrier repair moisturizer ceramide dry pelembap untuk kulit kering,cerave,"cream pump, moisturizer, pelembap",ceramide,"dry, moisturising, skin barrier repair, untuk kulit kering",1,Skincare Anti-Aging dan Brightening
viva white advanced serum mencerahkan niacinamide vitamin,viva,serum,niacinamide vitamin,"mencerahkan, white advanced",1,Skincare Anti-Aging dan Brightening
natur e face cream pelembab wajah ekstrak pomegranate vitamin membantu melembapkan menutrisi kulit,natur e,face cream pelembab wajah,ekstrak pomegranate vitamin,membantu melembapkan menutrisi kulit,3,"Pelembap, Retinol, dan Perlindungan Kulit"
aizen jerawat skin repair combo treatment,aizen,,,jerawat skin repair combo treatment,,
hanasui peeling serum,hanasui,serum,,peeling,4,Hidrasi dan Perawatan Kulit Sensitif
nature soothing moisturizer aloe vera gel,nature,"gel, moisturizer",aloe vera,soothing,2,Pembersih Wajah dan Perawatan Jerawat
erha face lips,erha,face lips,,,,
aizen scar barrier,aizen,,,scar barrier,,
innisfree vitamin c tone up sunscreen spf50 pa mencerahkan wajah,innisfree,tone up sunscreen,vitamin c,spf50 pa mencerahkan wajah,3,"Pelembap, Retinol, dan Perlindungan Kulit"
viva milk cleanser facial wajah membersihkan,viva,cleanser facial wajah,milk,membersihkan,,
lore crystal soap jerawat skin sabun wajah,lore,"crystal soap, sabun wajah",,jerawat skin,,
erha jerawat cleanser scrub,erha,cleanser scrub,,jerawat,1,Skincare Anti-Aging dan Brightening
safi age defy serum,safi,serum,,age defy,1,Skincare Anti-Aging dan Brightening
viva cream extra care perawatan wajah pelembab mencerahkan vitamin a natural oil omega 3,viva,"cream, pelembab","omega 3, vitamin a","extra care perawatan wajah, mencerahkan, natural oil",3,"Pelembap, Retinol, dan Perlindungan Kulit"
luxcrime ultra light sunscreen essence spf 50 pa,luxcrime,sunscreen essence,,"spf 50 pa, ultra light",,
hayejin blessing of sprout vitality cream,hayejin,cream,,blessing of sprout vitality,,
caudalie brightening glycolic essence pencerah wajah,caudalie,essence,glycolic,"brightening, pencerah wajah",,
glad2glow dark spot moisturizer,glad2glow,moisturizer,,dark spot,,
alantoin allantoin,,,alantoin allantoin,,,
isdin vital eyes,isdin,,,vital eyes,2,Pembersih Wajah dan Perawatan Jerawat
glad2glow vitamin c bright glow cleanser,glad2glow,cleanser,vitamin c,bright glow,,
martiderm night renew 30 ampoules,martiderm,,,night renew 30 ampoules,1,Skincare Anti-Aging dan Brightening
true to skin hyaluronic hydrating barrier serum,true to skin,serum,hyaluronic,hydrating barrier,4,Hidrasi dan Perawatan Kulit Sensitif
innisfree tone up watering sunscreen spf50 pa,innisfree,"sunscreen, tone up",,"spf50 pa, watering",,
avoskin miraculous refining toner,avoskin,toner,,miraculous refining,4,Hidrasi dan Perawatan Kulit Sensitif
finally found you soy bright moisturizer primer makeup gel pelembab cream siang malam,finally found you soy,moisturizer primer makeup gel pelembab cream,,"bright, siang malam",3,"Pelembap, Retinol, dan Perlindungan Kulit"
abib sedum hyaluron pad hydrating touch,abib,"pad, sedum",hyaluron,hydrating touch,2,Pembersih Wajah dan Perawatan Jerawat
pyunkang yul calming pore clear wash,pyunkang yul,,,calming pore clear wash,2,Pembersih Wajah dan Perawatan Jerawat
mary may hyaluronics serum,mary may,serum,hyaluronics,,3,"Pelembap, Retinol, dan Perlindungan Kulit"
esther toner,esther,toner,,,1,Skincare Anti-Aging dan Brightening
beauty of joseon glow rice milk,beauty of joseon,,rice milk,glow,,
pyunkang yul jerawat facial cleanser,pyunkang yul,facial cleanser,,jerawat,,
safi age defy youth,safi,,,age defy youth,,
amaterasun sunscreen spf 50 pa,amaterasun,sunscreen,,spf 50 pa,2,Pembersih Wajah dan Perawatan Jerawat
b erl berry jerawat treatment oil control cleanser facial sabun wajah mencerahkan,b erl,cleanser facial sabun wajah,berry,"jerawat treatment oil control, mencerahkan",,
derma express triple cleansing,derma express,,,triple cleansing,,
heimish clean foam,heimish,foam,,clean,5,Brightening dengan Bahan Aktif
rivya sleepcare serum facial wash moisturizer brightening cleanser,rivya,"cleanser, serum facial wash moisturizer",,"brightening, sleepcare",,
viva white face cleanser soybean,viva,face cleanser,soybean,white,4,Hidrasi dan Perawatan Kulit Sensitif
susu cleanser wajah viva cucumber untuk kulit berminyak bernoda hitam,viva,cleanser wajah,"cucumber, susu",untuk kulit berminyak bernoda hitam,2,Pembersih Wajah dan Perawatan Jerawat
jumiso day vitamin glow facial toner,jumiso,facial toner,vitamin,"day, glow",3,"Pelembap, Retinol, dan Perlindungan Kulit"
somethinc calm down pha 3 soothing everyday toner,somethinc,toner,pha 3,"calm down, soothing everyday",,
dap jerawat puriying facial gel,dap,facial gel,,jerawat puriying,1,Skincare Anti-Aging dan Brightening
hada labo shirojyun cream,hada labo shirojyun,cream,,,,
isdin eyes,isdin,,,eyes,,
wardah renew you ceramide martrixyl spf35 pa moisturizer,wardah,moisturizer,ceramide martrixyl,"renew you, spf35 pa",3,"Pelembap, Retinol, dan Perlindungan Kulit"
johnson foaming wash,johnson,wash,,foaming,,
beaute glow brightening day cream spf 20,,cream,,"beaute glow brightening day, spf 20",,
mary may white collagen cleansing foam,mary may,foam,collagen,"cleansing, white",,
ponds men white boost,ponds men,,,white boost,3,"Pelembap, Retinol, dan Perlindungan Kulit"
elemis collagen rose serum,elemis,serum,collagen rose,,3,"Pelembap, Retinol, dan Perlindungan Kulit"
adleeva daylight cream jerawat fighter night,adleeva,cream,,"daylight, jerawat fighter night",2,Pembersih Wajah dan Perawatan Jerawat
avoskin lactic acid kiwi niacinamide serum exfoliating untuk mencerahkan menghaluskan kulit,avoskin,serum,"kiwi, lactic acid, niacinamide",exfoliating untuk mencerahkan menghaluskan kulit,,
hyaluglow hydrating serum moisturizer,hyaluglow,serum moisturizer,,hydrating,5,Brightening dengan Bahan Aktif
natur e white bright glow tone up ringan vitamin gluthatione niacinamide toner moisturizer serum sunscreen spf 45 pa,natur e,"sunscreen, tone up ringan, toner moisturizer serum",vitamin gluthatione niacinamide,"spf 45 pa, white bright glow",4,Hidrasi dan Perawatan Kulit Sensitif
moisturizer,,moisturizer,,,2,Pembersih Wajah dan Perawatan Jerawat
dermies max bright treatment,dermies max,,,bright treatment,4,Hidrasi dan Perawatan Kulit Sensitif
skin sake glycolic acid gel tranexamic,skin sake,gel,"glycolic acid, tranexamic",,,
some mi niacin anti blemish care cream,some mi,care cream,niacin,anti blemish,2,Pembersih Wajah dan Perawatan Jerawat
neutrogena deep clean foaming cleanser,neutrogena,foaming cleanser,,deep clean,4,Hidrasi dan Perawatan Kulit Sensitif
kojiesan dream white anti - aging soap,kojiesan,soap,,dream white anti - aging,,
wardah renew you retinol ceramide renewal serum,wardah,serum,"ceramide, retinol","renew you, renewal",,
gatsby cooling face wash oil control,gatsby,face wash,,"cooling, oil control",2,Pembersih Wajah dan Perawatan Jerawat
erha21 erha moisturizer very dry skin wajah sangat kering,"erha, erha21",moisturizer,,very dry skin wajah sangat kering,3,"Pelembap, Retinol, dan Perlindungan Kulit"
erha facial glow bright,erha,,,facial glow bright,1,Skincare Anti-Aging dan Brightening
leoleo white face serum pencerah kulit wajah pria mencerahkan,leoleo,face serum,,"pencerah kulit wajah pria mencerahkan, white",,
caudalie resveratrol lift firming eye gel cream mata,caudalie,gel cream,resveratrol,"lift firming eye, mata",5,Brightening dengan Bahan Aktif
from this island plumping cream,from this island,cream,plumping,,5,Brightening dengan Bahan Aktif
wardah lightening face toner,wardah,face toner,,lightening,,
viva white clean mask refreshner skin,viva,mask,,"refreshner skin, white clean",2,Pembersih Wajah dan Perawatan Jerawat
cetaphil daily exfoliating cleanser,cetaphil,cleanser,,daily exfoliating,1,Skincare Anti-Aging dan Brightening
viva rose face mist mawar,viva,face mist,"mawar, rose",,2,Pembersih Wajah dan Perawatan Jerawat
organic supply co pure argan oil,organic supply co pure,,argan oil,,,
kahf bright revitalizing amino gel face wash sabun cuci wajah pria,kahf,gel face wash sabun cuci wajah pria,amino,bright revitalizing,,
wardah white night cream,wardah,cream,,"night, white",,
ponds cream oily skin,ponds,cream,,oily skin,3,"Pelembap, Retinol, dan Perlindungan Kulit"
amaterasun uv sunscreen serum spf50 pa ringan untuk wajah anti kusam protection glowing finish,amaterasun,sunscreen serum,,"spf50 pa ringan untuk wajah anti kusam protection glowing finish, uv",5,Brightening dengan Bahan Aktif
caudalie resveratrol lift firming cream,caudalie,cream,,resveratrol lift firming,,
skintific aha bha exfoliating toner,skintific,toner,aha bha,exfoliating,,
skintific glycolic acid daily clarifying toner exfoliating untuk kulit kusam jerawat mencerahkan wajah,skintific,toner,glycolic acid,"daily clarifying, exfoliating untuk kulit kusam jerawat mencerahkan wajah",4,Hidrasi dan Perawatan Kulit Sensitif
klairs midnight blue youth activating drop serum,klairs,serum,,midnight blue youth activating drop,,
skintific niacinamide brightening essence toner glowing birghtening untuk pencerah wajah,skintific,essence toner,niacinamide,"brightening, glowing birghtening untuk pencerah wajah",4,Hidrasi dan Perawatan Kulit Sensitif
studio tropik rescue rx antibacterial face mist,studio tropik rescue rx,face mist,,antibacterial,,
labore sensitive skin nutrition gel,labore,gel,,"sensitive, skin nutrition",,
safi white expert oil control facial cleanser toner,safi,facial cleanser toner,,white expert oil control,4,Hidrasi dan Perawatan Kulit Sensitif
sk ii,sk ii,,,,,
abib rose,abib,,rose,,,
,,,,,,
roro mendut scrub wajah white lulur anti jerawat brotowali,"brotowali, roro mendut","lulur, scrub wajah",,"anti jerawat, white",,
npure centella asiatica jerawat toner merawat skin barrier,npure,toner,centella asiatica,"jerawat, merawat skin barrier",4,Hidrasi dan Perawatan Kulit Sensitif
emulgade,emulgade,,,,4,Hidrasi dan Perawatan Kulit Sensitif
skin game basic dry,skin game,,,basic dry,2,Pembersih Wajah dan Perawatan Jerawat
skinlife clear facial foam,skinlife,facial foam,,clear,3,"Pelembap, Retinol, dan Perlindungan Kulit"
panty o ladies disposable,panty o,,,ladies disposable,,
jumiso hyaluronic acid toner,jumiso,toner,hyaluronic acid,,3,"Pelembap, Retinol, dan Perlindungan Kulit"
dermies max photopurifying,dermies max,,,photopurifying,3,"Pelembap, Retinol, dan Perlindungan Kulit"
tirtir ceramic milk ampoule,tirtir,,ceramic milk,ampoule,4,Hidrasi dan Perawatan Kulit Sensitif
lacoco aloe vera soothing mist,lacoco,mist,aloe vera,soothing,,
abib sedum hyaluron hydrating,abib,,sedum hyaluron,hydrating,1,Skincare Anti-Aging dan Brightening
wardah make up barrier glow youth renewal matte radiant touch,wardah,,,"glow youth renewal matte radiant touch, make up barrier",3,"Pelembap, Retinol, dan Perlindungan Kulit"
wardah acnederm pore blackhead balm,wardah,balm,,acnederm pore blackhead,,
pigeon teens complete your squad facial remaja,pigeon teens,,,complete your squad facial remaja,,
isntree niacinamide serum,isntree,serum,niacinamide,,1,Skincare Anti-Aging dan Brightening
numbuzin daily multi vitamin cream,numbuzin,cream,vitamin,daily multi,4,Hidrasi dan Perawatan Kulit Sensitif
wardah uv shield jerawat calming sunscreen moisturizer spf35 pa,wardah,sunscreen moisturizer,,"spf35 pa, uv shield jerawat calming",,
innisfree bha pore cleansing foam sabun cleanser wajah untuk kulit berminyak,innisfree,foam sabun cleanser wajah,bha,"pore cleansing, untuk kulit berminyak",2,Pembersih Wajah dan Perawatan Jerawat
bhumi anti - aging bakuchiol oil,bhumi,,bakuchiol oil,anti - aging,,
carasun healthy uv protector spf 50 pa,carasun,,,"healthy, uv protector spf 50 pa",,
holika sun cream spf 50 pa,holika,sun cream,,spf 50 pa,,
natur e advanced intensive firming moisturizer gel,natur e,moisturizer gel,,advanced intensive firming,4,Hidrasi dan Perawatan Kulit Sensitif
base day quick comfort face mist,base day,face mist,,quick comfort,1,Skincare Anti-Aging dan Brightening
somethinc calm down pha 3 soothing everyday toner,somethinc,toner,pha 3,"calm down, soothing everyday",2,Pembersih Wajah dan Perawatan Jerawat
somethinc acnedot treatment low ph cleanser,somethinc,cleanser,,acnedot treatment low ph,,
breylee sunscreen,breylee,sunscreen,,,3,"Pelembap, Retinol, dan Perlindungan Kulit"
herbitus skin tonic,herbitus,skin tonic,,,,
neutrogena hydro boost hydrating fluid spf50,neutrogena hydro,,fluid,"boost hydrating, spf50",4,Hidrasi dan Perawatan Kulit Sensitif
mustika ratu penyegar gambir toner perawatan wajah,mustika ratu,toner,gambir,"penyegar, perawatan wajah",,
vanav time white alat kecantikan,vanav time,alat kecantikan,,white,,
clinelle aha cleanser,clinelle,cleanser,aha,,3,"Pelembap, Retinol, dan Perlindungan Kulit"
clinelle whitenup brightening night cream,clinelle,cream,,whitenup brightening night,5,Brightening dengan Bahan Aktif
dermabright,dermabright,,,,5,Brightening dengan Bahan Aktif
beneath bhumi essence toner,beneath bhumi,essence toner,,,,
brightening aging ginseng essence jumiso snail mucin peptide facial,jumiso snail,"essence, facial","ginseng, mucin, peptide",brightening aging,5,Brightening dengan Bahan Aktif
labore sensitive cleanser,labore,cleanser,,sensitive,,
erha21 erha peeling,"erha, erha21",,,peeling,5,Brightening dengan Bahan Aktif
dermaster brightening,dermaster,,,brightening,3,"Pelembap, Retinol, dan Perlindungan Kulit"
garnier facial wash sensitive gel,garnier,"facial wash, gel",,sensitive,,
wardah jerawat spot treatment gel,wardah,gel,,jerawat spot treatment,,
senka foam jerawat care,senka,foam,,jerawat care,,
kiehl facial cleanser,kiehl,facial cleanser,,,,
softymo speedy cleansing oil makeup remover cleanser,softymo,cleanser,,speedy cleansing oil makeup remover,,
somethinc low ph jelly cleanser,somethinc,jelly cleanser,,low ph,,
leoleo leoelo sunscreen pria uv filter spf 50 pa,"leoelo, leoleo",sunscreen,,"pria, uv filter spf 50 pa",3,"Pelembap, Retinol, dan Perlindungan Kulit"
wardah defense face mist,wardah,face mist,,defense,5,Brightening dengan Bahan Aktif
safi white expert skin refiner,safi,,,white expert skin refiner,,
caudalie brightening foam sabun cleanser wajah,caudalie,foam sabun cleanser wajah,,brightening,,
elizabeth arden spf50,elizabeth arden,,,spf50,,
npure probiotics moisturizer,npure,moisturizer,probiotics,,3,"Pelembap, Retinol, dan Perlindungan Kulit"
avoskin retinol ampoule,avoskin,,retinol,ampoule,,
esther cream wajah untuk kulit sangat kering,esther,cream wajah,,untuk kulit sangat kering,,
rose day cleansing balm,rose day,balm,,cleansing,,
elizabeth arden visible difference refining moisturizer cream,elizabeth arden,moisturizer cream,,visible difference refining,,
avoskin alpha arbutin grapeseed,avoskin,,"alpha arbutin, grapeseed",,,
mary may vitamin c bifida lotion,mary may,lotion,vitamin c bifida,,1,Skincare Anti-Aging dan Brightening
innisfree uv active poreless sunscreen spf50 pa untuk menyamarkan merawat pori,innisfree,sunscreen,,"spf50 pa untuk menyamarkan merawat pori, uv active poreless",2,Pembersih Wajah dan Perawatan Jerawat
ponds white beauty serum,ponds,serum,,white beauty,2,Pembersih Wajah dan Perawatan Jerawat
emina bright moisturizing cream,emina,cream,,"bright, moisturizing",,
qvs face razor,qvs,face razor,,,2,Pembersih Wajah dan Perawatan Jerawat
numbuzin centella toner pad,numbuzin,toner pad,centella,,5,Brightening dengan Bahan Aktif
bright anti - aging,,,,"anti - aging, bright",2,Pembersih Wajah dan Perawatan Jerawat
innisfree green tea hyaluronic moisturizer serum spf 50 pa,innisfree,"moisturizer, serum",green tea hyaluronic,spf 50 pa,5,Brightening dengan Bahan Aktif
mixsoon toner,mixsoon,toner,,,3,"Pelembap, Retinol, dan Perlindungan Kulit"
,,,,,,
skintific jerawat,skintific,,,jerawat,1,Skincare Anti-Aging dan Brightening
dexskin derma express exfoliating solution succinic acid glycolic,dexskin derma express,,succinic acid glycolic,exfoliating solution,,
esther cream,esther,cream,,,2,Pembersih Wajah dan Perawatan Jerawat
lacoco darkspot essence,lacoco,essence,,darkspot,3,"Pelembap, Retinol, dan Perlindungan Kulit"
studio tropik oil cleanser,studio tropik,cleanser,,oil,,
erha21 erha facial wash normal skin sabun wajah kulit mencerahkan,"erha, erha21","facial wash, sabun wajah",,"kulit mencerahkan, normal skin",3,"Pelembap, Retinol, dan Perlindungan Kulit"
erha21 exfoliating cleansing scrub untuk kulit berminyak bha niacinamide,erha21,scrub,bha niacinamide,"exfoliating cleansing, untuk kulit berminyak",4,Hidrasi dan Perawatan Kulit Sensitif
erha facial timeless youth,erha,,,facial timeless youth,1,Skincare Anti-Aging dan Brightening
innisfree vitamin e real cleansing foam,innisfree,foam,vitamin e,real cleansing,1,Skincare Anti-Aging dan Brightening
judydoll sun defense moisturizer,judydoll,moisturizer,,sun defense,2,Pembersih Wajah dan Perawatan Jerawat
garnier men acno fight brightening foam,garnier men,"acno fight, foam",,brightening,4,Hidrasi dan Perawatan Kulit Sensitif
haruharu black rice hyaluronic toner,haruharu,toner,black rice hyaluronic,,,
scarlett white brightening,scarlett,,,"brightening, white",3,"Pelembap, Retinol, dan Perlindungan Kulit"
safi age defy youth,safi,,,age defy youth,,
abib sunstick smoothing,abib,sunstick,,smoothing,,
emina oat amino barrier low ph cleanser,emina,cleanser,oat amino,barrier low ph,,
votre peau lavender facial cleanser,votre peau,facial cleanser,lavender,,3,"Pelembap, Retinol, dan Perlindungan Kulit"
sea quill calendula soothing gel,sea quill,gel,calendula,soothing,,
crystallure activating overnight cream,crystallure,cream,,activating overnight,,
2 nivea sunscreen face serum extra protect instant aura spf50 pa sunblock mencerahkan brightening tone up spf uv lightweight tekstur ringan cepat meresap tidak lengket no whitecast licorice,2 nivea,"sunblock, sunscreen face serum, tone up",licorice,"extra protect instant aura spf50 pa, mencerahkan brightening, spf uv lightweight tekstur ringan cepat meresap tidak lengket no whitecast",,
neogen bio peel gauze peeling green tea,neogen bio,peel gauze,green tea,peeling,,
wardah day moisturizer,wardah,moisturizer,,day,5,Brightening dengan Bahan Aktif
safi age defy cream cleanser deep moisturizing,safi,cream cleanser,,"age defy, deep moisturizing",,
from this island plumping cream moisturizer brightening hydrating anti - aging,from this island,cream moisturizer,plumping,brightening hydrating anti - aging,1,Skincare Anti-Aging dan Brightening
sk ii facial treatment essence,sk ii,essence,,facial treatment,5,Brightening dengan Bahan Aktif
rivya timeless beauty,rivya,,,timeless beauty,4,Hidrasi dan Perawatan Kulit Sensitif
b erl skin reborn retinol serum anti - aging bakuchiol hydroxypinacolone retinoate mencerahkan mengencangkan kerutan,b erl,serum,"bakuchiol hydroxypinacolone retinoate, retinol","anti - aging, mencerahkan mengencangkan kerutan, skin reborn",,
esther serum pengencangan,esther,serum,,pengencangan,1,Skincare Anti-Aging dan Brightening
natur e advanced age re juve glow intensive ultra light sun protection spf 45 pa sunscreen wajah ringan melembabkan meremajakan kulit vitamin astaxanthin,natur e,sunscreen,vitamin astaxanthin,"advanced age re juve glow intensive ultra light sun protection spf 45 pa, wajah ringan melembabkan meremajakan kulit",,
skin sake anti - aging melawan penuaan menghaluskan garis halus meratakan tekstur warna kulit wajah,skin sake,,,anti - aging melawan penuaan menghaluskan garis halus meratakan tekstur warna kulit wajah,,
avoskin lactic acid kiwi niacinamide,avoskin,,"kiwi, lactic acid, niacinamide",,,
bio beauty lab jerawat care,bio beauty lab,,,jerawat care,2,Pembersih Wajah dan Perawatan Jerawat
numbuzin sleep mask serum,numbuzin,sleep mask serum,,,5,Brightening dengan Bahan Aktif
toner hydrating exfoliating,,toner,,hydrating exfoliating,,
aizen jerawat scar perawatan treatment,aizen,,,"jerawat scar, perawatan treatment",1,Skincare Anti-Aging dan Brightening
wardah bright creamy foam oil control,wardah,creamy foam,,"bright, oil control",5,Brightening dengan Bahan Aktif
acnes creamy wash,acnes creamy,wash,,,,
glowlabs soothe and shoot spf,glowlabs,,,"soothe and shoot, spf",,
caudalie micellar cleansing water penghapus makeup,caudalie,"micellar, water",,"cleansing, penghapus makeup",,
skintific pore clay stick,skintific,clay stick,,pore,4,Hidrasi dan Perawatan Kulit Sensitif
pinkberry glow brightening cleanser,,cleanser,pinkberry,glow brightening,5,Brightening dengan Bahan Aktif
safi age defy essence,safi,essence,,age defy,5,Brightening dengan Bahan Aktif
sk ii facial treatment repair,sk ii,,,facial treatment repair,,
kose speedy cleansing makeup remover,kose,,,"makeup remover, speedy cleansing",,
bhumi moisturizer,bhumi,moisturizer,,,,
innisfree orchid eye cream,innisfree,cream,orchid,eye,4,Hidrasi dan Perawatan Kulit Sensitif
mary may centella asiatica serum,mary may,serum,centella asiatica,,4,Hidrasi dan Perawatan Kulit Sensitif
beneath moisturizer,beneath,moisturizer,,,1,Skincare Anti-Aging dan Brightening
diri essentials facial cleanser,diri,"essentials, facial cleanser",,,3,"Pelembap, Retinol, dan Perlindungan Kulit"
clinelle caviar firming cleanser,clinelle,cleanser,caviar,firming,4,Hidrasi dan Perawatan Kulit Sensitif
hada labo gokujyun ultimate anti - aging lotion,hada labo gokujyun,lotion,anti,"- aging, ultimate",2,Pembersih Wajah dan Perawatan Jerawat
rose day sunscreen airy drop spf 50 pa,rose day,sunscreen,,airy drop spf 50 pa,,
clean clear oil controling toner,clean clear,toner,,oil controling,3,"Pelembap, Retinol, dan Perlindungan Kulit"
b erl face toner hyaluronic acid melembapkan menyegarkan wajah,b erl,face toner,hyaluronic acid,melembapkan menyegarkan wajah,1,Skincare Anti-Aging dan Brightening
d alba white spray serum,d alba,spray serum,,white,5,Brightening dengan Bahan Aktif
tavi 5 pha bha retexture toner,tavi 5,toner,pha bha,retexture,,
rei skin,rei skin,,,,5,Brightening dengan Bahan Aktif
mary may cica tea tree aha pha blemish toner,mary may,blemish toner,cica tea tree aha pha,,,
2 nivea men facial foam deep jerawat oil clear face scrub sabun cuci wajah pria membersihkan bakteri penyebab komedo kontrol kulit berminyak mengecilkan pori angkat sel mati himalayan salt salicylic acid,2 nivea men,"face scrub sabun cuci wajah pria, facial foam",himalayan salt salicylic acid,"deep jerawat oil clear, membersihkan bakteri penyebab komedo kontrol kulit berminyak mengecilkan pori angkat sel mati",,
b erl berry jerawat treatment oil control sunscreen oily kulit berminyak mencerahkan,b erl,sunscreen,berry,"jerawat treatment oil control, mencerahkan, oily kulit berminyak",3,"Pelembap, Retinol, dan Perlindungan Kulit"
jumiso soothing cica aloe facial serum,jumiso,facial serum,cica aloe,soothing,,
bhumi defense daily sunscreen,bhumi,sunscreen,,defense daily,4,Hidrasi dan Perawatan Kulit Sensitif
b erl flek booster serum peeling retinol sunscreen,b erl,"serum, sunscreen",retinol,"booster, flek, peeling",,
house of hur brightening skin essence pad,house of hur,essence pad,,brightening skin,2,Pembersih Wajah dan Perawatan Jerawat
skintific niacinamide brightening serum pencerah wajah anti kusam noda hitam membuat glowing,skintific,serum,niacinamide,"brightening, pencerah wajah anti kusam noda hitam membuat glowing",1,Skincare Anti-Aging dan Brightening
sebamed clear face foam,sebamed,face foam,,clear,,
skin sake mandelic acid gel niacinamide,skin sake,gel,"mandelic acid, niacinamide",,2,Pembersih Wajah dan Perawatan Jerawat
avoskin the great shield sun essence spf 50 pa,avoskin,essence,,"spf 50 pa, the great shield sun",4,Hidrasi dan Perawatan Kulit Sensitif
cerave blemish control cleanser daily face jerawat prone skin,cerave,cleanser,,"blemish control, daily, face jerawat prone skin",,
labore sensitive sebum jerawat cleansing mousse,labore,,,"sebum jerawat cleansing mousse, sensitive",3,"Pelembap, Retinol, dan Perlindungan Kulit"
emina bright face serum,emina,face serum,,bright,,
skin sake cream moisturizer urea squalane,skin sake,cream moisturizer,urea squalane,,3,"Pelembap, Retinol, dan Perlindungan Kulit"
biore men facial foam cool oil,biore men,facial foam,,cool oil,3,"Pelembap, Retinol, dan Perlindungan Kulit"
tavi cica sun shield,tavi,,cica,sun shield,4,Hidrasi dan Perawatan Kulit Sensitif
ponds age miracle youthful glow night cream moisturizer,ponds,cream moisturizer,,age miracle youthful glow night,2,Pembersih Wajah dan Perawatan Jerawat
skintific niacinamide bright boost clay stick,skintific,clay stick,niacinamide,bright boost,,
rei skin betel leaf glycolic acid jerawat body wash,rei skin,body wash,betel leaf glycolic acid,jerawat,,
you radiance glow active night gel,you,gel,,radiance glow active night,3,"Pelembap, Retinol, dan Perlindungan Kulit"
facerinna low ph gel cleanser,facerinna,gel cleanser,,low ph,,
safi white expert deep exfoliating,safi,,,white expert deep exfoliating,,
tavi shield mist,tavi,mist,,shield,4,Hidrasi dan Perawatan Kulit Sensitif
wardah lightening face mist,wardah,face mist,,lightening,4,Hidrasi dan Perawatan Kulit Sensitif
abib spot pad calming touch,abib,spot pad,,calming touch,1,Skincare Anti-Aging dan Brightening
viva eye base gel vitamin treatment,viva,gel,vitamin,"eye base, treatment",2,Pembersih Wajah dan Perawatan Jerawat
sk ii essentials,sk ii,essentials,,,3,"Pelembap, Retinol, dan Perlindungan Kulit"
retinol ceramide capsules skin renewing serum,,"capsules, serum","ceramide, retinol",skin renewing,1,Skincare Anti-Aging dan Brightening
elizabeth arden hyaluronic acid ceramide capsules hydra plumping serum,elizabeth arden,"capsules, serum",hyaluronic acid ceramide,hydra plumping,1,Skincare Anti-Aging dan Brightening
heimish matcha calming gel moisturizer,heimish,gel moisturizer,matcha,calming,4,Hidrasi dan Perawatan Kulit Sensitif
skintific acid jerawat gel cleanser,skintific,gel cleanser,acid,jerawat,,
garnier light complete white speed brightening scrub foam,garnier,scrub foam,,light complete white speed brightening,,
d alba balm,d alba,balm,,,2,Pembersih Wajah dan Perawatan Jerawat
mixsoon centella sun cream,mixsoon,sun cream,centella,,,
esther radiant night cream,esther,cream,,radiant night,,
emina sun battle spf35 pa,emina,,,sun battle spf35 pa,2,Pembersih Wajah dan Perawatan Jerawat
dermaster mild foam cleanser,dermaster,foam cleanser,,mild,,
jumiso snail mucin peptide facial essence,jumiso,facial essence,"peptide, snail mucin",,,
labore sensitive barrier revive cream,labore,cream,,"barrier revive, sensitive",4,Hidrasi dan Perawatan Kulit Sensitif
viva revitalizing eye cream vitamin,viva,cream,vitamin,revitalizing eye,1,Skincare Anti-Aging dan Brightening
somethinc hyaluronic9 essence toner,somethinc,essence toner,hyaluronic9,,5,Brightening dengan Bahan Aktif
anessa uv sunscreen gel spf 50 pa,anessa,"gel, sunscreen",,"spf 50 pa, uv",,
garnier bright complete vitamin c,garnier,,vitamin c,bright complete,5,Brightening dengan Bahan Aktif
numbuzin glowing essence toner,numbuzin,essence toner,,glowing,4,Hidrasi dan Perawatan Kulit Sensitif
tlf,tlf,,,,3,"Pelembap, Retinol, dan Perlindungan Kulit"
mixsoon essence,mixsoon,essence,,,3,"Pelembap, Retinol, dan Perlindungan Kulit"
animate mango salmon dna glowing gel,animate,gel,mango salmon dna,glowing,1,Skincare Anti-Aging dan Brightening
elizabeth arden prevage treatment boosting cleanser,elizabeth arden,cleanser,,prevage treatment boosting,,
viva air mawar rose penyegar,viva,penyegar,air mawar rose,,2,Pembersih Wajah dan Perawatan Jerawat
pyunkang yul ultimate calming solution toner,pyunkang yul,toner,,ultimate calming solution,,
esther derma bright foaming facial wash cleanser wajah,esther,foaming facial wash cleanser wajah,,derma bright,,
caudalie high protection stick,caudalie,stick,,high protection,,
somethinc low ph gentle jelly cleanser,somethinc,gentle jelly cleanser,,low ph,,
innisfree black tea youth enhancing ampoule serum anti - aging untuk segarkan kulit lelah,innisfree,serum,black tea,"anti - aging untuk segarkan kulit lelah, youth enhancing ampoule",,
isntree hyaluronic acid stick,isntree,stick,hyaluronic acid,,,
surfaktan decyl glucoside,,,surfaktan decyl glucoside,,,
avoskin vitamin c wrinkle balm moisturizing stick,avoskin,"balm, stick",vitamin c,"moisturizing, wrinkle",2,Pembersih Wajah dan Perawatan Jerawat
cetaphil skin renewing cleanser gel,cetaphil,cleanser gel,,skin renewing,4,Hidrasi dan Perawatan Kulit Sensitif
nature soothing moisturizer aloe 92 gel,nature,"gel, moisturizer",aloe 92,soothing,,
skin sake lactic acid gel alpha arbutin,skin sake,gel,"alpha arbutin, lactic acid",,,
avoskin vitamin c serum,avoskin,serum,vitamin c,,,
kahf matte sunscreen stick,kahf,matte sunscreen stick,,,,
viva cucumber toner wajah,viva,toner wajah,cucumber,,,
tlf tempat tusuk gigi,tlf,tempat tusuk gigi,,,,
safi jerawat expert soothing gel moisturizer,safi,gel moisturizer,,jerawat expert soothing,2,Pembersih Wajah dan Perawatan Jerawat
dermaster,dermaster,,,,2,Pembersih Wajah dan Perawatan Jerawat
jf anti jerawat protect mild care cleanser,jf,cleanser,,anti jerawat protect mild care,,
erha acneact oil jerawat control facial cleanser,erha,facial cleanser,,acneact oil jerawat control,,
esther face mist,esther,face mist,,,,
caudalie serum enhancing anti noda hitam,caudalie,serum,,enhancing anti noda hitam,,
the originote eye serum,the originote,serum,,eye,,
elemis collagen serum,elemis,serum,collagen,,2,Pembersih Wajah dan Perawatan Jerawat
roro mendut untuk jerawat tlf,"roro mendut, tlf",,,untuk jerawat,,
ms glow,ms glow,,,,,
caudalie grape face mist,caudalie,face mist,grape,,,
elizabeth arden ceramide retinol eye treatment,elizabeth arden,,ceramide retinol,eye treatment,1,Skincare Anti-Aging dan Brightening
true to skin spf 50 pa,true to skin,,,spf 50 pa,,
cave face wash brightening,cave,face wash,,brightening,2,Pembersih Wajah dan Perawatan Jerawat
hada labo tamagohada mild peeling face wash,hada labo tamagohada,face wash,,mild peeling,4,Hidrasi dan Perawatan Kulit Sensitif
hada labo moisturizer milk,hada labo,moisturizer,milk,,,
revlon milk toner,revlon,toner,milk,,3,"Pelembap, Retinol, dan Perlindungan Kulit"
acnes creamy wash,acnes creamy,wash,,,5,Brightening dengan Bahan Aktif
vaseline lip care,vaseline,lip care,,,,
esther bye aging skin,esther,,,bye aging skin,5,Brightening dengan Bahan Aktif
aizen scar barrier,aizen,,,scar barrier,1,Skincare Anti-Aging dan Brightening
erha vitamin c peptides brightening serum,erha,serum,vitamin c peptides,brightening,4,Hidrasi dan Perawatan Kulit Sensitif
dermies max bright facial comedo extraction,dermies max,,,"bright, facial comedo extraction",,
dermies max glow,dermies max,,,glow,5,Brightening dengan Bahan Aktif
b erl intense moisturizing facial wash pencuci wajah mencerahkan membersihkan kotoran,b erl,facial wash pencuci wajah,,"intense moisturizing, mencerahkan membersihkan kotoran",,
facetology triple care facial gel cleanser,facetology,facial gel cleanser,,triple care,,
gel gamat moisturizer kolagen teripang gliserin regenerasi kerusakan kulit,,gel gamat moisturizer,kolagen teripang gliserin,regenerasi kerusakan kulit,1,Skincare Anti-Aging dan Brightening
glad2glow pomegranate niacinamide brightening moisturizer,glad2glow,moisturizer,"niacinamide, pomegranate",brightening,,
tocobo berry pore toner,tocobo,toner,berry,pore,,
beneath bhumi essence toner,beneath bhumi,essence toner,,,2,Pembersih Wajah dan Perawatan Jerawat
somethinc hyaluronic9 essence toner,somethinc,essence toner,hyaluronic9,,3,"Pelembap, Retinol, dan Perlindungan Kulit"
elemis collagen serum wajah,elemis,serum wajah,collagen,,4,Hidrasi dan Perawatan Kulit Sensitif
somethinc calm down skinpair cream pelembab wajah moisturizer untuk kulit sensitif menjaga skin barrier,somethinc,cream pelembab wajah moisturizer,,"calm down skinpair, untuk kulit sensitif menjaga skin barrier",,
ultima ii clear white supreme protective day lotion spf 30 pa,ultima ii,lotion,,"clear white supreme protective day, spf 30 pa",2,Pembersih Wajah dan Perawatan Jerawat
cosrx ultra light invisible sunscreen spf50 pa,cosrx,sunscreen,,"spf50 pa, ultra light invisible",2,Pembersih Wajah dan Perawatan Jerawat
emina sun battle spf 35 pa jerawat clear cica allantoin airy soothing,emina,,cica allantoin,"airy soothing, sun battle spf 35 pa jerawat clear",,
joylab moisturizer,joylab,moisturizer,,,,
skintific salicylic acid anti jerawat serum,skintific,serum,salicylic acid,anti jerawat,,
ponds age miracle youthful glow day cream moisturizer,ponds,cream moisturizer,,age miracle youthful glow day,5,Brightening dengan Bahan Aktif
base ultra soothe natural sunscreen spf 50 pa,base ultra,sunscreen,,"soothe natural, spf 50 pa",3,"Pelembap, Retinol, dan Perlindungan Kulit"
azarine hydramax c sunscreen serum spf 50 pa,azarine,sunscreen serum,c,"hydramax, spf 50 pa",4,Hidrasi dan Perawatan Kulit Sensitif
dear me beauty skin barrier cream,dear me beauty,cream,,skin barrier,3,"Pelembap, Retinol, dan Perlindungan Kulit"
clinelle uv defense spf50 pa,clinelle,,,uv defense spf50 pa,,
skintific centella jerawat calming toner,skintific,toner,centella,jerawat calming,2,Pembersih Wajah dan Perawatan Jerawat
wardah renew you retinol rejuvenate night moisturizer,wardah,moisturizer,retinol,"rejuvenate night, renew you",3,"Pelembap, Retinol, dan Perlindungan Kulit"
b erl intense lightening day cream perawatan wajah mencerahkan niacinamide,b erl,cream,niacinamide,"intense lightening day, perawatan wajah mencerahkan",4,Hidrasi dan Perawatan Kulit Sensitif
belif cleanser,belif,cleanser,,,2,Pembersih Wajah dan Perawatan Jerawat
erha brightening milky essence,erha,essence,milky,brightening,5,Brightening dengan Bahan Aktif
erha ultracalm face toner,erha,toner,,ultracalm face,2,Pembersih Wajah dan Perawatan Jerawat
dermaster wrinkle care brightening,dermaster,,,wrinkle care brightening,2,Pembersih Wajah dan Perawatan Jerawat
somethinc propolis mist face hydrating menghidrasi kulit sepanjang hari,somethinc,mist face,propolis,hydrating menghidrasi kulit sepanjang hari,5,Brightening dengan Bahan Aktif
skin game cream moisturizer pelembab wajah untuk kulit sensitif hydrating menjaga barrier,skin game,cream moisturizer pelembab wajah,,untuk kulit sensitif hydrating menjaga barrier,,
cosrx aha bha clarifying treatment toner,cosrx,toner,aha bha,clarifying treatment,1,Skincare Anti-Aging dan Brightening
skintific ceramide barrier repair serum hydrating untuk memperbaiki kulit sensitif,skintific,serum,ceramide,"barrier repair, hydrating untuk memperbaiki kulit sensitif",1,Skincare Anti-Aging dan Brightening
house of hur brightening skin essence pad,house of hur,essence pad,,brightening skin,3,"Pelembap, Retinol, dan Perlindungan Kulit"
dermaster lavijue wrinkle care serum,dermaster lavijue,serum,,wrinkle care,4,Hidrasi dan Perawatan Kulit Sensitif
cetaphil cleanser,cetaphil,cleanser,,,,
wardah micellar water bright nature daily lightening cleanser make up waterproof wajah,wardah,"cleanser, micellar water",,"bright nature daily lightening, make up waterproof wajah",5,Brightening dengan Bahan Aktif
wardah renew you anti - aging facial wash,wardah,facial wash,,renew you anti - aging,,
wardah white brightening eye cream,wardah,cream,,"brightening eye, white",1,Skincare Anti-Aging dan Brightening
wardah white day cream,wardah,cream,,"day, white",4,Hidrasi dan Perawatan Kulit Sensitif
d alba white spray serum,d alba,spray serum,,white,,
safi jerawat sebum cleanser,safi,cleanser,,"jerawat, sebum",,
lore eye care cream,lore,cream,,eye care,,
haruharu black rice hyaluronic essence,haruharu,essence,black rice hyaluronic,,,
,,,,,4,Hidrasi dan Perawatan Kulit Sensitif
kose lotion,kose,lotion,,,,
studio tropik oil cleanser,studio tropik,cleanser,,oil,2,Pembersih Wajah dan Perawatan Jerawat
studio tropik rescue rx antibacterial face mist,studio tropik rescue rx,face mist,,antibacterial,5,Brightening dengan Bahan Aktif
avoskin serum mandelic acid panthenol perilla,avoskin,serum,"mandelic acid, panthenol perilla",,,
b erl berry jerawat treatment oil control,b erl,,berry,jerawat treatment oil control,4,Hidrasi dan Perawatan Kulit Sensitif
rose day hydration barrier boost toner,rose day,toner,,hydration barrier boost,,
innisfree hyaluronic moisturizer sunscreen spf50 pa,innisfree,moisturizer sunscreen,hyaluronic,spf50 pa,4,Hidrasi dan Perawatan Kulit Sensitif
dermies max smooth skin,dermies max,,,smooth skin,,
bio essence rose,bio,essence,rose,,,
elemis collagen cleanser,elemis,cleanser,collagen,,2,Pembersih Wajah dan Perawatan Jerawat
nivea men anti kusam wajah segar sepanjang hari,nivea men,,,"anti kusam, wajah segar sepanjang hari",,
cetaphil cleanser,cetaphil,cleanser,,,,
elemis collagen glow boost exfoliator,elemis,,collagen,glow boost exfoliator,3,"Pelembap, Retinol, dan Perlindungan Kulit"
belif essence,belif,essence,,,,
mustika ratu brightening bengkoang face cleanser toner,mustika ratu,face cleanser toner,bengkoang,brightening,,
derma express double cleansing,derma express,,,double cleansing,,
wardah uv shield jerawat sunscreen spf 35 pa bright micellar water,wardah,"micellar water, sunscreen",,"spf 35 pa bright, uv shield jerawat",5,Brightening dengan Bahan Aktif
wardah bright moisturizer smooth glow spf 30 pa,wardah,moisturizer,,"bright, smooth glow spf 30 pa",,
wardah gel moisturizer,wardah,gel moisturizer,,,,
viva face tonic penyegar pelembab untuk kulit normal kering toner,viva,"face tonic, pelembab, toner",,"penyegar, untuk kulit normal kering",,
perawatan anti - aging,,,,perawatan anti - aging,,
cosrx moisturizing lotion,cosrx,lotion,,moisturizing,1,Skincare Anti-Aging dan Brightening
la roche posay facial gel cleanser,la roche posay,facial gel cleanser,,,5,Brightening dengan Bahan Aktif
senka collagen,senka,,collagen,,3,"Pelembap, Retinol, dan Perlindungan Kulit"
la roche posay cicaplast purifying soothing foaming gel,la roche posay,foaming gel,cicaplast,purifying soothing,3,"Pelembap, Retinol, dan Perlindungan Kulit"
sk ii essence,sk ii,essence,,,,
dermies meso brightening perawatan mengencangkan wajah,dermies meso,,,brightening perawatan mengencangkan wajah,5,Brightening dengan Bahan Aktif
ponds ultra light gel hydrating moisturizer cera hyamino,ponds,"gel, moisturizer",cera hyamino,"hydrating, ultra light",,
nuface me sun shield spf,nuface me,,,sun shield spf,3,"Pelembap, Retinol, dan Perlindungan Kulit"
bio beauty lab,bio beauty lab,,,,3,"Pelembap, Retinol, dan Perlindungan Kulit"
pigeon teens facial foam remaja wajah normal skin dry,pigeon teens,facial foam,,remaja wajah normal skin dry,,
elvicto bright scrub wash face,elvicto,scrub wash face,,bright,,
erha shield hydra light,erha,,,shield hydra light,2,Pembersih Wajah dan Perawatan Jerawat
saekin face wash moisturizer,saekin,face wash moisturizer,,,1,Skincare Anti-Aging dan Brightening
pyunkang yul moisturizer cream,pyunkang yul,moisturizer cream,,,1,Skincare Anti-Aging dan Brightening
herborist aloe vera gel,herborist,gel,aloe vera,,2,Pembersih Wajah dan Perawatan Jerawat
viva age advance face serum aging ceramide,viva,face serum,ceramide,"age advance, aging",3,"Pelembap, Retinol, dan Perlindungan Kulit"
hanasui collagen sunscreen spf 30,hanasui,sunscreen,collagen,spf 30,2,Pembersih Wajah dan Perawatan Jerawat
garnier light complete vitamin c booster serum,garnier,booster serum,vitamin c,light complete,,
b2g3 sunscreen cream ringan fresh,b2g3,"cream, sunscreen",,ringan fresh,,
enchanteur,enchanteur,,,,2,Pembersih Wajah dan Perawatan Jerawat
labore hydrating face body cleanser,labore,body cleanser,,hydrating face,,
aizen cleanser moisturizer,aizen,cleanser moisturizer,,,2,Pembersih Wajah dan Perawatan Jerawat
somethinc sunscreen spf 40 pa,somethinc,sunscreen,,spf 40 pa,3,"Pelembap, Retinol, dan Perlindungan Kulit"
somethinc sunscreen spf 40 pa,somethinc,sunscreen,,spf 40 pa,,
wardah rose hyaluronic pentavitin deep barrier repair serum allantoin perawatan wajah untuk kulit resilient skin,wardah,serum,"allantoin, rose hyaluronic pentavitin","deep barrier repair, perawatan wajah untuk kulit resilient skin",2,Pembersih Wajah dan Perawatan Jerawat
aizen cleanser,aizen,cleanser,,,3,"Pelembap, Retinol, dan Perlindungan Kulit"
wardah micellar water bright nature daily lightening cleanser make up waterproof,wardah,"cleanser, micellar water",,"bright nature daily lightening, make up waterproof",2,Pembersih Wajah dan Perawatan Jerawat
wardah solusi masalah kulit face wash moisturizer day cream,wardah,"cream, face wash moisturizer",,"day, solusi masalah kulit",2,Pembersih Wajah dan Perawatan Jerawat
himalaya dark spot treatment turmeric face wash,himalaya,face wash,turmeric,dark spot treatment,3,"Pelembap, Retinol, dan Perlindungan Kulit"
la roche posay niacinamide serum mencerahkan noda hitam,la roche posay,serum,niacinamide,mencerahkan noda hitam,,
breylee sunscreen spf 50 face sunblock,breylee,"face sunblock, sunscreen",,spf 50,,
erha glow booster hexyl resorcinol mencerahkan wajah vitamin kusam jerawat perawatan berminyak,erha,,"hexyl resorcinol, vitamin","glow booster, kusam jerawat perawatan berminyak, mencerahkan wajah",2,Pembersih Wajah dan Perawatan Jerawat
azarine toner mild purifying,azarine,toner,,mild purifying,,
bioderma sebium serum mengatasi tanda penuaan jerawat,bioderma,serum,,"mengatasi tanda penuaan jerawat, sebium",4,Hidrasi dan Perawatan Kulit Sensitif
erha algae cucumber serum mata panda wajah hitam niacinamide aging,erha,"panda, serum","algae, cucumber, niacinamide","aging, mata, wajah hitam",,
nacific cream pelembab wajah,nacific,cream pelembab wajah,,,,
erha serum kering wajah facial essence niacinamide jerawat vitamin ceramide,erha,"essence, serum","niacinamide, vitamin ceramide","jerawat, kering wajah facial",,
sebamed multi protect sun cream spf50 sunscreen kulit sensitif wajah vitamin waterproof,sebamed,"sun cream, sunscreen",vitamin,"kulit sensitif wajah, multi protect, spf50, waterproof",5,Brightening dengan Bahan Aktif
garnier men acno fight wasabi foam,garnier men,fight wasabi foam,,acno,,
wardah uv shield jerawat calming sunscreen serum spf 50 pelindung matahari,wardah,sunscreen serum,,"spf 50 pelindung matahari, uv shield jerawat calming",4,Hidrasi dan Perawatan Kulit Sensitif
sabun kojie san soap kojic acid pencerah membersihkan perawatan berminyak,kojie san,"sabun, soap",kojic acid,pencerah membersihkan perawatan berminyak,5,Brightening dengan Bahan Aktif
melano cc vitamin c brightening moisturizer normal to dry skin kulit kering lemon pelembab wajah pencerah perawatan,melano cc,"moisturizer, pelembab wajah","lemon, vitamin c","brightening, normal to dry skin kulit kering, pencerah perawatan",3,"Pelembap, Retinol, dan Perlindungan Kulit"
skintific serum niacinamide brightening,skintific,serum,niacinamide,brightening,2,Pembersih Wajah dan Perawatan Jerawat
megah sakti jerawat cleanser facial wash vitamin c untuk membersihkan mencerahkan menenangkan kulit,megah sakti,cleanser facial wash,vitamin c,"jerawat, untuk membersihkan mencerahkan menenangkan kulit",4,Hidrasi dan Perawatan Kulit Sensitif
ceradan moisturizer lotion pelembab kulit sensitif eksim ceramide hydrating perawatan wajah facial,ceradan,moisturizer lotion,ceramide,"hydrating perawatan wajah facial, pelembab kulit sensitif eksim",5,Brightening dengan Bahan Aktif
biore facial foam mild smooth,biore,facial foam,,mild smooth,1,Skincare Anti-Aging dan Brightening
skintific moisturizer gel niacinamide brightening,skintific,moisturizer gel,niacinamide,brightening,1,Skincare Anti-Aging dan Brightening
nivea men white oil control cooling facial foam,nivea men,facial foam,,white oil control cooling,3,"Pelembap, Retinol, dan Perlindungan Kulit"
senka facial foam sabun cleanser wajah,senka,"facial foam, sabun cleanser wajah",,,3,"Pelembap, Retinol, dan Perlindungan Kulit"
bioderma spf 50 face body sunscreen,bioderma,sunscreen,,spf 50 face body,,
neutrogena eye cream repair mata untuk mengurangi kerutan,neutrogena,eye cream,,repair mata untuk mengurangi kerutan,3,"Pelembap, Retinol, dan Perlindungan Kulit"
garnier men fight anti jerawat,garnier men,,,fight anti jerawat,3,"Pelembap, Retinol, dan Perlindungan Kulit"
skintific serum salicylic acid anti jerawat,skintific,serum,salicylic acid,anti jerawat,3,"Pelembap, Retinol, dan Perlindungan Kulit"
hada labo hadalabo shirojyun essence vitamin,hada labo hadalabo shirojyun,essence,vitamin,,3,"Pelembap, Retinol, dan Perlindungan Kulit"
erha intense oil control facial wash sabun cleanser wajah pria vitamin,erha,facial wash sabun cleanser,vitamin,"intense oil control, wajah pria",1,Skincare Anti-Aging dan Brightening
acnes natural care complete white face wash facial komedo,acnes,face wash,,"facial komedo, natural care complete white",,
jf sulfur anti jerawat cleanser,jf,cleanser,sulfur,anti jerawat,4,Hidrasi dan Perawatan Kulit Sensitif
you amino anti jerawat facial wash sabun cuci wajah acid hyaluronic,you,facial wash sabun cuci wajah,"acid hyaluronic, amino",anti jerawat,,
himalaya oil control lemon face wash cleanser wajah minyak,himalaya,face wash cleanser,lemon,"oil control, wajah minyak",4,Hidrasi dan Perawatan Kulit Sensitif
cosrx low ph morning gel cleanser membersihkan wajah,cosrx,gel cleanser,,"low ph, membersihkan wajah, morning",,
banana boat sunscreen lotion sensitive skin spf50,banana boat,sunscreen lotion,,"sensitive skin, spf50",5,Brightening dengan Bahan Aktif
labore protect physical sunscreen melindungi kulit dari uva uvb,labore,sunscreen,,"melindungi kulit dari uva uvb, protect physical",2,Pembersih Wajah dan Perawatan Jerawat
nacific calendula toner wajah,nacific,toner wajah,calendula,,,
erha age corrector peptides soya phytoplacenta serum anti - aging wajah kering essence,erha,"essence, serum",peptides soya phytoplacenta,"age corrector, anti - aging wajah kering",,
ponds men ultra bright oil fighter,ponds men,,,ultra bright oil fighter,1,Skincare Anti-Aging dan Brightening
the originote ceramella sunscreen spf 50 ceramide tremella vitamin c hyaluronic,the originote,sunscreen,"ceramella, ceramide tremella vitamin c, hyaluronic",spf 50,5,Brightening dengan Bahan Aktif
somethinc acnedot treatment moisturizer gel pelembab wajah,somethinc,moisturizer gel pelembab wajah,,acnedot treatment,4,Hidrasi dan Perawatan Kulit Sensitif
skintific serum barrier repair ceramide,skintific,serum,ceramide,barrier repair,5,Brightening dengan Bahan Aktif
skintific repair ceramide barrier,skintific,,ceramide,"barrier, repair",2,Pembersih Wajah dan Perawatan Jerawat
kahf skin energizing brightening face wash sabun cleanser wajah pria,kahf,face wash sabun cleanser,,"skin energizing brightening, wajah pria",2,Pembersih Wajah dan Perawatan Jerawat
azarine radiance barrier moisturizer pelembab wajah,azarine,moisturizer pelembab wajah,,radiance barrier,1,Skincare Anti-Aging dan Brightening
cetaphil cleanser wajah tubuh,cetaphil,cleanser,,wajah tubuh,5,Brightening dengan Bahan Aktif
parasol uv guard spf 30 pa sunscreen,parasol,sunscreen,,uv guard spf 30 pa,5,Brightening dengan Bahan Aktif
clinelle purifying gel moisturizer pelembab kulit wajah,clinelle,gel moisturizer,,"pelembab kulit wajah, purifying",3,"Pelembap, Retinol, dan Perlindungan Kulit"
light foam,,foam,,light,,
nuface glow brighten supple skin serum niacinamide,nuface,serum,niacinamide,"brighten supple skin, glow",5,Brightening dengan Bahan Aktif
derma facial wash normal dry skin,derma,facial wash,,normal dry skin,,
la roche posay serum,la roche posay,serum,,,1,Skincare Anti-Aging dan Brightening
dermawand solusi kulit keriput noda hitam,dermawand,,,solusi kulit keriput noda hitam,2,Pembersih Wajah dan Perawatan Jerawat
banana boat spray spf50,banana boat,spray,,spf50,2,Pembersih Wajah dan Perawatan Jerawat
labore hydrating face body cleanser wajah tubuh,labore,body cleanser,,"hydrating face, wajah tubuh",3,"Pelembap, Retinol, dan Perlindungan Kulit"
cetaphil moisturizing lotion tubuh untuk melembapkan kulit,cetaphil,lotion,,"moisturizing, tubuh untuk melembapkan kulit",,
la roche posay sunscreen uvmune oil control,la roche posay,sunscreen,,"oil control, uvmune",5,Brightening dengan Bahan Aktif
erha shield sunscreen oily skin spf 30 pa wajah berminyak,erha,sunscreen,,"oily skin spf 30 pa wajah berminyak, shield",1,Skincare Anti-Aging dan Brightening
kelly lemon soap,kelly,soap,lemon,,3,"Pelembap, Retinol, dan Perlindungan Kulit"
skin aqua tone up uv essence spf 50 pa perlindungan terbaik untuk wajah tubuh segar natural hyaluronic,skin aqua,"essence, tone up",hyaluronic,"spf 50 pa perlindungan terbaik untuk wajah tubuh segar natural, uv",,
nuface glow acneprone care serum jerawat,nuface,serum,,"acneprone care, glow, jerawat",4,Hidrasi dan Perawatan Kulit Sensitif
fair lovely glow vitamin c mask,fair lovely,mask,vitamin c,glow,,
bioderma spf sunscreen kulit sensitif,bioderma,sunscreen,,"kulit sensitif, spf",2,Pembersih Wajah dan Perawatan Jerawat
banana boat ultra protect spf30 sunblock wajah,banana boat,sunblock wajah,,ultra protect spf30,4,Hidrasi dan Perawatan Kulit Sensitif
cerave daily moisturising cream dry to very skin,cerave,cream,,"daily moisturising, dry to very skin",2,Pembersih Wajah dan Perawatan Jerawat
ponds men light,ponds men,,,light,2,Pembersih Wajah dan Perawatan Jerawat
himalaya brightening vitamin c orange face wash,himalaya,face wash,vitamin c orange,brightening,3,"Pelembap, Retinol, dan Perlindungan Kulit"
azarine calm my jerawat sunscreen moisturizer spf35 tabir surya gel,azarine,"sunscreen moisturizer, tabir surya gel",,"calm my jerawat, spf35",5,Brightening dengan Bahan Aktif
hada labo gokujyun eye cream pelembab hitam hydrating,hada labo gokujyun,cream,,"eye, pelembab hitam hydrating",2,Pembersih Wajah dan Perawatan Jerawat
bioderma moisturizer pelembap,bioderma,"moisturizer, pelembap",,,5,Brightening dengan Bahan Aktif
simple kind to skin hydrating light moisturizer pelembab wajah,simple kind to skin,moisturizer pelembab wajah,,hydrating light,,
emina bright jerawat face wash untuk facial hitam,emina,face wash,,"bright, jerawat, untuk facial hitam",3,"Pelembap, Retinol, dan Perlindungan Kulit"
skin aqua shield serum uv spf 50 acid aging,skin aqua,serum,,"shield, uv spf 50 acid aging",4,Hidrasi dan Perawatan Kulit Sensitif
acnes natural care yoghurt face wash facial membersihkan,acnes,face wash,yoghurt,"facial membersihkan, natural care",3,"Pelembap, Retinol, dan Perlindungan Kulit"
kahf face wash triple action oil and comedo,kahf,face wash,,triple action oil and comedo,5,Brightening dengan Bahan Aktif
senka facial foam white cleanser wajah,senka,"cleanser wajah, facial foam",,white,2,Pembersih Wajah dan Perawatan Jerawat
vaseline aloe fresh hydrating pump,vaseline,pump,aloe,fresh hydrating,2,Pembersih Wajah dan Perawatan Jerawat
melano vitamin c brightening toner mencerahkan wajah kusam hitam dark kering perawatan,melano,toner,vitamin c,"brightening, mencerahkan wajah kusam hitam dark kering perawatan",4,Hidrasi dan Perawatan Kulit Sensitif
himalaya men power glow licorice face wash cleanser wajah pria,himalaya men,face wash cleanser,licorice,"power glow, wajah pria",,
la roche posay cleanser foaming gel,la roche posay,"cleanser, foaming gel",,,2,Pembersih Wajah dan Perawatan Jerawat
cetaphil daily exfoliating cleanser,cetaphil,cleanser,,daily exfoliating,,
neutrogena dry touch sunscreen spf face sunblock,neutrogena,"face sunblock, sunscreen",,"dry touch, spf",5,Brightening dengan Bahan Aktif
kahf exfoliating face scrub angkat sel kulit mati lawan noda hitam,kahf,face scrub,,"angkat sel kulit mati lawan noda hitam, exfoliating",4,Hidrasi dan Perawatan Kulit Sensitif
cetaphil daily facial lotion spf15 sun care,cetaphil,lotion,,"daily facial, spf15 sun care",3,"Pelembap, Retinol, dan Perlindungan Kulit"
cerave foaming cleanser normal to oily skin wajah,cerave,foaming cleanser,,normal to oily skin wajah,,
cetaphil serum bright healthy radiance perfecting,cetaphil,serum,,bright healthy radiance perfecting,,
skintific ceramide low ph cleanser sensitive skin,skintific,cleanser,ceramide,"low ph, sensitive skin",,
bioderma sabun kulit kering sensitif,bioderma,sabun,,kulit kering sensitif,,
azarine hydrashoothe sunscreen gel spf45 tabir surya,azarine,"sunscreen gel, tabir surya",,"hydrashoothe, spf45",3,"Pelembap, Retinol, dan Perlindungan Kulit"
cerave hydrating cleanser normal to dry skin facial wash,cerave,"cleanser, facial wash",,"hydrating, normal to dry skin",,
hada labo tamagohada face wash make up remover,hada labo tamagohada,face wash,,make up remover,5,Brightening dengan Bahan Aktif
nivea men face wash deep jerawat attack scrub,nivea men,"face wash, scrub",,deep jerawat attack,2,Pembersih Wajah dan Perawatan Jerawat
erha niacinamide essence night cream moisturizer wajah pelembab lightening,erha,"cream moisturizer wajah pelembab, essence",niacinamide,"lightening, night",3,"Pelembap, Retinol, dan Perlindungan Kulit"
garnier men turbo light whitet oilcontrol,garnier men,,,turbo light whitet oilcontrol,3,"Pelembap, Retinol, dan Perlindungan Kulit"
y o u amino oil control facial wash membersihkan pori mengeksfoliasi kulit hyaluronic acid,y o u,facial wash,"amino, hyaluronic acid","membersihkan pori mengeksfoliasi kulit, oil control",1,Skincare Anti-Aging dan Brightening
neutrogena hydro boost hyaluronic acid water gel pelembap wajah,neutrogena hydro,water gel pelembap wajah,hyaluronic acid,boost,,
la roche posay sun screen uvmune spf50,la roche posay,sun screen,,"spf50, uvmune",,
senka facial foam jerawat care cleanser wajah,senka,"cleanser wajah, facial foam",,jerawat care,5,Brightening dengan Bahan Aktif
erha age corrector aha bha red algae sabun wajah mencerahkan kering berminyak niacinamide facial,erha,sabun wajah,"aha bha red algae, niacinamide","age corrector, facial, mencerahkan kering berminyak",,
ponds foam,ponds,foam,,,3,"Pelembap, Retinol, dan Perlindungan Kulit"
acnes creamy wash facial,acnes,creamy wash facial,,,,
cetaphil day protection cream spf15 pagi mencerahkan,cetaphil,cream,,"day protection, spf15 pagi mencerahkan",3,"Pelembap, Retinol, dan Perlindungan Kulit"
cetaphil cleanser,cetaphil,cleanser,,,,
sabun kojie san soap kojic acid,kojie san,"sabun, soap",kojic acid,,,
himalaya clear complexion white face wash pembasuh wajah,himalaya,face wash pembasuh wajah,,clear complexion white,4,Hidrasi dan Perawatan Kulit Sensitif
fair lovely vitamin cream,fair lovely,cream,vitamin,,5,Brightening dengan Bahan Aktif
biore mens facial foam bright oil clear,biore mens,facial foam,,bright oil clear,3,"Pelembap, Retinol, dan Perlindungan Kulit"
carasun healthy uv protector spf 50 pa sunscreen lotion wajah berminyak facial,carasun,sunscreen lotion,,"healthy, uv protector spf 50 pa, wajah berminyak facial",5,Brightening dengan Bahan Aktif
la roche posay face mist sensitive skin,la roche posay,face mist,,sensitive skin,1,Skincare Anti-Aging dan Brightening
safi age defy serum anti - aging,safi,serum,,"age defy, anti - aging",4,Hidrasi dan Perawatan Kulit Sensitif
erha chamomile jerawat blemish toner mencerahkan wajah berminyak perawatan,erha,toner,chamomile,"jerawat blemish, mencerahkan wajah berminyak perawatan",2,Pembersih Wajah dan Perawatan Jerawat
ponds,ponds,,,,5,Brightening dengan Bahan Aktif
nuface glow vitamin c serum pencerah kulit wajah kusam,nuface,serum,vitamin c,"glow, pencerah kulit wajah kusam",,
modis facial cotton,modis,facial cotton,,,,
safi white natural brightening cream mengontrol minyak strawberry lemon perawatan wajah mencerahkan vitamin,safi,cream,"strawberry lemon, vitamin","mengontrol minyak, perawatan wajah mencerahkan, white natural brightening",,
clinelle face mist,clinelle,face mist,,,2,Pembersih Wajah dan Perawatan Jerawat
erha shield daily sunscreen spf 50 pa sunblock facial,erha,"sunblock facial, sunscreen",,"daily, shield, spf 50 pa",2,Pembersih Wajah dan Perawatan Jerawat
precious skin anti melasma white collagen facial soap sabun membersihkan kotoran memutihkan wajah,precious skin,facial soap sabun,collagen,"anti melasma white, membersihkan kotoran memutihkan wajah",3,"Pelembap, Retinol, dan Perlindungan Kulit"
aveeno daily moisturising body wash sabun mandi,aveeno,body wash sabun mandi,,daily moisturising,3,"Pelembap, Retinol, dan Perlindungan Kulit"
bioderma sabun kulit kering sensitif,bioderma,sabun,,kulit kering sensitif,2,Pembersih Wajah dan Perawatan Jerawat
wardah bright creamy foam brightening oil control sabun pencuci wajah mencerahkan,wardah,"creamy foam, sabun pencuci wajah",,"bright, brightening oil control, mencerahkan",,
momami sun spf50 pa,momami,sun,,spf50 pa,3,"Pelembap, Retinol, dan Perlindungan Kulit"
emina bright face wash sabun cuci wajah mencerahkan glowing,emina,face wash sabun cuci wajah,,"bright, mencerahkan glowing",,
hada labo shirojyun white serum mencerahkan wajah tranexamic acid hyaluronic,hada labo shirojyun,serum,tranexamic acid hyaluronic,"mencerahkan wajah, white",3,"Pelembap, Retinol, dan Perlindungan Kulit"
senka facial foam collagen cleanser wajah,senka,"cleanser wajah, facial foam",collagen,,,
erha facial wash sabun wajah jerawat mencerahkan wanita cleanser kering berminyak perawatan,erha,"cleanser, facial wash sabun wajah",,"jerawat mencerahkan wanita, kering berminyak perawatan",2,Pembersih Wajah dan Perawatan Jerawat
cosrx salicylic acid daily cleanser,cosrx,cleanser,salicylic acid,daily,4,Hidrasi dan Perawatan Kulit Sensitif
vaseline repairing,vaseline,,,repairing,5,Brightening dengan Bahan Aktif
becefort kaplet suplemen vitamin c,becefort,kaplet suplemen,vitamin c,,,
silcot,silcot,,,,4,Hidrasi dan Perawatan Kulit Sensitif
azarine cicamide barrier sunscreen moisturizer spf35 tabir surya gel,azarine,"sunscreen moisturizer, tabir surya gel",cicamide,"barrier, spf35",2,Pembersih Wajah dan Perawatan Jerawat
erha moisturizer skin barrier,erha,moisturizer,,skin barrier,4,Hidrasi dan Perawatan Kulit Sensitif
ceradan soothing gel pereda gatal pada kulit,ceradan,gel,,"pereda gatal pada kulit, soothing",4,Hidrasi dan Perawatan Kulit Sensitif
ceradan skin barrier repair cream pereda iritasi pada kulit,ceradan,cream,,"pereda iritasi pada kulit, skin barrier repair",1,Skincare Anti-Aging dan Brightening
you amino oil control facial wash hydrate brighten,you,facial wash,amino,"hydrate brighten, oil control",5,Brightening dengan Bahan Aktif
kahf jerawat pore cleanse scrub face wash sabun cleanser wajah pria,kahf,scrub face wash sabun cleanser,,"jerawat pore cleanse, wajah pria",,
ceradan ceramide cleanser face body pump sabun,ceradan,"cleanser, pump sabun",ceramide,face body,5,Brightening dengan Bahan Aktif
erha zinc gluconate pore minimizing toner wajah mencerahkan wanita jerawat,erha,toner wajah,zinc gluconate,"mencerahkan wanita jerawat, pore minimizing",1,Skincare Anti-Aging dan Brightening
ceradan ceramide cleanser face body pump,ceradan,"cleanser, pump",ceramide,face body,,
nivea sun face protection serum spf 50 pa oil control,nivea,serum,,"spf 50 pa oil control, sun face protection",,
you daily defense sunscreen serum spf30 perlindungan uv uva uvb blue light untuk kulit kering berminyak,you,sunscreen serum,,"daily defense, spf30 perlindungan uv uva uvb blue light untuk kulit kering berminyak",2,Pembersih Wajah dan Perawatan Jerawat
cetaphil cleanser skin renewing,cetaphil,cleanser,,skin renewing,5,Brightening dengan Bahan Aktif
cosrx aha bha clarifying treatment toner exfoliating ringan untuk semua jenis kulit,cosrx,toner,aha bha,"clarifying treatment, exfoliating ringan untuk semua jenis kulit",,
jf jerawat protect mild care sabun,jf,sabun,,jerawat protect mild care,2,Pembersih Wajah dan Perawatan Jerawat
himalaya moisturizing aloe vera face wash cleanser wajah,himalaya,face wash cleanser wajah,aloe vera,moisturizing,3,"Pelembap, Retinol, dan Perlindungan Kulit"
hada labo gokujyun anti - aging serum,hada labo gokujyun,serum,,anti - aging,4,Hidrasi dan Perawatan Kulit Sensitif
senka facial foam sabun cleanser wajah,senka,"facial foam, sabun cleanser wajah",,,3,"Pelembap, Retinol, dan Perlindungan Kulit"
,,,,,,
clinelle purifying toner,clinelle,toner,,purifying,3,"Pelembap, Retinol, dan Perlindungan Kulit"
banana boat ultra protect faces lotion spf50,banana boat,lotion,,"spf50, ultra protect faces",,
kahf exfoliating face scrub cleanser noda hitam wajah kopi mencerahkan,kahf,face scrub cleanser,kopi,"exfoliating, mencerahkan, noda hitam wajah",3,"Pelembap, Retinol, dan Perlindungan Kulit"
bioderma sebium pore refiner cream pengecil pori wajah,bioderma,cream,,"pengecil pori wajah, sebium pore refiner",,
acnes natural care oil control face wash facial komedo,acnes,face wash,,"facial komedo, natural care oil control",2,Pembersih Wajah dan Perawatan Jerawat
banana boat simply protect moisturizer sunscreen lotion spf50,banana boat,moisturizer sunscreen lotion,,"simply protect, spf50",,
bioderma essence lotion toner pelembab wajah,bioderma,essence lotion toner pelembab wajah,,,4,Hidrasi dan Perawatan Kulit Sensitif
emina sun battle bright glow spf 35 pa sunscreen serum amino vitamin c,emina,sunscreen serum,amino vitamin c,sun battle bright glow spf 35 pa,2,Pembersih Wajah dan Perawatan Jerawat
wardah aloe hydramild facial wash,wardah,facial wash,aloe,hydramild,2,Pembersih Wajah dan Perawatan Jerawat
nuface hydra lock youthful skin serum anti - aging,nuface,serum,,"anti - aging, hydra lock youthful skin",2,Pembersih Wajah dan Perawatan Jerawat
nuface me sun shield spf 50 pa,nuface me,,,sun shield spf 50 pa,2,Pembersih Wajah dan Perawatan Jerawat
erha face wash sabun wajah kulit sensitif,erha,"face wash, sabun wajah",,kulit sensitif,3,"Pelembap, Retinol, dan Perlindungan Kulit"
skintific toner soothing ceramide repair skin barrier,skintific,toner,ceramide,"repair skin barrier, soothing",,
erha brightening pore toner pencerah wajah hitam pelembab hydrating tranexamic acid,erha,"pelembab, toner",tranexamic acid,"brightening pore, hydrating, pencerah wajah hitam",2,Pembersih Wajah dan Perawatan Jerawat
bioderma gel moisturizer,bioderma,"gel, moisturizer",,,,
safi age defy radiant day cream emulsion spf 25 pa pagi,safi,cream emulsion,,"age defy radiant day, spf 25 pa pagi",2,Pembersih Wajah dan Perawatan Jerawat
cerave facial moisturising lotion spf30 pelembab wajah,cerave,"lotion, pelembab wajah",,"facial moisturising, spf30",5,Brightening dengan Bahan Aktif
neutrogena moisturizer repair regenerating cream pelembap untuk mengurangi kerutan,neutrogena,"cream pelembap, moisturizer",,"repair regenerating, untuk mengurangi kerutan",,
skintific moisturizer gel ceramide repair skin barrier,skintific,moisturizer gel,ceramide,repair skin barrier,2,Pembersih Wajah dan Perawatan Jerawat
cetaphil sunscreen spf50 light gel tabir surya ringan untuk kulit sensitif perlindungan uva uvb,cetaphil,"gel tabir surya, sunscreen",,"ringan untuk kulit sensitif perlindungan uva uvb, spf50 light",5,Brightening dengan Bahan Aktif
you amino anti jerawat facial wash sabun cuci wajah,you,facial wash sabun cuci wajah,amino,anti jerawat,3,"Pelembap, Retinol, dan Perlindungan Kulit"
safi ultimate bright purifying cleanser wajah pori,safi,cleanser,,"ultimate bright purifying, wajah pori",1,Skincare Anti-Aging dan Brightening
senka facial foam white sabun cleanser wajah,senka,"facial foam, sabun cleanser wajah",,white,2,Pembersih Wajah dan Perawatan Jerawat
erha toner untuk kulit sensitif,erha,toner,,untuk kulit sensitif,3,"Pelembap, Retinol, dan Perlindungan Kulit"
biore mens facial foam clean oil balance sabun wajah,biore mens,"facial foam, sabun wajah",,clean oil balance,,
you amino anti bacterial facial wash acid berminyak,you,facial wash,"acid, amino","anti bacterial, berminyak",1,Skincare Anti-Aging dan Brightening
you amino brightening facial wash pencerah wajah kuning hyaluronic acid asam untuk membersihkan pori angkat sel kulit mati,you,facial wash,"amino, asam, hyaluronic acid","brightening, pencerah wajah kuning, untuk membersihkan pori angkat sel kulit mati",,
somethinc acnedot treatment moisturizer gel pelembab wajah,somethinc,moisturizer gel pelembab wajah,,acnedot treatment,,
nivea body spf,nivea,,,"body, spf",3,"Pelembap, Retinol, dan Perlindungan Kulit"
you amino brightening facial wash pencerah wajah acid,you,facial wash,"acid, amino","brightening, pencerah wajah",5,Brightening dengan Bahan Aktif
acnes creamy wash facial,acnes,creamy wash facial,,,1,Skincare Anti-Aging dan Brightening
erha facial wash jerawat berminyak wajah perawatan,erha,facial wash,,"berminyak wajah perawatan, jerawat",5,Brightening dengan Bahan Aktif
azarine daily moisturizer oil brightening,azarine,moisturizer,,"daily, oil brightening",,
senka facial foam fresh anti shine,senka,facial foam,,fresh anti shine,5,Brightening dengan Bahan Aktif
erha21 erha facial wash normal dry skin sabun wajah wanita vitamin,erha21 erha,"facial wash, sabun wajah",vitamin,"normal dry skin, wanita",2,Pembersih Wajah dan Perawatan Jerawat
labore repair cream pelembab kulit sangat kering sensitif,labore,cream,,"pelembab kulit sangat kering sensitif, repair",,
momami soothing gel aloe vera,momami,gel,aloe vera,soothing,3,"Pelembap, Retinol, dan Perlindungan Kulit"
natur e advanced intensive eye treatment serum perawatan mata astaxanthin cucumber vitamin,natur e,serum,"astaxanthin cucumber, vitamin","advanced intensive eye treatment, perawatan mata",,
bioderma cleanser wajah untuk kulit sensitif,bioderma,cleanser wajah,,untuk kulit sensitif,3,"Pelembap, Retinol, dan Perlindungan Kulit"
kahf triple protection sunscreen moisturizer spf 30 pa pelembap wajah pria melindungi dari sinar uv,kahf,"pelembap, sunscreen moisturizer",,"spf 30 pa, triple protection, wajah pria melindungi dari sinar uv",3,"Pelembap, Retinol, dan Perlindungan Kulit"
nivea men white oil control facial foam,nivea men,facial foam,,white oil control,2,Pembersih Wajah dan Perawatan Jerawat
kahf sunscreen stick spf 50 pa tabir surya pria,kahf,"sunscreen stick, tabir surya",,"pria, spf 50 pa",4,Hidrasi dan Perawatan Kulit Sensitif
spf 50 pa lotion wajah ultra protection sunscreen cooling perlindungan uv terbaik tahan air keringat segar pendinginan,,"lotion wajah, sunscreen",,"cooling perlindungan uv terbaik tahan air keringat segar pendinginan, spf 50 pa, ultra protection",3,"Pelembap, Retinol, dan Perlindungan Kulit"
la roche posay balm,la roche posay,balm,,,,
azarine hydrasoothe sunscreen gel spf45 pa tabir surya pelembab kulit,azarine,"sunscreen gel, tabir surya",,"hydrasoothe, pelembab kulit, spf45 pa",1,Skincare Anti-Aging dan Brightening
cerave foaming cleanser normal to oily skin wajah,cerave,foaming cleanser,,normal to oily skin wajah,4,Hidrasi dan Perawatan Kulit Sensitif
skin aqua uv moisturizer milk spf50 pa perawatan wajah melindungi kulit serta mencerahkan,skin aqua,moisturizer,milk,"perawatan wajah melindungi kulit serta mencerahkan, spf50 pa, uv",5,Brightening dengan Bahan Aktif
hanasui white serum,hanasui,serum,,white,3,"Pelembap, Retinol, dan Perlindungan Kulit"
verile jerawat care facial wash sabun pencuci wajah,verile,facial wash sabun pencuci wajah,,jerawat care,2,Pembersih Wajah dan Perawatan Jerawat
hanasui vitamin c serum orange,hanasui,serum,"orange, vitamin c",,,
erha jerawat sunscreen spf 45 pa wajah mencerahkan,erha,sunscreen,,"jerawat, spf 45 pa wajah mencerahkan",1,Skincare Anti-Aging dan Brightening
la roche posay moisturizer untuk melembabkan kulit sensitif,la roche posay,moisturizer,,untuk melembabkan kulit sensitif,,
bioderma ultra face body moisturizer pelembab kulit,bioderma,moisturizer,,"pelembab kulit, ultra face body",4,Hidrasi dan Perawatan Kulit Sensitif
scabimite blacksoap cleansing,scabimite,blacksoap,,cleansing,,
clinelle hydracalm cream wajah,clinelle,cream wajah,,hydracalm,4,Hidrasi dan Perawatan Kulit Sensitif
acnes natural care yoghurt face wash facial komedo,acnes,face wash,yoghurt,"facial komedo, natural care",5,Brightening dengan Bahan Aktif
hada labo tamagohada lotion mild peeling,hada labo tamagohada,lotion,,mild peeling,2,Pembersih Wajah dan Perawatan Jerawat
nivea sun face serum instant aura spf 50 sunscreen wajah,nivea,"sun face serum, sunscreen wajah",,instant aura spf 50,,
clinelle hydracalm lotion melembabkan kulit wajah,clinelle,lotion,,"hydracalm, melembabkan kulit wajah",,
la roche posay vitamin c12 mencerahkan menyamarkan kerutan,la roche posay,,vitamin c12,mencerahkan menyamarkan kerutan,,
azarine hydramax c sunscreen serum spf 50 pa,azarine,sunscreen serum,c,"hydramax, spf 50 pa",,
himalaya clear complexion white face wash cleanser wajah,himalaya,face wash cleanser wajah,,clear complexion white,2,Pembersih Wajah dan Perawatan Jerawat
emina bright face wash,emina,face wash,,bright,2,Pembersih Wajah dan Perawatan Jerawat
glowsophy watermelon brightening moisturizer skin barrier niacinamide gel day and night pelembab wajah mencerahkan kulit bercahaya cream pencerah ceramide,glowsophy,"cream, gel, moisturizer, pelembab wajah","ceramide, niacinamide, watermelon","brightening, day and night, mencerahkan kulit bercahaya, pencerah, skin barrier",,
erha age corrector day cream peptides hyaluronate moisturizer pelembab hitam perawatan,erha,"cream, moisturizer",peptides hyaluronate,"age corrector day, pelembab hitam perawatan",,
erha deep cleansing facial wash sabun wajah pria,erha,facial wash sabun wajah pria,,deep cleansing,3,"Pelembap, Retinol, dan Perlindungan Kulit"
biore uv aqua rich sunscreen,biore,sunscreen,aqua,"rich, uv",3,"Pelembap, Retinol, dan Perlindungan Kulit"
white neng skin cream penyamar noda hitam wajah,,skin cream,,"penyamar noda hitam wajah, white neng",,
azarine toner acids glowing,azarine,toner,acids,glowing,,
garnier men fight anti jerawat,garnier men,,,fight anti jerawat,,
himalaya oil control lemon face wash cleanser wajah minyak,himalaya,face wash cleanser,lemon,"oil control, wajah minyak",2,Pembersih Wajah dan Perawatan Jerawat
acnes natural care oil control face wash,acnes,face wash,,natural care oil control,5,Brightening dengan Bahan Aktif
erha arbutin panthenol brightening day cream wajah niacinamide pelembab,erha,"cream wajah, pelembab","arbutin panthenol, niacinamide",brightening day,,
skintific moisturizer cream gel,skintific,moisturizer cream gel,,,,
erha niacinamide peptide dark spot corrector hitam perawatan wajah,erha,,niacinamide peptide,dark spot corrector hitam perawatan wajah,3,"Pelembap, Retinol, dan Perlindungan Kulit"
erha booster facial wash sabun wajah pencerah pria,erha,booster facial wash sabun wajah,,pencerah pria,1,Skincare Anti-Aging dan Brightening
physiogel cream,physiogel,cream,,,,
erto why jerawat toner untuk kulit berminyak prone skin oil control anti inflamasi,erto why,toner,,"jerawat, untuk kulit berminyak prone skin oil control anti inflamasi",,
why jerawat facial wash ertos cleanser untuk kulit berminyak prone skin oil control wajah sabun cuci anti inflamasi,"ertos, why","cleanser, facial wash, sabun cuci",,"anti inflamasi, jerawat, untuk kulit berminyak prone skin oil control wajah",4,Hidrasi dan Perawatan Kulit Sensitif
clinelle hydracalm cleansing gel serum,clinelle,gel serum,,hydracalm cleansing,5,Brightening dengan Bahan Aktif
westcare uv protector spf 45 pa sunblock wajah,westcare,sunblock wajah,,uv protector spf 45 pa,,
sariayu age defense face serum,sariayu,face serum,,age defense,,
clinelle calm care treatment cream pelembab kulit sensitif kemerahan,clinelle,cream pelembab,,"calm care treatment, kemerahan, kulit sensitif",2,Pembersih Wajah dan Perawatan Jerawat
clinelle whitenup brightening cleanser,clinelle,cleanser,,whitenup brightening,5,Brightening dengan Bahan Aktif
clinelle purifying gel moisturizer pelembab wajah kulit berminyak jerawat,clinelle,gel moisturizer pelembab,,"purifying, wajah kulit berminyak jerawat",2,Pembersih Wajah dan Perawatan Jerawat
ovale facial lotion intense glow white aloe vera bengkoang,ovale,facial lotion,aloe vera bengkoang,intense glow white,,
viva face tonic lemon,viva,face tonic,lemon,,4,Hidrasi dan Perawatan Kulit Sensitif
erto facial treatment centella asiatica wash sabun cuci wajah cleanser ph balance untuk semua jenis kulit,erto,wash sabun cuci wajah cleanser,centella asiatica,"facial treatment, ph balance untuk semua jenis kulit",4,Hidrasi dan Perawatan Kulit Sensitif
berryc spray patch stiker anti nyamuk pengusir gigitan serangga anak bayi dewasa kuat awet lucu mini pocket semprotan,berryc,"mini pocket semprotan, patch stiker, spray",,"anti nyamuk, kuat awet lucu, pengusir gigitan serangga anak bayi dewasa",,
erto sabun cuci wajah cleanser ph balance untuk semua jenis kulit membersihkan kotoran perawatan,erto,sabun cuci wajah cleanser,,ph balance untuk semua jenis kulit membersihkan kotoran perawatan,,
sariayu spf 30 pa tone up sunscreen serum instant brightening mencerahkan non acnegenic comedogenic broad spectrum glowing sunblock,sariayu,"sunblock, tone up sunscreen serum",,"instant brightening mencerahkan, non acnegenic comedogenic broad spectrum glowing, spf 30 pa",,
physiogel daily moisturizer cream,physiogel,"cream, moisturizer",,daily,,
ertos serum retinol niacinamide,ertos,serum,retinol niacinamide,,3,"Pelembap, Retinol, dan Perlindungan Kulit"
,,,,,5,Brightening dengan Bahan Aktif
klinsen facial oil control white,klinsen,,,facial oil control white,,
sariayu jeruk cleansing milk,sariayu,,"jeruk, milk",cleansing,5,Brightening dengan Bahan Aktif
sariayu jeruk refreshing toner,sariayu,toner,jeruk,refreshing,,
anti - aging serum hydrating anti flek hitam untuk semua jenis kulit,,serum,,"anti - aging, hydrating anti flek hitam untuk semua jenis kulit",1,Skincare Anti-Aging dan Brightening
erto sunscreen gel sunblock untuk semua jenis kulit spf uva uvb protector skin barrier protect anti flek anti - aging,erto,sunscreen gel sunblock,,untuk semua jenis kulit spf uva uvb protector skin barrier protect anti flek anti - aging,,
clinelle firming cream,clinelle,cream,,firming,5,Brightening dengan Bahan Aktif
erto men serum malam niacinamide centella brigtening white,erto men,serum,niacinamide centella,"brigtening white, malam",5,Brightening dengan Bahan Aktif
erto night cream malam mencerahkan glowing brightening untuk kulit normal kering white moisturizer pelembab wajah,erto,"cream, moisturizer pelembab wajah",,"malam mencerahkan glowing brightening untuk kulit normal kering white, night",3,"Pelembap, Retinol, dan Perlindungan Kulit"
westcare exfoliating face wash,westcare,face wash,,exfoliating,,
sabun aha bha pha cleanser wajah ph balanced untuk kulit jerawat,,"cleanser wajah, sabun",aha bha pha,ph balanced untuk kulit jerawat,,
erto glowing day cream siang mencerahkan brightening white untuk kulit kering normal,erto,cream,,"glowing day, siang mencerahkan brightening white untuk kulit kering normal",,
astaderm gel pelembab wajah,astaderm,gel pelembab wajah,,,4,Hidrasi dan Perawatan Kulit Sensitif
sunscreen tone up serum sariayu spf 30 pa non alcohol,sariayu,sunscreen tone up serum,,spf 30 pa non alcohol,2,Pembersih Wajah dan Perawatan Jerawat
sunscreen spf 30 pa tone up serum,,"sunscreen, tone up serum",,spf 30 pa,5,Brightening dengan Bahan Aktif
sariayu hydraglow face serum,sariayu,face serum,,hydraglow,3,"Pelembap, Retinol, dan Perlindungan Kulit"
sariayu mawar cleansing milk,sariayu,,"mawar, milk",cleansing,,
erto expert spf 30 pa sunblock untuk semua jenis kulit,erto,sunblock,,"expert spf 30 pa, untuk semua jenis kulit",3,"Pelembap, Retinol, dan Perlindungan Kulit"
ertos eyebag dark circle serum mata perawatan treatment eye cream menghilangkan kantong,ertos,"cream, serum mata",,"eyebag dark circle, menghilangkan kantong, perawatan treatment eye",3,"Pelembap, Retinol, dan Perlindungan Kulit"
erto glowing gel mencerahkan brightening untuk kulit normal berminyak kering,erto,gel,,"glowing, mencerahkan brightening untuk kulit normal berminyak kering",,
erto glowing facial toner untuk kulit kering brightening hydrating,erto,toner,,"glowing facial, untuk kulit kering brightening hydrating",5,Brightening dengan Bahan Aktif
physiogel moisturizer cleanser,physiogel,"cleanser, moisturizer",,,,
clinelle skin smoothing scrub mask exfoliating wajah,clinelle,scrub mask,,"exfoliating wajah, skin smoothing",,
erto men serum siang niacinamide centella brigtening white,erto men,serum,niacinamide centella,"brigtening white, siang",5,Brightening dengan Bahan Aktif
erto niacinamide serum mencerahkan noda hitam melembabkan meratakan warna kulit,erto,serum,niacinamide,mencerahkan noda hitam melembabkan meratakan warna kulit,1,Skincare Anti-Aging dan Brightening
retinol serum untuk kulit berminyak glowing brightening vitamin anti - aging samarkan garis halus flek hitam,,serum,"retinol, vitamin","anti - aging samarkan garis halus flek hitam, untuk kulit berminyak glowing brightening",,
sariayu moisturizer,sariayu,moisturizer,,,1,Skincare Anti-Aging dan Brightening
clinelle whitenup brightening spot essence,clinelle,essence,,whitenup brightening spot,4,Hidrasi dan Perawatan Kulit Sensitif
l oreal shampoo,l oreal,shampoo,,,3,"Pelembap, Retinol, dan Perlindungan Kulit"
erto facial treatment sabun cuci wajah,erto,sabun cuci wajah,,facial treatment,1,Skincare Anti-Aging dan Brightening
kelly lemon soap,kelly,soap,lemon,,5,Brightening dengan Bahan Aktif
westcare rose hydrating toner,westcare,toner,rose,hydrating,,
sariayu mawar cleansing milk,sariayu,,"mawar, milk",cleansing,,
westcare glowing moisturizer,westcare,moisturizer,,glowing,,
astaderm cream pelembab kulit antioksidan,astaderm,cream pelembab kulit,,antioksidan,,
astaderm cream pelembab kulit antioksidan,astaderm,cream pelembab kulit,,antioksidan,,
ertos jerawat expert facial toner untuk kulit berminyak prone skin oil control anti inflamasi,ertos,toner,,"jerawat expert facial, untuk kulit berminyak prone skin oil control anti inflamasi",,
erto eyelash serum bulu mata,erto,"bulu mata, eyelash serum",,,5,Brightening dengan Bahan Aktif
ertos glowing kulit mencerahkan,ertos,,,"glowing, kulit mencerahkan",,
dayman facial wash scrub extra cooling,dayman,facial wash scrub,,extra cooling,,
erto astaxanthine cream siang mencerahkan glowing untuk kulit normal kering white moisturizer anti flek hitam,erto,"cream, moisturizer",astaxanthine,"anti flek hitam, siang mencerahkan glowing untuk kulit normal kering white",,
physiogel moisturizer cleanser,physiogel,"cleanser, moisturizer",,,,
westcare brightening face wash,westcare,face wash,,brightening,,
erto glowing brightening white facial wash toner cream mencerahkan kulit wajah,erto,facial wash toner cream,,"brightening white, glowing, mencerahkan kulit wajah",5,Brightening dengan Bahan Aktif
erto glowing facial wash sabun cuci wajah cleanser ph balance untuk kulit normal kering brightening anti - aging hydrating mencerahkan,erto,"facial wash, sabun cuci wajah cleanser",,"glowing, ph balance untuk kulit normal kering brightening anti - aging hydrating mencerahkan",,
sariayu spf 30 pa tone up sunscreen serum,sariayu,tone up sunscreen serum,,spf 30 pa,5,Brightening dengan Bahan Aktif
erto glowing night cream malam mencerahkan brightening white untuk kulit kering,erto,cream,,"glowing night, malam mencerahkan brightening white untuk kulit kering",,
sariayu refreshing toner,sariayu,toner,,refreshing,,
klinsen facial exfoliating,klinsen,,,facial exfoliating,1,Skincare Anti-Aging dan Brightening
biokos nutrition nutrient cleanser,biokos,cleanser,nutrition nutrient,,,
mederma gel,mederma,gel,,,,
sariayu age defense gel facial foam,sariayu,gel facial foam,,age defense,2,Pembersih Wajah dan Perawatan Jerawat
dewi sri spa rose body mist,dewi sri spa,body mist,rose,,,
biokos probiotic moisturizer cream gel,biokos,moisturizer cream gel,probiotic,,5,Brightening dengan Bahan Aktif
sariayu bright skin putih langsat moisturizer,sariayu,moisturizer,,bright skin putih langsat,,
biokos pure balance oil control toner,biokos,toner,,pure balance oil control,5,Brightening dengan Bahan Aktif
kahf face wash,kahf,face wash,,,,
renewage face wash,,face wash,,renewage,3,"Pelembap, Retinol, dan Perlindungan Kulit"
biokos nutrition facial foam,biokos,facial foam,nutrition,,5,Brightening dengan Bahan Aktif
autan refresh,autan refresh,,,,5,Brightening dengan Bahan Aktif
biokos age revitalize day cream spf30,biokos,cream,,"age revitalize day, spf30",3,"Pelembap, Retinol, dan Perlindungan Kulit"
biokos age renew anti wrinkle revitalizing serum,biokos,serum,,age renew anti wrinkle revitalizing,2,Pembersih Wajah dan Perawatan Jerawat
biokos daily protection sunscreen spray spf 50 vitamin c,biokos,sunscreen spray,vitamin c,"daily protection, spf 50",3,"Pelembap, Retinol, dan Perlindungan Kulit"
renewage face scrub,,face scrub,,renewage,3,"Pelembap, Retinol, dan Perlindungan Kulit"
happy green rosehip seed oil minyak biji,happy green,,rosehip seed oil minyak biji,,,
fabil facial foam back young skin barrier cream melembabkan membersihkan wajah secara menyeluruh mencerahkan,fabil,"cream, facial foam",,"back young skin barrier, melembabkan membersihkan wajah secara menyeluruh, mencerahkan",5,Brightening dengan Bahan Aktif
happy green almond oil,happy green,,almond oil,,,
happy green maracuja oil minyak biji markisa,happy green,,maracuja oil minyak biji markisa,,,
papain enzyme facial cleanser sabun cuci wajah pencerah jerawat pepaya bright mencerahkan,papain enzyme,"facial cleanser, sabun cuci wajah",pepaya,"bright, mencerahkan, pencerah jerawat",1,Skincare Anti-Aging dan Brightening
happy green black castor oil minyak hitam usda,happy green,,black castor oil minyak hitam usda,,5,Brightening dengan Bahan Aktif
cerave foaming cleanser ceramide face wash oily skin,cerave,"face wash, foaming cleanser",ceramide,oily skin,4,Hidrasi dan Perawatan Kulit Sensitif
er 1 anti - aging intensive night cream aha txa aloe vera,er 1,cream,aha txa aloe vera,anti - aging intensive night,3,"Pelembap, Retinol, dan Perlindungan Kulit"
pure almond oil serum wajah,pure,serum wajah,almond oil,,,
pure olive oil serum wajah,pure,serum wajah,olive oil,,,
sulwhasoo ginseng rejuvenating ampoule perawatan wajah ampul anti - aging regenerating strengthening essence,sulwhasoo,essence,ginseng,"perawatan wajah ampul anti - aging regenerating strengthening, rejuvenating ampoule",5,Brightening dengan Bahan Aktif
cerave hydrating cleanser moisturizing cream,cerave,"cleanser, cream",,"hydrating, moisturizing",2,Pembersih Wajah dan Perawatan Jerawat
er pure bright brightening pencerah serum night cream sunscreen facial wash cleanser toner,er,"cream, serum, sunscreen facial wash cleanser toner",,"brightening pencerah, night, pure bright",,
sulwhasoo cleansing cleanser wajah anti - aging facial,sulwhasoo,cleanser,,"cleansing, wajah anti - aging facial",,
cerave moisturising cream pump ceramide normal dry,cerave,cream pump,ceramide,"moisturising, normal dry",4,Hidrasi dan Perawatan Kulit Sensitif
sulwhasoo ginseng rejuvenating cream rich moisturizer wajah pelembap anti - aging hydrating,sulwhasoo,cream rich moisturizer wajah pelembap,ginseng,"anti - aging hydrating, rejuvenating",3,"Pelembap, Retinol, dan Perlindungan Kulit"
sulwhasoo ginseng brightening serum anti - aging wajah mencerahkan menenangkan kulit niacinamide essence pencerah,sulwhasoo,"essence, serum","ginseng, niacinamide","anti - aging wajah mencerahkan menenangkan kulit, brightening, pencerah",5,Brightening dengan Bahan Aktif
happy green tamanu oil,happy green,,tamanu oil,,2,Pembersih Wajah dan Perawatan Jerawat
r1 kit cakep face wash calming essence toner refining bright serum uv watery shield sunscreen reviving midnight care,r1 kit cakep,"essence toner, face wash, serum, sunscreen",,"calming, refining bright, reviving midnight care, uv watery shield",2,Pembersih Wajah dan Perawatan Jerawat
happy green argan oil,happy green,,argan oil,,,
happy green babassu oil,happy green,,babassu oil,,1,Skincare Anti-Aging dan Brightening
sulwhasoo first activating serum 6th anti - aging essence boosting perawatan wajah strengthen skin barrier ginseng,sulwhasoo,"essence, serum",ginseng,"6th anti - aging, activating, boosting perawatan wajah strengthen skin barrier, first",,
cerave normal to oily essential foaming cleanser moisturising lotion hydrating,cerave,"essential, foaming cleanser, lotion",,"hydrating, moisturising, normal to oily",1,Skincare Anti-Aging dan Brightening
er 1 brightening skin pencerah glowing day cream night toner wajah serum sunscreen facial cleanser,er 1,"cream, toner wajah serum sunscreen facial cleanser",,"brightening skin, night, pencerah glowing day",1,Skincare Anti-Aging dan Brightening
sulwhasoo white ginseng radiance refining mask scrub exfoliating mencerahkan perawatan wajah anti - aging,sulwhasoo,mask scrub,ginseng,"exfoliating mencerahkan perawatan wajah anti - aging, radiance refining, white",4,Hidrasi dan Perawatan Kulit Sensitif
fabil basic hydration prep hydrasoothe barrier toner facial foam pelembap wajah mengatasi kemerahan iritasi kulit secara cepat cleanser yang tidak menimbulkan efek ketarik,fabil,"cleanser, toner facial foam",,"basic hydration prep hydrasoothe barrier, pelembap wajah mengatasi kemerahan iritasi kulit secara cepat, yang tidak menimbulkan efek ketarik",,
er daily calming soothing toner chamomile aha,er,toner,chamomile aha,daily calming soothing,5,Brightening dengan Bahan Aktif
cerave resurfacing retinol serum jerawat prone skin,cerave,serum,retinol,"jerawat prone skin, resurfacing",,
papain facial wash cleanser bright jerawat face sabun cuci wajah pepaya pencerah berminyak,papain,"cleanser, facial wash, sabun cuci wajah",pepaya,"bright jerawat face, pencerah berminyak",5,Brightening dengan Bahan Aktif
happy green lavender,happy green,,lavender,,,
r1 mencerahkan tuntas,r1,,,mencerahkan tuntas,2,Pembersih Wajah dan Perawatan Jerawat
er 1 pure bright sunscreen niacinamide spf panthenol day cream uv matahari white dark spot pelembab,er 1,"cream, pelembab, sunscreen","niacinamide, panthenol","day, pure bright, spf, uv matahari white dark spot",3,"Pelembap, Retinol, dan Perlindungan Kulit"
sulwhasoo ginseng rejuvenating cream anti - aging moisturizer wajah peptides,sulwhasoo,"cream, moisturizer wajah","ginseng, peptides","anti - aging, rejuvenating",,
cerave daily moisturizing cream hydrating cleanser,cerave,"cleanser, cream",,"daily moisturizing, hydrating",5,Brightening dengan Bahan Aktif
papain facial wash cleanser bright and jerawat face sabun cuci wajah pepaya pencerah,papain,"facial wash cleanser, sabun cuci wajah",pepaya,"bright and jerawat face, pencerah",,
papain facial wash cleanser bright jerawat face sabun cuci wajah pepaya pencerah berminyak,papain,"cleanser, facial wash, sabun cuci wajah",pepaya,"bright jerawat face, pencerah berminyak",1,Skincare Anti-Aging dan Brightening
cerave foaming cleanser,cerave,foaming cleanser,,,,
r1 calming essence toner wajah pria,r1,"essence toner, pria",,"calming, wajah",,
essenli face and hair oil serum pelembab wajah,essenli,"face and hair oil serum, pelembab wajah",,,1,Skincare Anti-Aging dan Brightening
fabil moringa sunscreen mist spf 45 pa spray melembabkan melindungi dari sinar uv halus tidak pedih mata mudah diserap tanpa alkohol,fabil,"spray, sunscreen mist",moringa,"halus tidak pedih mata, melembabkan melindungi dari sinar uv, mudah diserap tanpa alkohol, spf 45 pa",1,Skincare Anti-Aging dan Brightening
fabil bakuchiol nephelium revitalizing serum mengurangi garis halus kerutan memperbaiki tekstur kulit retinol moringa cica alpha arbutin,fabil,serum,"bakuchiol nephelium, cica alpha arbutin, moringa, retinol","memperbaiki tekstur kulit, mengurangi garis halus kerutan, revitalizing",3,"Pelembap, Retinol, dan Perlindungan Kulit"
r1 bersih tuntas face wash calming essence toner,r1,"essence toner, face wash",,"bersih tuntas, calming",,
happy green rosehip seed oil minyak biji,happy green,,rosehip seed oil minyak biji,,1,Skincare Anti-Aging dan Brightening
er 1 pure bright serum high anti oxidant alpha arbutin mencerahkan,er 1,serum,alpha arbutin,"high anti oxidant, mencerahkan, pure bright",5,Brightening dengan Bahan Aktif
pure grapeseed oil minyak biji anggur serum wajah,pure,serum wajah,grapeseed oil minyak biji anggur,,,
lume facial cleanser komedo wajah,lume,facial cleanser,,"komedo, wajah",,
er pure bright purifying toner lactic acid aha,er,toner,lactic acid aha,pure bright purifying,5,Brightening dengan Bahan Aktif
cerave moisturising cream ceramide moisturizer normal dry skin,cerave,"cream, moisturizer",ceramide,"moisturising, normal dry skin",,
dermapro cream pelembab kulit,dermapro,"cream, pelembab",,kulit,2,Pembersih Wajah dan Perawatan Jerawat
suu balm lotion pelembab tubuh untuk kulit kering sensitif rentan eksim aman ibu hamil menyusui ceramide lawan gatal no steroid cooling menthol,suu balm,lotion,ceramide,"aman ibu hamil menyusui, lawan gatal, no steroid cooling menthol, pelembab tubuh untuk kulit kering sensitif rentan eksim",1,Skincare Anti-Aging dan Brightening
er advanced anti - aging kerutan serum night cream day sunscreen facial wash cleanser toner,er,"cream, serum, sunscreen facial wash cleanser toner",,"advanced anti - aging, day, kerutan, night",2,Pembersih Wajah dan Perawatan Jerawat
hydrasoothe barrier toner infused serum pelembap wajah meredakan kemerahan mengatasi iritasi kulit,,toner infused serum,,"hydrasoothe barrier, pelembap wajah meredakan kemerahan mengatasi iritasi kulit",2,Pembersih Wajah dan Perawatan Jerawat
sulwhasoo uv daily essential sunscreen tabir surya semua jenis kulit,sulwhasoo,essential sunscreen tabir surya,,"semua jenis kulit, uv daily",2,Pembersih Wajah dan Perawatan Jerawat
happy green rose water damascena,happy green,,rose water damascena,,2,Pembersih Wajah dan Perawatan Jerawat
happy green jojoba oil,happy green,,jojoba oil,,2,Pembersih Wajah dan Perawatan Jerawat
sulwhasoo first activating serum 6th anti - aging essence boosting perawatan wajah strengthen skin barrier ginseng,sulwhasoo,"essence, serum",ginseng,"6th anti - aging, activating, boosting perawatan wajah strengthen skin barrier, first",,
r1 reviving midnight care cream malam wajah pria,r1,"cream, wajah",,"malam, pria, reviving midnight care",2,Pembersih Wajah dan Perawatan Jerawat
r1 pagi face wash uv watery shield sunscreen,r1,"face wash, sunscreen",,"pagi, uv watery shield",1,Skincare Anti-Aging dan Brightening
r1 face wash sabun wajah pria,r1,face wash sabun wajah pria,,,2,Pembersih Wajah dan Perawatan Jerawat
sulwhasoo uv daily tone up sunscreen tabir surya semua jenis kulit,sulwhasoo,tone up sunscreen tabir surya,,"semua jenis kulit, uv daily",,
er pure bright moisturizer night cream arbutin,er,"cream, moisturizer",arbutin,"night, pure bright",5,Brightening dengan Bahan Aktif
happy green rice bran oil bekatul,happy green,,rice bran oil bekatul,,5,Brightening dengan Bahan Aktif
sulwhasoo,sulwhasoo,,,,3,"Pelembap, Retinol, dan Perlindungan Kulit"
fabil niacinamide centella bright serum mencerahkan menghilangkan noda hitam meratakan warna kulit wajah tetap terhidrasi sepanjang hari sehat cica licorice,fabil,serum,"cica licorice, niacinamide centella","bright, mencerahkan menghilangkan noda hitam meratakan warna kulit wajah tetap terhidrasi sepanjang hari sehat",1,Skincare Anti-Aging dan Brightening
20 niacinamide rice glow booster serum mencerahkan menghilangkan noda hitam meratakan warna kulit wajah,20,serum,niacinamide rice,"glow booster, mencerahkan menghilangkan noda hitam meratakan warna kulit wajah",5,Brightening dengan Bahan Aktif
bdl soap sabun pepaya membersihkan,bdl,"sabun, soap",pepaya,membersihkan,4,Hidrasi dan Perawatan Kulit Sensitif
flacenta brightening soap pearl,flacenta,soap,pearl,brightening,3,"Pelembap, Retinol, dan Perlindungan Kulit"
bdl moisturizer night cream papaya pelembab wajah mencerahkan meratakan warna kulit vitamin e,bdl,"cream, moisturizer","papaya, vitamin e","night, pelembab wajah mencerahkan meratakan warna kulit",4,Hidrasi dan Perawatan Kulit Sensitif
bdl facial wash papaya bengkuang manggis sabun cuci wajah untuk mencerahkan menghilangkan jerawat flek hitam,bdl,"facial wash, sabun cuci wajah",papaya bengkuang manggis,untuk mencerahkan menghilangkan jerawat flek hitam,1,Skincare Anti-Aging dan Brightening
bdl facial wash papaya bengkuang manggis sabun cuci wajah untuk mencerahkan menghilangkan jerawat flek hitam,bdl,"facial wash, sabun cuci wajah",papaya bengkuang manggis,untuk mencerahkan menghilangkan jerawat flek hitam,,
bdl brightening soap,bdl,soap,,brightening,1,Skincare Anti-Aging dan Brightening
bdl papaya facial wash,bdl,facial wash,papaya,,3,"Pelembap, Retinol, dan Perlindungan Kulit"
bdl facial wash,bdl,facial wash,,,,
bdl sabun papaya facial wash brightening soap untuk kulit berminyak jerawat,bdl,"facial wash, sabun, soap",papaya,"brightening, untuk kulit berminyak jerawat",1,Skincare Anti-Aging dan Brightening
poise facial foam anti bacterial,poise,facial foam,,anti bacterial,4,Hidrasi dan Perawatan Kulit Sensitif
poise sabun wajah white,poise,sabun wajah,,white,3,"Pelembap, Retinol, dan Perlindungan Kulit"
poise facial foam clearshine,poise,facial foam,,clearshine,4,Hidrasi dan Perawatan Kulit Sensitif
poise facial foam anti jerawat,poise,facial foam,,anti jerawat,1,Skincare Anti-Aging dan Brightening
poise facial foam white,poise,facial foam,,white,,
dojako basic glowing perawatan kulit optimal amino acid cleanser toner cream spf 50 pa,dojako,"cleanser toner, cream",amino acid,"basic glowing perawatan kulit optimal, spf 50 pa",4,Hidrasi dan Perawatan Kulit Sensitif
dojako milk hydrating toner face mist setting spray,dojako,toner face mist setting spray,milk,hydrating,5,Brightening dengan Bahan Aktif
wardah bright creamy foam brightening smooth glow,wardah,creamy foam,,"bright, brightening smooth glow",,
glikoderm clarifying facial cleanser,glikoderm,facial cleanser,,clarifying,3,"Pelembap, Retinol, dan Perlindungan Kulit"
paul joe hydrating gel,paul joe,gel,,hydrating,,
glikoderm moisturizing cream,glikoderm,cream,,moisturizing,,
labore sensitive cream,labore,cream,,sensitive,3,"Pelembap, Retinol, dan Perlindungan Kulit"
garnier men turbolight oil control brightening scrub,garnier men,scrub,,turbolight oil control brightening,2,Pembersih Wajah dan Perawatan Jerawat
do skin brightening serum aging,do skin,serum,,"aging, brightening",,
dojako basic bumil busui facial foam amino acid cleanser toner sunscreen spf50 pa,dojako,"cleanser toner, facial foam, sunscreen",amino acid,"basic bumil busui, spf50 pa",,
dojako lawan bintik flek hitam cream sunscreen facial foam,dojako,cream sunscreen facial foam,,lawan bintik flek hitam,,
dojako serum proxylane mencerahkan mengencangkan wajah kulit kering jerawat glutathione anti - aging kerutan oat,dojako,serum,"glutathione, oat, proxylane","anti - aging kerutan, mencerahkan mengencangkan wajah kulit kering jerawat",,
wardah lightening face toner clean white,wardah,face toner,,"clean white, lightening",,
jf jerawat spot care cleanser,jf,cleanser,,jerawat spot care,2,Pembersih Wajah dan Perawatan Jerawat
topicare soothing cream,topicare,cream,,soothing,,
dojako glowing awet muda amino acid cleanser toner serum anti kerut pelembab cream spf 50 pa,dojako,"cleanser toner, pelembab cream, serum",amino acid,"anti kerut, glowing awet muda, spf 50 pa",,
white flek hitam jerawat dojako,dojako,,,white flek hitam jerawat,2,Pembersih Wajah dan Perawatan Jerawat
toner jerawat treatment obat totol facial wash dojako,dojako,"obat totol facial wash, toner",,jerawat treatment,,
kahf oil and jerawat care face wash,kahf,face wash,,oil and jerawat care,,
mata bintitan timbilan pengempis benjolan kelopak propolis sm,sm,,propolis,mata bintitan timbilan pengempis benjolan kelopak,,
cream anti noda bintik flek hitam hilang dojako memutihkan mencerahkan pelembab penghilang hyaluronic acid vitamin c,dojako,"cream, pelembab",hyaluronic acid vitamin c,"anti noda bintik flek hitam hilang, memutihkan mencerahkan, penghilang",1,Skincare Anti-Aging dan Brightening
paul joe lotion,paul joe,lotion,,,,
ichtiyol zalf,ichtiyol zalf,,,,,
paul joe cleansing gel,paul joe,gel,,cleansing,,
viva milk cleanser cucumber,viva,cleanser,"cucumber, milk",,,
complete easy,complete easy,,,,,
glowing jerawat dojako,dojako,,,glowing jerawat,3,"Pelembap, Retinol, dan Perlindungan Kulit"
facial foam serum jerawat dojako,dojako,facial foam serum,,jerawat,,
oilum hydrating care facial,oilum,facial,,hydrating care,1,Skincare Anti-Aging dan Brightening
do skin daily day cream sunscreen spf,do skin,cream sunscreen,,"daily day, spf",,
derma xp white serum,derma xp,serum,,white,5,Brightening dengan Bahan Aktif
blink n clean,blink n clean,,,,3,"Pelembap, Retinol, dan Perlindungan Kulit"
do skin brightening night cream,do skin,cream,,brightening night,1,Skincare Anti-Aging dan Brightening
labore sensitive skin nutrition gel,labore,gel,,"sensitive, skin nutrition",3,"Pelembap, Retinol, dan Perlindungan Kulit"
paul joe,paul joe,,,,,
propolis sm penghilang panu anak kulit badan wajah,sm,,propolis,"kulit badan wajah, penghilang panu anak",,
melanox cream,melanox,cream,,,,
hanasui vitamin c collagen serum,hanasui,serum,vitamin c collagen,,3,"Pelembap, Retinol, dan Perlindungan Kulit"
octenilin gel,octenilin,gel,,,,
amino acid cleanser facial foam sabun cuci wajah dojako mengencangkan membersihkan cleansing mencerahkan natural bamboo charcoal,dojako,cleanser facial foam sabun cuci wajah,"amino acid, bamboo charcoal",mengencangkan membersihkan cleansing mencerahkan natural,1,Skincare Anti-Aging dan Brightening
do skin jerawat cleanser,do skin,cleanser,,jerawat,3,"Pelembap, Retinol, dan Perlindungan Kulit"
do skin facial toner,do skin,facial toner,,,3,"Pelembap, Retinol, dan Perlindungan Kulit"
bio oil,bio oil,,,,,
jf sulfur jerawat protect soap,jf,soap,sulfur,jerawat protect,,
dear doer cleansing mask cleanser,dear doer,mask cleanser,,cleansing,,
cream glowing white facial foam dojako,dojako,"cream, facial foam",,glowing white,3,"Pelembap, Retinol, dan Perlindungan Kulit"
xpeditions mcs ss jerawat,xpeditions mcs ss,,,jerawat,1,Skincare Anti-Aging dan Brightening
wardah bright creamy foam oil control,wardah,creamy foam,,"bright, oil control",5,Brightening dengan Bahan Aktif
ovale facial lotion lemon,ovale,facial lotion,lemon,,,
dojako anti - aging cream glowing serum anti kerut facial foam,dojako,"cream, facial foam, serum",,"anti - aging, anti kerut, glowing",1,Skincare Anti-Aging dan Brightening
ovale facial lotion white bengkoang,ovale,facial lotion,bengkoang,white,,
cream glowing flek hitam dojako,dojako,cream,,glowing flek hitam,3,"Pelembap, Retinol, dan Perlindungan Kulit"
pixy white serum mist,pixy,serum mist,,white,,
olay perawatan kulit anti - aging wajah moisturizer cleanser,olay,moisturizer cleanser,,perawatan kulit anti - aging wajah,1,Skincare Anti-Aging dan Brightening
revox b77 glycolic acid serum peeling exfoliating wajah,revox b77,serum,glycolic acid,peeling exfoliating wajah,,
olay anti ageing serum,olay,serum,,anti ageing,,
olay regenerist day cream serum antiaging,olay,cream serum,,"antiaging, day, regenerist",3,"Pelembap, Retinol, dan Perlindungan Kulit"
olay regenerist cream pelembab pagi malam anti - aging,olay,cream pelembab,,"pagi malam anti - aging, regenerist",5,Brightening dengan Bahan Aktif
olay regenerist mircro cream night,olay,cream,,"night, regenerist mircro",4,Hidrasi dan Perawatan Kulit Sensitif
olay white radiance night cream,olay,cream,,white radiance night,5,Brightening dengan Bahan Aktif
argan oil essential,,essential,argan oil,,5,Brightening dengan Bahan Aktif
you vitamin orange,you,,vitamin orange,,,
parasol face sunscreen cream spf 33,parasol,face sunscreen cream,,spf 33,3,"Pelembap, Retinol, dan Perlindungan Kulit"
olay revitalising night cream antiaging niacinamide,olay,cream,niacinamide,"antiaging, revitalising night",,
olay moisturising cream spf15 anti - aging,olay,cream,,"moisturising, spf15 anti - aging",3,"Pelembap, Retinol, dan Perlindungan Kulit"
parasol cooling mist sun spray tabir surya spf25 pa,parasol,mist sun spray tabir surya,,"cooling, spf25 pa",3,"Pelembap, Retinol, dan Perlindungan Kulit"
peau jeune serum dry skin daily hydrating shot untuk kulit kering wajah essence,peau jeune,"essence, serum",,dry skin daily hydrating shot untuk kulit kering wajah,5,Brightening dengan Bahan Aktif
parasol sunscreen lotion skin whitener spf 45 pa,parasol,sunscreen lotion,,skin whitener spf 45 pa,3,"Pelembap, Retinol, dan Perlindungan Kulit"
olay regenerist moisturizer uv cream,olay,"cream, moisturizer",,"regenerist, uv",1,Skincare Anti-Aging dan Brightening
melanox face scrub,melanox,face scrub,,,5,Brightening dengan Bahan Aktif
vitamin c serum wajah ferulic acid untuk mencerahkan melindungi kulit kusam,,serum wajah,"ferulic acid, vitamin c",untuk mencerahkan melindungi kulit kusam,1,Skincare Anti-Aging dan Brightening
melanox facial cleansing gel cleanser wajah lemon papaya oat,melanox,gel cleanser wajah,lemon papaya oat,facial cleansing,3,"Pelembap, Retinol, dan Perlindungan Kulit"
olay perawatan kulit sensitif,olay,,,perawatan kulit sensitif,3,"Pelembap, Retinol, dan Perlindungan Kulit"
olay regenerist collagen peptide moisturizer,olay,moisturizer,collagen peptide,regenerist,,
olay regenerist perawatan kulit anti - aging serum cream pagi malam,olay,serum cream,,"pagi malam, regenerist perawatan kulit anti - aging",,
parasol moisturizing spray,parasol,spray,,moisturizing,1,Skincare Anti-Aging dan Brightening
melanox cleansing gel toner uv protection perawatan mencerahkan wajah,melanox,"gel, toner",,"cleansing, uv protection perawatan mencerahkan wajah",1,Skincare Anti-Aging dan Brightening
minimalist oat cleanser face wash sabun cuci wajah hyaluronic acid untuk kulit sensitif,minimalist,cleanser face wash sabun cuci wajah,"hyaluronic acid, oat",untuk kulit sensitif,3,"Pelembap, Retinol, dan Perlindungan Kulit"
sun flower sunflower oil minyak biji bunga matahari,sun flower,,sunflower oil minyak biji bunga matahari,,5,Brightening dengan Bahan Aktif
olay perawatan wajah anti - aging,olay,,,"anti - aging, perawatan wajah",1,Skincare Anti-Aging dan Brightening
reglow,reglow,,,,5,Brightening dengan Bahan Aktif
niacinamide serum wajah untuk mengurangi minyak noda ha hyaluronic,,serum wajah,"ha, hyaluronic, niacinamide",untuk mengurangi minyak noda,4,Hidrasi dan Perawatan Kulit Sensitif
olay retinol serum wajah anti - aging,olay,serum wajah,retinol,anti - aging,3,"Pelembap, Retinol, dan Perlindungan Kulit"
olay luminous niacinamide vitamin c cream pelembab brightening,olay,cream pelembab,niacinamide vitamin c,"brightening, luminous",3,"Pelembap, Retinol, dan Perlindungan Kulit"
olay regenerist cream pelembab pagi sabun wajah anti - aging,olay,"cream pelembab, sabun wajah",,"anti - aging, pagi, regenerist",2,Pembersih Wajah dan Perawatan Jerawat
olay niacinamide antiaging cream serum,olay,cream serum,niacinamide,antiaging,3,"Pelembap, Retinol, dan Perlindungan Kulit"
minimalist salicylic acid cleanser anti jerawat face wash sabun cuci wajah untuk kulit berminyak,minimalist,"cleanser, face wash, sabun cuci wajah",salicylic acid,"anti jerawat, untuk kulit berminyak",3,"Pelembap, Retinol, dan Perlindungan Kulit"
olay antiaging niacinamide day cream serum,olay,cream serum,niacinamide,"antiaging, day",3,"Pelembap, Retinol, dan Perlindungan Kulit"
pixy uv sunscreen hydra cream spf50 pa,pixy,"cream, sunscreen",,"hydra, spf50 pa, uv",,
olay regenerist sabun cuci wajah pelembab retinol moisturizer antiaging,olay,"moisturizer, sabun cuci wajah pelembab",retinol,"antiaging, regenerist",3,"Pelembap, Retinol, dan Perlindungan Kulit"
peau jeune toner daily purifying skin booster untuk kulit jerawat berminyak wajah mencerahkan,peau jeune,toner,,daily purifying skin booster untuk kulit jerawat berminyak wajah mencerahkan,3,"Pelembap, Retinol, dan Perlindungan Kulit"
parasol sunscreen cream,parasol,sunscreen cream,,,2,Pembersih Wajah dan Perawatan Jerawat
olay white radiance brightening niacinamide essence,olay,essence,niacinamide,white radiance brightening,,
olay regenerist micro cream,olay,cream,,regenerist micro,,
pixy vitamin infused protecting mist,pixy,mist,vitamin,infused protecting,,
astalift white emulsion,astalift,emulsion,,white,3,"Pelembap, Retinol, dan Perlindungan Kulit"
derma xp txa white serum mencerahkan kulit wajah,derma xp txa,serum,,"mencerahkan kulit wajah, white",5,Brightening dengan Bahan Aktif
olay luminous niacinamide brightening serum,olay,serum,niacinamide,"brightening, luminous",,
ceramide madecassoside barrier repair moisturizing cream moisturizer pelembab wajah ursolic acid untuk kulit berminyak pagi malam hyaluronic,,cream moisturizer pelembab wajah,"ceramide madecassoside, hyaluronic, ursolic acid","barrier repair moisturizing, pagi malam, untuk kulit berminyak",5,Brightening dengan Bahan Aktif
olay cream pelembab retinol 24 anti - aging,olay,cream pelembab,retinol,24 anti - aging,,
pixy white facial wash,pixy,facial wash,,white,,
melanox double power eyes perawatan serum cream mata,melanox,serum cream,,"double power eyes perawatan, mata",,
olay regenerist retinol niacinamide moisturizer cream pelembab malam anti - aging,olay,moisturizer cream pelembab,"niacinamide, retinol","malam anti - aging, regenerist",,
olay moisturizer cream pencerah pelembab wajah,olay,"moisturizer cream, pelembab wajah",,pencerah,3,"Pelembap, Retinol, dan Perlindungan Kulit"
niacinamide serum zinc untuk mengurangi minyak noda,,serum,"niacinamide, zinc",untuk mengurangi minyak noda,5,Brightening dengan Bahan Aktif
revox b77 resveratrol ferulic acid serum,revox b77 resveratrol,serum,ferulic acid,,3,"Pelembap, Retinol, dan Perlindungan Kulit"
olay regenerist moisturizer wajah micro sculpting day cream retinol 24 night anti - aging,olay,"cream, moisturizer wajah",retinol,"24 night anti - aging, micro sculpting day, regenerist",3,"Pelembap, Retinol, dan Perlindungan Kulit"
olay luminous intensive white cream pencerah,olay,cream,,"luminous intensive white, pencerah",1,Skincare Anti-Aging dan Brightening
olay luminous intensive lotion,olay,lotion,,luminous intensive,1,Skincare Anti-Aging dan Brightening
olay foaming face wash cleanser,olay,foaming face wash cleanser,,,1,Skincare Anti-Aging dan Brightening
pixy white aqua brightening moisturizer,pixy,moisturizer,,white aqua brightening,3,"Pelembap, Retinol, dan Perlindungan Kulit"
olay anti ageing night cream perawatan pelembab wajah,olay,cream,,"anti ageing night, perawatan pelembab wajah",,
olay retinol perawatan wajah cream moisturizer malam cleanser regenerist anti - aging,olay,"cleanser, cream moisturizer",retinol,"malam, perawatan wajah, regenerist anti - aging",,
minimalist marula oil moisturizer hyaluronic acid vitamin e kulit kering,minimalist,moisturizer,"hyaluronic acid vitamin e, marula oil",kulit kering,3,"Pelembap, Retinol, dan Perlindungan Kulit"
peau jeune toner hydrating skin booster untuk kulit kering,peau jeune,toner,,hydrating skin booster untuk kulit kering,,
minimalist vitamin c serum wajah untuk pencerah kulit brightening kusam mencerahkan,minimalist,serum wajah,vitamin c,untuk pencerah kulit brightening kusam mencerahkan,1,Skincare Anti-Aging dan Brightening
olay perawatan malam,olay,,,perawatan malam,,
revox retinol age control jerawat prone skin safe,revox,,retinol,age control jerawat prone skin safe,1,Skincare Anti-Aging dan Brightening
luckymen purifying deep facial wash membantu bersihkan kotoran menghilangkan jerawat,luckymen,facial wash,,"membantu bersihkan kotoran menghilangkan jerawat, purifying deep",3,"Pelembap, Retinol, dan Perlindungan Kulit"
melanox facial cleansing gel membersihkan mencerahkan wajah extract lemon papaya oat face cleanser,melanox,"face cleanser, facial cleansing gel",extract lemon papaya oat,membersihkan mencerahkan wajah,4,Hidrasi dan Perawatan Kulit Sensitif
parasol sunscreen spray cooling mist moisturing,parasol,"mist, sunscreen spray",,"cooling, moisturing",1,Skincare Anti-Aging dan Brightening
astalift aquarysta astaxanthin anti - aging serum booster moisturizer,astalift,serum booster moisturizer,"aquarysta, astaxanthin",anti - aging,3,"Pelembap, Retinol, dan Perlindungan Kulit"
olay regenerist mircro serum perawatan wajah,olay,serum,,"perawatan wajah, regenerist mircro",5,Brightening dengan Bahan Aktif
revox b77 lactic acid peeling solution serum exfoliating mencerahkan wajah,revox b77,serum,lactic acid,"exfoliating mencerahkan wajah, peeling solution",,
revox daily sun shield sunscreen spf50,revox,sunscreen,,"daily sun shield, spf50",4,Hidrasi dan Perawatan Kulit Sensitif
labore sensitive barrier revive cream,labore,cream,,"barrier revive, sensitive",,
olay day cream spf,olay,cream,,"day, spf",5,Brightening dengan Bahan Aktif
olay regenerist pelembab wajah anti - aging,olay,pelembab wajah,,"anti - aging, regenerist",1,Skincare Anti-Aging dan Brightening
olay sabun wajah,olay,sabun wajah,,,3,"Pelembap, Retinol, dan Perlindungan Kulit"
melanox toner melembabkan mencerahkan wajah extract lemon oat papaya,melanox,toner,extract lemon oat papaya,melembabkan mencerahkan wajah,5,Brightening dengan Bahan Aktif
olay regenerist sabun cuci wajah pelembab retinol moisturizer anti - aging,olay,"moisturizer, sabun cuci wajah pelembab",retinol,"anti - aging, regenerist",,
parasol lotion tabir surya spf45 pa,parasol,lotion tabir surya,,spf45 pa,,
olay day cream,olay,cream,,day,3,"Pelembap, Retinol, dan Perlindungan Kulit"
olay perawatan wajah noda hitam kerutan anti - aging day night cream,olay,cream,,perawatan wajah noda hitam kerutan anti - aging day night,3,"Pelembap, Retinol, dan Perlindungan Kulit"
olay day cream spf,olay,cream,,"day, spf",4,Hidrasi dan Perawatan Kulit Sensitif
pixy uv sunscreen gel spf50 pa,pixy,"gel, sunscreen",,"spf50 pa, uv",4,Hidrasi dan Perawatan Kulit Sensitif
luckymen purifying facial wash ampuh bersihkan kotoran kurangi minyak berlebih cegah jerawat,luckymen,facial wash,,"ampuh bersihkan kotoran kurangi minyak berlebih cegah jerawat, purifying",4,Hidrasi dan Perawatan Kulit Sensitif
olay antiaging cream niacinamide,olay,cream,niacinamide,antiaging,5,Brightening dengan Bahan Aktif
olay regenerist retinol24 night serum revitalising cream cleanser sabun wajah antiaging,olay,"cream cleanser sabun wajah, serum",retinol24,"antiaging, night, regenerist, revitalising",2,Pembersih Wajah dan Perawatan Jerawat
olay perawatan wajah regenerist pelembab advanced anti - aging cream pagi malam serum,olay,"cream, pelembab, serum",,"advanced anti - aging, pagi malam, perawatan wajah regenerist",1,Skincare Anti-Aging dan Brightening
formula brave glowing membantu bersihkan kotoran,formula,,,"brave glowing, membantu bersihkan kotoran",3,"Pelembap, Retinol, dan Perlindungan Kulit"
aha bha exfoliator hyaluronic acid untuk warna tekstur kulit wajah merata essence vitamin,,essence,"aha bha, hyaluronic acid, vitamin","exfoliator, untuk warna tekstur kulit wajah merata",,
olay sabun wajah,olay,sabun wajah,,,,
minimalist peptide serum anti - aging collagen boosting,minimalist,serum,"collagen, peptide","anti - aging, boosting",2,Pembersih Wajah dan Perawatan Jerawat
melanox white cream perawatan mencerahkan,melanox,cream,,"perawatan mencerahkan, white",2,Pembersih Wajah dan Perawatan Jerawat
olay regenerist collagen peptide serum,olay,serum,collagen peptide,regenerist,,
astalift white essence serum brightening astaxanthin,astalift,essence serum,,"astaxanthin, brightening, white",2,Pembersih Wajah dan Perawatan Jerawat
olay pencerah white,olay,,,pencerah white,,
olay age protect cream pelembab,olay,cream pelembab,,age protect,,
pixy vitamin infused brightening mist,pixy,mist,vitamin,infused brightening,3,"Pelembap, Retinol, dan Perlindungan Kulit"
olay perawatan wajah retinol serum pelembab malam cream moisturizer anti - aging,olay,"cream moisturizer, serum pelembab",retinol,"anti - aging, malam, perawatan wajah",,
parasol moisturizing spray aloe vera vitamin c,parasol,spray,aloe vera vitamin c,moisturizing,3,"Pelembap, Retinol, dan Perlindungan Kulit"
parasol moisturizing spray soothing relaxing aloe vera menenangkan kulit terbakar matahari sunburn,parasol,spray,aloe vera,"menenangkan kulit terbakar matahari sunburn, moisturizing, soothing relaxing",5,Brightening dengan Bahan Aktif
carmed essence moisturizing lotion pelembab kulit kering moisturizer,carmed,"essence, lotion, moisturizer",,"moisturizing, pelembab kulit kering",,
minimalist salicylic acid serum wajah untuk basmi jerawat komedo minyak berlebih hyaluronic,minimalist,serum wajah,"hyaluronic, salicylic acid",untuk basmi jerawat komedo minyak berlebih,,
minimalist granactive retinoid moisturizer pelembab wajah cream malam anti - aging hyaluronic acid untuk menyamarkan garis halus kerutan vitamin,minimalist,moisturizer pelembab wajah cream,"granactive retinoid, hyaluronic acid, vitamin","malam anti - aging, untuk menyamarkan garis halus kerutan",1,Skincare Anti-Aging dan Brightening
olay regenerist antiaging niacinamide serum,olay,serum,niacinamide,"antiaging, regenerist",1,Skincare Anti-Aging dan Brightening
olay cream perawatan wajah spf,olay,cream,,"perawatan wajah, spf",,
olay perawatan kulit normal,olay,,,perawatan kulit normal,2,Pembersih Wajah dan Perawatan Jerawat
guasha jade facial wajah kering,guasha jade,,,facial wajah kering,,
olay antiaging niacinamide cleanser day night cream,olay,"cleanser, cream",niacinamide,"antiaging, day night",3,"Pelembap, Retinol, dan Perlindungan Kulit"
lanore cleansing gel white antiaging serum,lanore,"cleansing gel, serum",,white antiaging,,
olay regenerist revitalising cleanser wajah,olay,cleanser wajah,,regenerist revitalising,3,"Pelembap, Retinol, dan Perlindungan Kulit"
acnemed facial wash oily skin cleanser membersihkan kulit wajah berminyak,acnemed,"cleanser, facial wash",,"membersihkan kulit, oily skin, wajah berminyak",1,Skincare Anti-Aging dan Brightening
olay regenerist revitalising hydration uv cream,olay,cream,,regenerist revitalising hydration uv,,
rosehip cold pressed,rosehip,,,cold pressed,1,Skincare Anti-Aging dan Brightening
olay pelembab anti - aging,olay,pelembab,,anti - aging,1,Skincare Anti-Aging dan Brightening
pixy beauty protecting mist,pixy,mist,,beauty protecting,,
olay regenerist retinol 24 night serum antiaging,olay,serum,retinol,"24 night, antiaging, regenerist",2,Pembersih Wajah dan Perawatan Jerawat
olay luminous niacinamide vitamin c serum wajah,olay,serum wajah,niacinamide vitamin c,luminous,1,Skincare Anti-Aging dan Brightening
parasol cooling mist sun spray spf 25 pa,parasol,mist sun spray,,"cooling, spf 25 pa",3,"Pelembap, Retinol, dan Perlindungan Kulit"
olay pencerah white radiance,olay,,,pencerah white radiance,3,"Pelembap, Retinol, dan Perlindungan Kulit"
olay day cream spf,olay,cream,,"day, spf",4,Hidrasi dan Perawatan Kulit Sensitif
melanox serum cream mencerahkan wajah,melanox,serum cream,,mencerahkan wajah,4,Hidrasi dan Perawatan Kulit Sensitif
lunamer foam facial wash cleanser anti jerawat sabun cuci wajah,lunamer,"foam facial wash cleanser, sabun cuci wajah",,anti jerawat,3,"Pelembap, Retinol, dan Perlindungan Kulit"
olay luminous intensive lotion,olay,lotion,,luminous intensive,4,Hidrasi dan Perawatan Kulit Sensitif
kaleido patch,kaleido,patch,,,3,"Pelembap, Retinol, dan Perlindungan Kulit"
olay regenerist pelembab pagi retinol serum moisturizer anti - aging,olay,"pelembab, serum moisturizer",retinol,"anti - aging, pagi, regenerist",,
olay anti - aging,olay,,,anti - aging,,
parasol sunscreen lotion spf 30 pa vitamin e aloe vera,parasol,sunscreen lotion,vitamin e aloe vera,spf 30 pa,,
lanore white anti - aging serum mencerahkan glutathione perawatan antiaging,lanore,serum,glutathione,"mencerahkan, perawatan antiaging, white anti - aging",4,Hidrasi dan Perawatan Kulit Sensitif
sabun spirulina facial soap wajah,,"facial soap wajah, sabun",spirulina,,5,Brightening dengan Bahan Aktif
olay antiaging niacinamide day cream,olay,cream,niacinamide,"antiaging, day",,
olay regenerist micro cream,olay,cream,,regenerist micro,,
olay foaming cleanser,olay,foaming cleanser,,,3,"Pelembap, Retinol, dan Perlindungan Kulit"
acnemed facial wash oily skin membersihkan wajah berminyak,acnemed,facial wash,,"membersihkan wajah berminyak, oily skin",,
melanox white serum mencerahkan wajah membantu menyamarkan flek hitam,melanox,serum,,"mencerahkan wajah membantu menyamarkan flek hitam, white",4,Hidrasi dan Perawatan Kulit Sensitif
ms glow jerawat serum membantu merawat kulit,ms glow,serum,,"jerawat, membantu merawat kulit",,
ms glow flawless gel pencerah pelembap,ms glow,gel,,"flawless, pencerah pelembap",5,Brightening dengan Bahan Aktif
jf cleanser sabun antibakteri untuk gatal kulit,jf,"cleanser, sabun",,antibakteri untuk gatal kulit,5,Brightening dengan Bahan Aktif
ms glow men facial wash cleanser wajah pria,ms glow men,facial wash cleanser,,wajah pria,3,"Pelembap, Retinol, dan Perlindungan Kulit"
ms glow jerawat toner,ms glow,toner,,jerawat,,
jf anti jerawat facial foam sabun cleanser wajah,jf,"facial foam, sabun cleanser wajah",,anti jerawat,2,Pembersih Wajah dan Perawatan Jerawat
parasol face sunscreen cream spf 33 tabir surya pelindung kulit dari sinar uv,parasol,"face sunscreen cream, tabir surya",33,"pelindung kulit dari sinar uv, spf",5,Brightening dengan Bahan Aktif
ms glow ultimate night cream malam untuk anti - aging,ms glow,cream,,"malam untuk anti - aging, ultimate night",5,Brightening dengan Bahan Aktif
ms glow facial wash sabun cleanser wajah,ms glow,facial wash sabun cleanser wajah,,,1,Skincare Anti-Aging dan Brightening
glycore cream menyamarkan kulit gelap flek hitam,glycore,cream,,menyamarkan kulit gelap flek hitam,5,Brightening dengan Bahan Aktif
cetaphil cleanser wajah tubuh,cetaphil,cleanser,,wajah tubuh,4,Hidrasi dan Perawatan Kulit Sensitif
derma xp uv protector cream spf 30 sunscreen oily and jerawat skin,derma xp,"cream, sunscreen",,"oily and jerawat skin, spf 30, uv protector",2,Pembersih Wajah dan Perawatan Jerawat
clean clear foaming face wash sabun cleanser wajah,clean clear,foaming face wash sabun cleanser wajah,,,5,Brightening dengan Bahan Aktif
topicare cleanser wajah tubuh kulit kering,topicare,cleanser wajah,,tubuh kulit kering,3,"Pelembap, Retinol, dan Perlindungan Kulit"
ms glow white serum,ms glow,serum,,white,5,Brightening dengan Bahan Aktif
sodermix cream merawat scar atau bekas luka,sodermix,cream,,merawat scar atau bekas luka,,
sabun papaya brightening face wash cleanser wajah,papaya,"face wash cleanser wajah, sabun",,brightening,1,Skincare Anti-Aging dan Brightening
derma cream pelembab kulit antioksidant,derma,cream,,pelembab kulit antioksidant,,
soft u derm intensive hydro cream pelembab kulit kering,soft u derm,cream,,"intensive hydro, pelembab kulit kering",5,Brightening dengan Bahan Aktif
atocalm daily cream pelembab kulit kering,atocalm,cream pelembab,,"daily, kulit kering",,
ms glow white day cream pagi untuk mencerahkan kulit,ms glow,cream,,"pagi untuk mencerahkan kulit, white day",3,"Pelembap, Retinol, dan Perlindungan Kulit"
jf jerawat protect care facial foam cleanser wajah kulit,jf,facial foam cleanser,,"jerawat protect care, wajah kulit",3,"Pelembap, Retinol, dan Perlindungan Kulit"
seger co ultimate brightening facial wash wajah cleanser sulfate niacinamide vitamin e membersihkan kotoran tanpa menyebabkan iritasi kulit kering sekaligus melembabkan mencerahkan,seger co,"cleanser, facial wash",sulfate niacinamide vitamin e,"membersihkan kotoran tanpa menyebabkan iritasi kulit kering sekaligus melembabkan mencerahkan, ultimate brightening, wajah",2,Pembersih Wajah dan Perawatan Jerawat
seger snow lightening cream perawatan wajah mencerahkan pelembab kulit niacinamide vitamin b3 melembutkan meningkatkan elastisitas menyamarkan noda hitam moisturizer,seger snow,"cream, moisturizer, pelembab",niacinamide vitamin b3,"kulit, lightening, melembutkan meningkatkan elastisitas menyamarkan noda hitam, perawatan wajah mencerahkan",5,Brightening dengan Bahan Aktif
seger snow lightening cream perawatan dewasa anak menjaga kelembaban kulit wajah badan,seger snow,cream,,"lightening, perawatan dewasa anak menjaga kelembaban kulit wajah badan",,
seger snow moisturizer cream pelembab wajah,seger snow,moisturizer cream,,pelembab wajah,5,Brightening dengan Bahan Aktif
seger snow ultimate anti - aging night cream anti penuaan dini melembabkan membantu menyamarkan noda hitam pelembab wajah pencerah moisturizer,seger snow,"cream, moisturizer, pelembab wajah",,"anti penuaan dini melembabkan membantu menyamarkan noda hitam, pencerah, ultimate anti - aging night",2,Pembersih Wajah dan Perawatan Jerawat
seger snow lightening cream perawatan wajah pencerah pelembab melembabkan mencerahkan kulit hitam,seger snow,"cream, pelembab",,"lightening, melembabkan mencerahkan kulit hitam, perawatan wajah pencerah",5,Brightening dengan Bahan Aktif
seger co pelembab wajah ultimate lightening serum cream niacinamide,seger co,"pelembab wajah, serum cream",niacinamide,ultimate lightening,,
seger snow cream moisturizer pelembab pencerah wajah,seger snow,"cream, moisturizer",,pelembab pencerah wajah,2,Pembersih Wajah dan Perawatan Jerawat
seger snow sunscreen cream spf 30 pa perawatan wajah tabir surya facial melindungi dari paparan sinar matahari mencerahkan mencegah noda hitam,seger snow,"sunscreen cream, tabir surya",,"facial melindungi dari paparan sinar matahari mencerahkan mencegah noda hitam, perawatan wajah, spf 30 pa",2,Pembersih Wajah dan Perawatan Jerawat
seger snow ultimate anti - aging night cream anti penuaan dini melembabkan membantu menyamarkan noda hitam perawatan pencerah pelembab moisturizer,seger snow,"cream, pelembab moisturizer",,"anti penuaan dini melembabkan membantu menyamarkan noda hitam perawatan pencerah, ultimate anti - aging night",2,Pembersih Wajah dan Perawatan Jerawat
seger snow vanishing cream pelembab pencerah wajah mencerahkan,seger snow,cream pelembab,,"pencerah wajah mencerahkan, vanishing",3,"Pelembap, Retinol, dan Perlindungan Kulit"
seger snow ultimate lightening anti - aging cream moisturizer vitamin b3 perawatan wajah mencegah penuaan dini menghidrasi mencerahkan kulit pelembab pencerah menghilangkan noda hitam,seger snow,"cream moisturizer, pelembab",vitamin b3,"pencerah menghilangkan noda hitam, perawatan wajah mencegah penuaan dini menghidrasi mencerahkan kulit, ultimate lightening anti - aging",3,"Pelembap, Retinol, dan Perlindungan Kulit"
seger snow moisturizer cream perawatan wajah pelembab melembutkan mencerahkan melembabkan kulit,seger snow,moisturizer cream,,perawatan wajah pelembab melembutkan mencerahkan melembabkan kulit,2,Pembersih Wajah dan Perawatan Jerawat
seger snow lightening cream untuk wajah lebih mencerahkan menjaga kelembaban kulit meratakan warna pelembab pencerah moisturizer perawatan hitam,seger snow,"cream, moisturizer",,"lightening, perawatan hitam, untuk wajah lebih mencerahkan menjaga kelembaban kulit meratakan warna pelembab pencerah",,
seger co ultimate brightening oil control facial wash cleansing wajah bersih mencerahkan bebas minyak jerawat tanpa cekit kotoran angkat cleanser,seger co,facial wash,,"cleansing wajah bersih mencerahkan bebas minyak jerawat tanpa cekit kotoran angkat cleanser, ultimate brightening oil control",2,Pembersih Wajah dan Perawatan Jerawat
1 seger snow lightening cream membantu mencerahkan wajah niacinamide pencerah pelembab moisturizer vitamin,1 seger snow,"cream, pelembab moisturizer","niacinamide, vitamin","lightening, membantu mencerahkan wajah, pencerah",5,Brightening dengan Bahan Aktif
seger snow ultimate lightening cream niacinamide vitamin e melembutkan menutrisi kulit melembabkan wajah pelembab mencerahkan wanita,seger snow,"cream, pelembab",niacinamide vitamin e,"melembutkan menutrisi kulit melembabkan wajah, mencerahkan wanita, ultimate lightening",5,Brightening dengan Bahan Aktif
seger co ultimate brightening cleansing oil control facial wash cleanser pelembab wajah tanpa cekit sulfate kulit bersih iritasi perawatan pencerah,seger co,facial wash cleanser,sulfate,"iritasi, kulit bersih, pelembab wajah tanpa cekit, perawatan pencerah, ultimate brightening cleansing oil control",,
seger snow glowing elsa wajah moisturizer lightening cream niacinamide membersihkan melembabkan kulit kering kusam gelap meratakan warna melembutkan mencerahkan hitam,"elsa, seger snow","cream, moisturizer",niacinamide,"glowing, lightening, membersihkan melembabkan kulit kering kusam gelap meratakan warna melembutkan mencerahkan hitam, wajah",4,Hidrasi dan Perawatan Kulit Sensitif
seger co cleansing oil control facial wash cleanser membersihkan kotoran mengurangi kelebihan minyak melembutkan mencerahkan untuk kulit berminyak,seger co,facial wash cleanser,,"cleansing oil control, melembutkan mencerahkan untuk kulit berminyak, membersihkan kotoran mengurangi kelebihan minyak",,
seger snow lightening cream sunscreen spf30 melindungi menjaga kelembaban kulit dari paparan sinar matahari,seger snow,"cream, sunscreen",,"lightening, spf30 melindungi menjaga kelembaban kulit dari paparan sinar matahari",4,Hidrasi dan Perawatan Kulit Sensitif
seger co ultimate brightening facial wash sulfate cleanser ph mencerahkan membersihkan wajah,seger co,"cleanser, facial wash","ph, sulfate","mencerahkan membersihkan wajah, ultimate brightening",2,Pembersih Wajah dan Perawatan Jerawat
seger snow cream glyserin lotion perawatan kulit dewasa bayi anak,seger snow,"cream, lotion",glyserin,perawatan kulit dewasa bayi anak,3,"Pelembap, Retinol, dan Perlindungan Kulit"
seger snow ultimate moisturizing serum wajah membantu meningkatkan kelembaban kulit menyamarkan bintik hitam lebih sehat bercahaya perawatan kering,seger snow,serum wajah,,"membantu meningkatkan kelembaban kulit menyamarkan bintik hitam lebih sehat bercahaya perawatan kering, ultimate moisturizing",1,Skincare Anti-Aging dan Brightening
skintific niacinamide brightening cleanser facial wash sabun cuci wajah,skintific,cleanser facial wash sabun cuci wajah,niacinamide,brightening,1,Skincare Anti-Aging dan Brightening
skintific massager lifting eye cream mata anti - aging,skintific,cream,,"massager lifting eye, mata anti - aging",,
viva white cream mencerahkan flek hitam bekas jerawat,viva,cream,,"mencerahkan flek hitam bekas jerawat, white",2,Pembersih Wajah dan Perawatan Jerawat
dew it sunscreen mist sunblock perawatan badan,dew it,"sunblock, sunscreen mist",,perawatan badan,,
facetology triple care lip protector sunscreen spf 40 pa,facetology,sunscreen,,"spf 40 pa, triple care lip protector",,
cleora beauty natural exfoliating gel peeling scrub wajah jerawat cleanser kulit mati,cleora beauty,"cleanser, gel peeling scrub wajah",,"jerawat, kulit mati, natural exfoliating",,
citra aloe bright uv,citra,,aloe,bright uv,5,Brightening dengan Bahan Aktif
cleora hydro boost cleansing gel face wash brightening niacinamide mencerahkan memperbaiki skin barrier wanita pria sabun cuci wajah ceramide facial membersihkan kotoran cleanser hydrating,cleora,"cleanser, gel face wash, sabun cuci wajah","ceramide, niacinamide","brightening, facial membersihkan kotoran, hydrating, hydro boost cleansing, mencerahkan memperbaiki skin barrier, wanita pria",,
fair lovely bright glow facial foam,fair lovely,facial foam,,"bright, glow",5,Brightening dengan Bahan Aktif
cleora pore glow exfoliating toner centella asiatica aha 3 bha pha menyamarkan pori mencerahkan menghaluskan kulit mengurangi komedo jerawat acid wajah berminyak glycolic,cleora,toner,"acid, centella asiatica aha 3 bha pha, glycolic","menyamarkan pori mencerahkan menghaluskan kulit mengurangi komedo jerawat, pore glow exfoliating, wajah berminyak",2,Pembersih Wajah dan Perawatan Jerawat
la roche posay uvmune oil control gel cream sunscreen,la roche posay,gel cream sunscreen,,uvmune oil control,,
clean clear oil control face paper minyak wajah,clean clear,face paper,,"minyak wajah, oil control",,
safi ultimate bright night essential cleanser toner cream,safi,"cleanser toner cream, essential",,ultimate bright night,1,Skincare Anti-Aging dan Brightening
cetaphil cleanser moisturizing lotion,cetaphil,"cleanser, lotion",,moisturizing,2,Pembersih Wajah dan Perawatan Jerawat
cetaphil daily exfoliating cleanser,cetaphil,cleanser,,daily exfoliating,,
safi age defy advanced retinoid intense renewal moisturizer cream wajah anti - aging kulit lembap kenyal retinol,safi,moisturizer cream,"retinoid, retinol","age defy advanced, intense renewal, wajah anti - aging kulit lembap kenyal",2,Pembersih Wajah dan Perawatan Jerawat
golden viera soap sabun multifungsi mengatasi jerawat wajah punggung,golden viera,soap sabun,,multifungsi mengatasi jerawat wajah punggung,5,Brightening dengan Bahan Aktif
golden viera soap sabun multifungsi mengatasi jerawat wajah punggung,golden viera,soap sabun,,multifungsi mengatasi jerawat wajah punggung,,
bright day cleanser safi ultimate purifying makeup remover,safi,cleanser,,"bright day, ultimate purifying makeup remover",,
la roche posay foaming gel cleanser sabun wajah,la roche posay,"cleanser sabun wajah, foaming gel",,,3,"Pelembap, Retinol, dan Perlindungan Kulit"
npure face toner wash centella asiatica cica,npure,face toner wash,centella asiatica cica,,1,Skincare Anti-Aging dan Brightening
mustela soothing cleansing gel sabun mandi bayi kulit sensitif,mustela,gel sabun mandi,,"bayi kulit sensitif, soothing cleansing",3,"Pelembap, Retinol, dan Perlindungan Kulit"
serum moisturizer cleanser sunscreen,,"serum moisturizer cleanser, sunscreen",,,2,Pembersih Wajah dan Perawatan Jerawat
la roche posay hyalu anti - aging serum skin sensitive,la roche posay,serum,hyalu,"anti - aging, skin sensitive",1,Skincare Anti-Aging dan Brightening
trueve moisturizer gel pelembab wajah pagi malam memperbaiki skin barrier rusak iritasi cocok untuk semua jenis kulit ceramide,trueve,moisturizer gel pelembab wajah,ceramide,pagi malam memperbaiki skin barrier rusak iritasi cocok untuk semua jenis kulit,5,Brightening dengan Bahan Aktif
la roche posay vitamin c serum,la roche posay,serum,vitamin c,,4,Hidrasi dan Perawatan Kulit Sensitif
viva peeling cream,viva,cream,,peeling,1,Skincare Anti-Aging dan Brightening
lumecolors compact powder pore blurring effect oil control,lumecolors,compact powder,,pore blurring effect oil control,,
viva cleanser wajah milk spirulina,viva,cleanser wajah,milk spirulina,,1,Skincare Anti-Aging dan Brightening
viva vitamin c collagen serum,viva,serum,vitamin c collagen,,,
skintific panthenol jerawat calming water gel pelembab wajah,skintific,water gel pelembab wajah,panthenol,jerawat calming,1,Skincare Anti-Aging dan Brightening
bromen ceramide moisturizer pelembab wajah pria perawatan mencerahkan,bromen,moisturizer pelembab,ceramide,wajah pria perawatan mencerahkan,5,Brightening dengan Bahan Aktif
biore men scrub cool oil clear,biore men,scrub,,cool oil clear,4,Hidrasi dan Perawatan Kulit Sensitif
sariayu refreshing toner,sariayu,toner,,refreshing,2,Pembersih Wajah dan Perawatan Jerawat
cetaphil cleanser,cetaphil,cleanser,,,4,Hidrasi dan Perawatan Kulit Sensitif
sunscreen facetology triple care hybrid,,"facetology, sunscreen",,triple care hybrid,5,Brightening dengan Bahan Aktif
focalskin moisturizer lasting hydration cream calming soothing repair barrier panthenol ceramides hyaluronic acid hydrating perawatan wajah glowing vitamin menyegarkan menenangkan kemerahan melembabkan,focalskin,"cream, moisturizer","panthenol ceramides hyaluronic acid, vitamin","calming soothing repair barrier, hydrating perawatan wajah glowing, lasting hydration, menyegarkan menenangkan kemerahan melembabkan",5,Brightening dengan Bahan Aktif
anua hyaluronic acid hydrating foaming cleanser,anua,foaming cleanser,hyaluronic acid,hydrating,,
serum pelembap safi age defy advanced retinoid youthful renewal ampoule intense moisturizer wajah glowing cream anti - aging retinol,safi,"cream, moisturizer, serum pelembap","retinoid, retinol","age defy advanced, anti - aging, wajah glowing, youthful renewal ampoule intense",,
cetaphil cleanser niacinamide glycerin panthenol sabun wajah untuk segala jenis kulit,cetaphil,"cleanser, sabun wajah",niacinamide glycerin panthenol,untuk segala jenis kulit,5,Brightening dengan Bahan Aktif
glow safi age defy youth essence day cream,safi,"cream, essence",,"age defy youth, day, glow",5,Brightening dengan Bahan Aktif
npure licorice light up brightening pad,npure,pad,licorice,light up brightening,4,Hidrasi dan Perawatan Kulit Sensitif
anua cleansing oil quercetinol foam clear,anua,foam,quercetinol,"cleansing oil, clear",5,Brightening dengan Bahan Aktif
safi glow cleanser,safi,cleanser,,glow,,
anua moisturizing finish sunscreen,anua,sunscreen,,moisturizing finish,2,Pembersih Wajah dan Perawatan Jerawat
anua calm bright skin cleansing oil soothing toner serum,anua,"serum, toner",,calm bright skin cleansing oil soothing,1,Skincare Anti-Aging dan Brightening
guasha oleca gel,guasha oleca,gel,,,5,Brightening dengan Bahan Aktif
golden viera soap sabun multifungsi mengatasi jerawat wajah punggung,golden viera,soap sabun,,multifungsi mengatasi jerawat wajah punggung,,
npure centella asiatica jerawat clear barrier moisturizer,npure,moisturizer,centella asiatica,jerawat clear barrier,1,Skincare Anti-Aging dan Brightening
cetaphil cleanser moisturizing lotion,cetaphil,"cleanser, lotion",,moisturizing,,
scora soothe micellar cleansing water low ph cleanser,scora,"cleanser, micellar",,"cleansing water low ph, soothe",,
npure face toner centella asiatica cica,npure,face toner,centella asiatica cica,,4,Hidrasi dan Perawatan Kulit Sensitif
brighty glow it up body serum exfoliating toner mengurangi noda hitam pencerah kulit melembabkan memperkuat skin barier white menyamarkan penghilang,brighty,"body serum, toner",,"exfoliating, glow it up, mengurangi noda hitam pencerah kulit melembabkan memperkuat skin barier white menyamarkan penghilang",5,Brightening dengan Bahan Aktif
brighty glow it up body serum glowing underarm mengurangi noda hitam pencerah kulit melembabkan memperkuat skin barier white menyamarkan penghilang,brighty,body serum,,"glow it up, glowing underarm mengurangi noda hitam pencerah kulit melembabkan memperkuat skin barier white menyamarkan penghilang",4,Hidrasi dan Perawatan Kulit Sensitif
brighty aha bha pha lha peeling solution glow bright soap sabun mandi white badan pencerah kulit exfoliating serum cleanser komedo bekas jerawat,brighty,"serum cleanser, soap sabun mandi",aha bha pha lha,"komedo bekas jerawat, peeling solution glow bright, white badan pencerah kulit exfoliating",1,Skincare Anti-Aging dan Brightening
biokos anti wrinkle overnight treatment,biokos,,,anti wrinkle overnight treatment,2,Pembersih Wajah dan Perawatan Jerawat
viva anti wrinkle cream,viva,cream,,anti wrinkle,,
cleora natural exfoliating gel perawatan wajah kusam melembutkan perontok bersihkan memudarkan komedo hitam facial scrub,cleora,"facial scrub, gel",,"memudarkan komedo hitam, natural exfoliating, perawatan wajah kusam melembutkan perontok bersihkan",5,Brightening dengan Bahan Aktif
duvaderm elderberry mild cleanser toner hyaluronic calming serum moisturizer face mist,duvaderm,"cleanser, face mist, serum moisturizer, toner","elderberry, hyaluronic","calming, mild",5,Brightening dengan Bahan Aktif
brighty glow it up body serum bright soap,brighty,"body serum, soap",,"bright, glow it up",5,Brightening dengan Bahan Aktif
utama balancing face serum,utama,face serum,,balancing,2,Pembersih Wajah dan Perawatan Jerawat
cetaphil daily facial cleanser sabun cuci wajah untuk kulit berminyak sensitif gel foaming,cetaphil,"cleanser sabun cuci wajah, gel foaming",,"daily facial, untuk kulit berminyak sensitif",2,Pembersih Wajah dan Perawatan Jerawat
facetology non comedogenic triple care sunscreen spf 40 pa,facetology,sunscreen,,"non comedogenic, spf 40 pa, triple care",,
dew it face sun mist sunscreen spray kolagen spf 50 pa wajah waterproof sunblock,dew it,"face sun mist, sunblock, sunscreen spray",kolagen,spf 50 pa wajah waterproof,,
anua heartleaf moisturizer sun cream,anua,moisturizer sun cream,heartleaf,,4,Hidrasi dan Perawatan Kulit Sensitif
anua hyaluronic acid moisturizing gel cleanser,anua,gel cleanser,hyaluronic acid,moisturizing,3,"Pelembap, Retinol, dan Perlindungan Kulit"
cetaphil brightness reveal creamy cleanser,cetaphil,creamy cleanser,,brightness reveal,4,Hidrasi dan Perawatan Kulit Sensitif
cetaphil cleanser sabun cuci wajah,cetaphil,cleanser sabun cuci wajah,,,3,"Pelembap, Retinol, dan Perlindungan Kulit"
duvaderm clarifying serum untuk kulit berminyak wajah jerawat oily,duvaderm,serum,,"clarifying, untuk kulit berminyak, wajah jerawat oily",,
npure licorice toner,npure,toner,licorice,,4,Hidrasi dan Perawatan Kulit Sensitif
elsheskin purifying hydra toner facial treatment essence perawatan wajah pelembab centella hyaluronic acid ceramide calming hydrating,elsheskin,"essence, pelembab, toner",centella hyaluronic acid ceramide,"calming hydrating, facial treatment, perawatan wajah, purifying hydra",4,Hidrasi dan Perawatan Kulit Sensitif
safi age defy cream cleanser wajah anti - aging,safi,cream cleanser,,"age defy, wajah anti - aging",,
npure cica jerawat face toner,npure,face toner,cica,jerawat,3,"Pelembap, Retinol, dan Perlindungan Kulit"
mustela hydrabebe facial cream wajah,mustela,facial cream wajah,hydrabebe,,,
brighty aha white concentrate booster serum glowing moisturizing body bright kojic,brighty,serum,"aha, kojic","glowing moisturizing body bright, white concentrate booster",,
brighty aha white concentrate booster serum,brighty,serum,aha,white concentrate booster,,
anua birch moisturizer boosting serum,anua,"moisturizer, serum",birch,boosting,,
cetaphil daily facial moisturizer cleanser,cetaphil,"cleanser, moisturizer",,daily facial,,
viva white soothing aloe gel,viva,gel,aloe,white soothing,,
ms glow facial wash sabun wajah cleanser jerawat bright anti - aging,ms glow,facial wash sabun wajah cleanser,,jerawat bright anti - aging,4,Hidrasi dan Perawatan Kulit Sensitif
viva white advanced face serum,viva,serum,,white advanced face,1,Skincare Anti-Aging dan Brightening
yessica glowing cream wajah goat milk moisturizer pelembab,yessica,"cream wajah, moisturizer, pelembab",goat milk,glowing,1,Skincare Anti-Aging dan Brightening
the originote hyalucera moisturizer gel hyaluronic acid ceramide menyembuhkan wajah,the originote,moisturizer gel,"hyalucera, hyaluronic acid ceramide",menyembuhkan wajah,2,Pembersih Wajah dan Perawatan Jerawat
viva cleanser wajah air mawar,viva,cleanser wajah,air mawar,,,
gatsby face wash oil clear solution clean charcoal,gatsby,face wash,charcoal,oil clear solution clean,,
glycore cream,glycore,cream,,,,
tree organic aloe vera mist rose,tree organic,mist,"aloe vera, rose",,,
cleora glow exfoliating toner hydrating moisturizer gel centella asiatica aha bha pha hyaluronic acid mencerahkan menghaluskan melembabkan membersihkan wajah kulit berminyak kering jerawat,cleora,"moisturizer gel, toner",centella asiatica aha bha pha hyaluronic acid,"glow exfoliating, hydrating, mencerahkan menghaluskan melembabkan membersihkan wajah kulit berminyak kering jerawat",2,Pembersih Wajah dan Perawatan Jerawat
ms glow pore away spot treatment pengecil pori,ms glow,,,pore away spot treatment pengecil pori,,
npure sunscreen cica sun glow matte spf 50 pa sunblock,npure,"sunblock, sunscreen",cica,sun glow matte spf 50 pa,,
elformula intensive peeling solution serum dark spot exfoliating wajah,elformula,intensive peeling solution serum,,dark spot exfoliating wajah,,
cicaplast,,,cicaplast,,,
ms glow men,ms glow men,,,,,
la roche posay anti jerawat darkspot,la roche posay,,,anti jerawat darkspot,,
biore pore pack plester cleanser komedo wajah wanita,biore,pore pack plester cleanser,,komedo wajah wanita,,
anua bright and glow skin cleansing oil rice toner,anua,toner,oil rice,bright and glow skin cleansing,,
cetaphil cleanser moisturizing lotion,cetaphil,"cleanser, lotion",,moisturizing,,
anua hyaluronic acid capsule serum,anua,"capsule, serum",hyaluronic acid,,,
safi age defy essence,safi,essence,,age defy,,
anua heartleaf quercetinol pore deep cleansing foam,anua,foam,heartleaf quercetinol,pore deep cleansing,,
la roche posay cicaplast lotion toner wajah kulit kering,la roche posay,lotion toner,cicaplast,wajah kulit kering,,
anua rice milky toner,anua,toner,rice milky,,,
camellia body mist,camellia,body mist,,,,
npure gel cleanser,npure,gel cleanser,,,,
la roche posay cleanser peeling face wash anti noda hitam,la roche posay,"cleanser, face wash",,"anti noda hitam, peeling",,
